farmer_id,cow,event,start,end
F0001,2,sickness,2026-03-03,2026-03-23
F0001,2,calving,2026-06-05,
F0001,2,sickness,2026-06-23,2026-07-06
F0001,2,sickness,2026-07-08,2026-07-15
F0001,1,calving,2026-07-10,
F0002,2,sickness,2026-02-06,2026-02-16
F0002,1,sickness,2026-04-19,2026-05-09
F0002,2,calving,2026-05-25,
F0002,1,calving,2026-07-20,
F0002,1,sickness,2026-09-27,2026-10-03
F0003,4,calving,2025-10-30,
F0003,3,sickness,2025-11-15,2025-11-26
F0003,1,sickness,2025-12-03,2025-12-09
F0003,2,sickness,2025-12-04,2025-12-16
F0003,2,sickness,2026-01-05,2026-01-15
F0003,2,sickness,2026-01-19,2026-01-28
F0003,3,sickness,2026-01-22,2026-01-29
F0003,2,calving,2026-02-14,
F0003,2,sickness,2026-03-12,2026-03-28
F0003,1,calving,2026-07-25,
F0003,4,sickness,2026-08-09,2026-08-18
F0003,4,sickness,2026-09-24,2026-09-30
F0004,1,sickness,2025-10-07,2025-10-25
F0004,1,sickness,2026-06-29,2026-07-15
F0004,1,sickness,2026-08-03,2026-08-19
F0004,1,calving,2026-09-03,
F0005,2,sickness,2025-10-25,2025-11-02
F0005,1,sickness,2025-11-10,2025-11-22
F0005,3,sickness,2025-12-18,2026-01-05
F0005,2,sickness,2026-03-25,2026-04-05
F0005,2,sickness,2026-04-21,2026-05-10
F0005,1,sickness,2026-04-22,2026-05-02
F0005,2,calving,2026-05-03,
F0005,2,sickness,2026-05-14,2026-05-23
F0005,2,sickness,2026-06-14,2026-06-20
F0005,3,calving,2026-07-17,
F0005,1,sickness,2026-07-23,2026-08-09
F0005,1,calving,2026-09-03,
F0005,2,sickness,2026-09-11,2026-09-27
F0006,1,calving,2025-11-06,
F0006,1,sickness,2026-02-17,2026-03-01
F0006,1,sickness,2026-05-12,2026-06-01
F0006,1,sickness,2026-06-19,2026-06-28
F0007,1,sickness,2025-11-26,2025-12-02
F0007,1,sickness,2025-12-08,2025-12-20
F0007,1,calving,2026-01-08,
F0007,1,sickness,2026-05-23,2026-05-29
F0008,1,sickness,2025-12-08,2025-12-23
F0008,1,sickness,2025-12-26,2026-01-08
F0009,1,calving,2025-11-27,
F0009,2,calving,2026-05-25,
F0009,1,sickness,2026-07-16,2026-07-30
F0010,1,calving,2025-10-26,
F0010,1,sickness,2026-02-05,2026-02-13
F0010,1,sickness,2026-04-28,2026-05-18
F0011,2,sickness,2025-12-15,2025-12-26
F0011,3,calving,2026-01-12,
F0011,1,sickness,2026-01-31,2026-02-15
F0011,3,sickness,2026-02-11,2026-02-26
F0011,2,calving,2026-03-13,
F0011,1,sickness,2026-03-25,2026-04-10
F0011,1,calving,2026-04-22,
F0011,1,sickness,2026-07-04,2026-07-21
F0011,2,sickness,2026-07-15,2026-07-21
F0011,1,sickness,2026-09-05,2026-09-17
F0012,1,calving,2025-10-22,
F0012,1,sickness,2025-12-17,2025-12-27
F0012,2,sickness,2026-02-03,2026-02-12
F0012,2,sickness,2026-03-12,2026-03-22
F0012,2,sickness,2026-06-21,2026-07-08
F0012,2,sickness,2026-08-09,2026-08-28
F0013,1,calving,2025-12-19,
F0013,1,sickness,2026-08-17,2026-09-01
F0014,2,sickness,2025-11-19,2025-11-26
F0014,2,sickness,2025-12-08,2025-12-25
F0014,1,calving,2026-01-28,
F0014,2,sickness,2026-03-06,2026-03-26
F0014,2,calving,2026-04-05,
F0015,1,sickness,2026-01-11,2026-01-22
F0015,1,calving,2026-01-13,
F0015,2,calving,2026-02-20,
F0015,1,sickness,2026-06-05,2026-06-17
F0015,1,sickness,2026-06-28,2026-07-13
F0015,1,sickness,2026-07-18,2026-07-30
F0016,1,sickness,2025-10-22,2025-11-01
F0016,1,calving,2026-07-20,
F0016,1,sickness,2026-09-14,2026-09-25
F0017,3,calving,2025-09-17,
F0017,1,sickness,2025-10-20,2025-11-02
F0017,2,calving,2025-12-26,
F0017,4,calving,2026-01-05,
F0017,4,sickness,2026-05-30,2026-06-10
F0017,4,sickness,2026-06-15,2026-06-28
F0017,1,sickness,2026-07-01,2026-07-20
F0017,1,calving,2026-07-13,
F0017,2,sickness,2026-07-13,2026-07-24
F0017,4,sickness,2026-09-20,2026-09-27
F0018,1,calving,2025-12-21,
F0018,1,sickness,2025-12-25,2025-12-31
F0018,2,calving,2026-07-04,
F0018,2,sickness,2026-08-07,2026-08-26
F0018,2,sickness,2026-09-01,2026-09-13
F0019,1,calving,2025-11-01,
F0019,1,sickness,2025-11-16,2025-12-01
F0019,1,sickness,2026-02-15,2026-02-25
F0019,1,sickness,2026-03-29,2026-04-05
F0019,1,sickness,2026-05-17,2026-06-04
F0019,1,sickness,2026-09-14,2026-09-24
F0020,1,sickness,2025-12-05,2025-12-17
F0020,3,sickness,2025-12-12,2025-12-31
F0020,2,calving,2026-02-11,
F0020,2,sickness,2026-03-09,2026-03-18
F0020,1,calving,2026-03-25,
F0020,1,sickness,2026-04-23,2026-05-03
F0020,3,sickness,2026-05-25,2026-06-11
F0020,2,sickness,2026-05-28,2026-06-12
F0020,1,sickness,2026-09-27,2026-10-03
F0021,1,sickness,2025-12-06,2025-12-20
F0022,2,calving,2025-11-01,
F0022,2,sickness,2025-11-26,2025-12-05
F0022,1,calving,2026-07-22,
F0022,2,sickness,2026-09-06,2026-09-22
F0022,2,calving,2026-09-19,
F0023,3,sickness,2025-11-06,2025-11-25
F0023,4,sickness,2025-11-08,2025-11-14
F0023,2,sickness,2025-11-11,2025-11-17
F0023,3,calving,2026-02-21,
F0023,4,calving,2026-04-06,
F0023,2,sickness,2026-05-06,2026-05-25
F0023,3,sickness,2026-06-27,2026-07-06
F0023,4,sickness,2026-07-01,2026-07-17
F0023,1,sickness,2026-07-09,2026-07-15
F0023,1,calving,2026-07-30,
F0023,1,sickness,2026-08-30,2026-09-16
F0024,2,calving,2025-10-09,
F0024,1,calving,2025-10-22,
F0024,1,sickness,2025-11-27,2025-12-10
F0024,2,sickness,2026-01-11,2026-01-24
F0024,1,sickness,2026-02-20,2026-03-08
F0024,2,sickness,2026-03-27,2026-04-12
F0024,2,sickness,2026-04-26,2026-05-06
F0024,1,sickness,2026-05-28,2026-06-05
F0025,2,sickness,2025-10-12,2025-10-24
F0025,2,calving,2025-12-01,
F0025,3,calving,2025-12-09,
F0025,3,sickness,2026-02-28,2026-03-13
F0025,3,sickness,2026-04-05,2026-04-14
F0025,2,sickness,2026-06-18,2026-07-08
F0025,1,sickness,2026-06-19,2026-07-08
F0025,3,sickness,2026-06-30,2026-07-08
F0026,1,calving,2026-01-28,
F0026,1,sickness,2026-04-22,2026-04-30
F0026,1,sickness,2026-06-17,2026-06-30
F0027,2,sickness,2025-10-31,2025-11-19
F0027,2,calving,2025-11-17,
F0027,3,sickness,2025-11-25,2025-12-09
F0027,2,sickness,2026-02-19,2026-03-08
F0027,2,sickness,2026-03-29,2026-04-10
F0027,3,sickness,2026-04-01,2026-04-13
F0027,1,calving,2026-05-29,
F0027,1,sickness,2026-06-25,2026-07-05
F0027,2,sickness,2026-07-18,2026-07-31
F0027,3,calving,2026-07-19,
F0028,1,calving,2025-11-02,
F0028,1,sickness,2026-06-04,2026-06-11
F0029,1,calving,2025-12-14,
F0029,1,sickness,2026-05-06,2026-05-23
F0029,1,sickness,2026-10-03,2026-10-03
F0029,1,calving,2026-10-03,
F0030,1,calving,2026-04-03,
F0030,1,sickness,2026-06-22,2026-07-02
F0030,1,sickness,2026-09-26,2026-10-03
F0031,1,calving,2025-10-13,
F0031,1,sickness,2025-12-27,2026-01-04
F0032,3,calving,2025-11-20,
F0032,4,sickness,2026-01-27,2026-02-15
F0032,1,calving,2026-02-15,
F0032,3,sickness,2026-04-02,2026-04-17
F0032,1,sickness,2026-04-28,2026-05-06
F0032,2,calving,2026-05-04,
F0032,2,sickness,2026-05-18,2026-06-06
F0034,2,sickness,2025-09-23,2025-10-05
F0034,3,calving,2025-12-30,
F0034,2,sickness,2026-03-27,2026-04-02
F0034,2,calving,2026-04-06,
F0034,1,calving,2026-04-08,
F0034,3,sickness,2026-04-12,2026-04-27
F0034,2,sickness,2026-06-01,2026-06-13
F0034,2,sickness,2026-07-30,2026-08-05
F0034,3,sickness,2026-08-22,2026-09-05
F0035,2,calving,2025-12-16,
F0035,3,sickness,2025-12-16,2025-12-23
F0035,3,calving,2026-01-06,
F0035,2,sickness,2026-02-12,2026-02-28
F0035,3,sickness,2026-03-13,2026-03-23
F0035,1,sickness,2026-04-24,2026-05-03
F0035,1,calving,2026-06-17,
F0035,3,sickness,2026-09-04,2026-09-12
F0036,1,calving,2026-07-16,
F0037,1,sickness,2025-10-02,2025-10-10
F0037,1,sickness,2026-01-16,2026-02-04
F0037,1,calving,2026-05-21,
F0038,4,sickness,2025-11-01,2025-11-12
F0038,3,sickness,2025-11-06,2025-11-24
F0038,1,sickness,2025-11-25,2025-12-01
F0038,1,sickness,2026-01-05,2026-01-13
F0038,2,sickness,2026-01-10,2026-01-25
F0038,3,calving,2026-01-19,
F0038,1,sickness,2026-03-18,2026-03-31
F0038,1,calving,2026-04-20,
F0038,1,sickness,2026-05-03,2026-05-10
F0038,4,sickness,2026-07-07,2026-07-14
F0038,4,calving,2026-08-10,
F0038,2,calving,2026-09-25,
F0039,1,sickness,2026-01-17,2026-02-02
F0039,1,calving,2026-06-09,
F0039,1,sickness,2026-06-13,2026-06-19
F0039,1,sickness,2026-09-13,2026-09-20
F0040,1,calving,2025-10-15,
F0040,1,sickness,2026-01-08,2026-01-20
F0040,2,sickness,2026-07-12,2026-07-19
F0040,2,sickness,2026-07-26,2026-08-10
F0040,2,calving,2026-07-28,
F0041,1,sickness,2025-09-22,2025-10-03
F0041,5,calving,2025-12-09,
F0041,4,sickness,2025-12-21,2026-01-05
F0041,3,calving,2026-01-24,
F0041,4,sickness,2026-01-26,2026-02-01
F0041,3,sickness,2026-03-08,2026-03-25
F0041,3,sickness,2026-06-03,2026-06-17
F0041,4,calving,2026-07-18,
F0041,2,sickness,2026-07-22,2026-08-02
F0041,2,calving,2026-07-30,
F0042,2,sickness,2025-10-28,2025-11-07
F0042,2,calving,2026-02-19,
F0042,2,sickness,2026-03-05,2026-03-22
F0042,1,sickness,2026-03-16,2026-03-22
F0042,1,calving,2026-04-05,
F0042,2,sickness,2026-08-25,2026-09-14
F0043,1,sickness,2025-11-23,2025-12-08
F0044,2,sickness,2025-09-30,2025-10-17
F0044,1,sickness,2025-11-10,2025-11-18
F0044,5,calving,2026-01-10,
F0044,4,calving,2026-04-02,
F0044,4,sickness,2026-04-03,2026-04-16
F0044,2,sickness,2026-05-05,2026-05-25
F0044,4,sickness,2026-06-08,2026-06-28
F0044,1,sickness,2026-06-15,2026-06-22
F0044,1,calving,2026-08-02,
F0044,2,calving,2026-09-04,
F0044,2,sickness,2026-09-08,2026-09-22
F0044,3,sickness,2026-09-08,2026-09-26
F0045,1,calving,2025-10-25,
F0045,1,sickness,2026-02-12,2026-02-28
F0045,1,sickness,2026-03-20,2026-03-28
F0045,1,sickness,2026-04-19,2026-05-01
F0046,2,sickness,2025-11-15,2025-11-30
F0046,2,sickness,2026-01-23,2026-01-31
F0046,1,sickness,2026-05-01,2026-05-15
F0046,2,sickness,2026-05-27,2026-06-06
F0046,1,sickness,2026-06-26,2026-07-04
F0046,2,calving,2026-06-27,
F0046,1,calving,2026-07-30,
F0047,1,calving,2025-12-12,
F0047,1,sickness,2026-01-07,2026-01-15
F0048,2,calving,2025-10-03,
F0048,2,sickness,2026-01-20,2026-01-28
F0048,1,sickness,2026-02-15,2026-02-25
F0048,1,sickness,2026-03-10,2026-03-28
F0048,1,calving,2026-08-29,
F0049,1,sickness,2026-03-09,2026-03-28
F0049,1,calving,2026-06-11,
F0050,1,sickness,2025-10-05,2025-10-17
F0050,1,sickness,2026-01-25,2026-02-08
F0050,1,calving,2026-03-30,
F0051,1,sickness,2025-10-22,2025-10-28
F0051,1,sickness,2025-12-25,2026-01-08
F0051,2,calving,2026-01-16,
F0051,1,sickness,2026-04-03,2026-04-20
F0051,1,sickness,2026-05-14,2026-05-29
F0051,2,sickness,2026-06-08,2026-06-19
F0051,2,sickness,2026-07-09,2026-07-29
F0051,1,calving,2026-08-27,
F0052,2,sickness,2025-12-01,2025-12-08
F0052,2,sickness,2025-12-31,2026-01-14
F0052,1,calving,2026-01-17,
F0052,2,sickness,2026-03-04,2026-03-11
F0052,2,calving,2026-04-15,
F0052,1,sickness,2026-09-12,2026-09-24
F0053,1,calving,2026-07-22,
F0054,1,calving,2025-09-24,
F0055,1,sickness,2026-03-27,2026-04-03
F0056,1,sickness,2025-11-06,2025-11-13
F0056,1,sickness,2026-02-14,2026-02-21
F0056,2,calving,2026-07-16,
F0057,1,calving,2025-09-19,
F0057,1,sickness,2025-12-31,2026-01-06
F0057,1,sickness,2026-03-08,2026-03-21
F0057,1,sickness,2026-04-02,2026-04-22
F0057,1,sickness,2026-07-08,2026-07-26
F0058,1,sickness,2026-03-13,2026-03-25
F0058,1,calving,2026-05-04,
F0058,1,sickness,2026-09-27,2026-10-03
F0059,2,calving,2025-10-12,
F0059,1,sickness,2025-10-19,2025-11-08
F0059,1,calving,2026-04-25,
F0060,1,sickness,2025-09-18,2025-09-24
F0060,4,calving,2025-10-23,
F0060,5,sickness,2025-11-21,2025-12-11
F0060,1,sickness,2026-01-01,2026-01-10
F0060,3,sickness,2026-02-13,2026-03-03
F0060,2,sickness,2026-03-24,2026-04-09
F0060,5,calving,2026-04-05,
F0060,3,calving,2026-04-26,
F0060,5,sickness,2026-04-28,2026-05-07
F0060,2,calving,2026-06-14,
F0060,4,sickness,2026-06-16,2026-07-03
F0060,3,sickness,2026-07-01,2026-07-13
F0060,1,calving,2026-07-02,
F0060,1,sickness,2026-07-23,2026-08-06
F0060,4,sickness,2026-08-01,2026-08-08
F0060,4,sickness,2026-08-13,2026-08-27
F0061,1,calving,2026-02-16,
F0061,1,sickness,2026-05-22,2026-06-01
F0061,1,sickness,2026-06-30,2026-07-19
F0062,1,sickness,2025-12-22,2026-01-04
F0062,1,sickness,2026-03-19,2026-04-05
F0062,1,calving,2026-05-08,
F0062,1,sickness,2026-07-08,2026-07-24
F0063,1,sickness,2026-01-19,2026-01-27
F0063,1,sickness,2026-04-13,2026-04-23
F0063,1,calving,2026-08-31,
F0064,1,sickness,2025-09-26,2025-10-03
F0064,3,sickness,2025-10-05,2025-10-16
F0064,2,sickness,2025-10-09,2025-10-25
F0064,2,sickness,2025-12-23,2026-01-08
F0064,3,sickness,2026-02-10,2026-02-21
F0064,2,calving,2026-03-14,
F0064,2,sickness,2026-06-19,2026-06-30
F0064,3,calving,2026-06-30,
F0064,1,calving,2026-08-22,
F0064,2,sickness,2026-09-15,2026-09-28
F0065,3,sickness,2025-12-16,2025-12-22
F0065,1,calving,2025-12-24,
F0065,2,calving,2026-01-07,
F0065,4,sickness,2026-01-11,2026-01-21
F0065,3,sickness,2026-07-04,2026-07-18
F0065,3,calving,2026-07-21,
F0065,1,sickness,2026-08-06,2026-08-13
F0065,4,calving,2026-08-17,
F0065,1,sickness,2026-08-27,2026-09-08
F0066,1,sickness,2025-11-18,2025-11-27
F0066,1,sickness,2026-05-05,2026-05-15
F0066,1,sickness,2026-06-17,2026-06-25
F0066,1,sickness,2026-08-08,2026-08-16
F0066,1,calving,2026-09-23,
F0067,1,sickness,2025-10-30,2025-11-11
F0067,1,sickness,2025-11-27,2025-12-08
F0067,1,calving,2026-06-11,
F0068,1,calving,2026-09-18,
F0069,1,calving,2025-10-13,
F0069,1,sickness,2025-10-15,2025-11-04
F0069,1,sickness,2026-01-11,2026-01-31
F0069,1,sickness,2026-09-04,2026-09-16
F0069,1,sickness,2026-09-18,2026-09-30
F0070,1,sickness,2025-11-03,2025-11-10
F0070,1,sickness,2026-02-22,2026-03-04
F0070,1,calving,2026-02-28,
F0071,2,sickness,2025-10-10,2025-10-30
F0071,1,sickness,2025-11-18,2025-11-29
F0071,1,calving,2026-02-18,
F0071,2,calving,2026-05-18,
F0071,2,sickness,2026-07-27,2026-08-15
F0071,1,sickness,2026-08-05,2026-08-24
F0072,1,calving,2025-11-29,
F0072,2,sickness,2025-12-21,2026-01-01
F0072,2,calving,2025-12-25,
F0072,1,sickness,2026-03-05,2026-03-16
F0072,1,sickness,2026-06-11,2026-06-28
F0072,2,sickness,2026-08-27,2026-09-07
F0073,1,calving,2025-10-03,
F0073,1,sickness,2026-05-03,2026-05-13
F0073,1,sickness,2026-05-29,2026-06-13
F0074,4,calving,2025-12-03,
F0074,4,sickness,2026-01-03,2026-01-16
F0074,5,sickness,2026-01-13,2026-01-19
F0074,2,calving,2026-01-22,
F0074,5,sickness,2026-01-31,2026-02-15
F0074,2,sickness,2026-02-06,2026-02-15
F0074,2,sickness,2026-03-16,2026-03-29
F0074,1,calving,2026-04-10,
F0074,2,sickness,2026-05-04,2026-05-12
F0074,2,sickness,2026-08-30,2026-09-10
F0075,1,calving,2026-03-08,
F0075,1,sickness,2026-03-25,2026-04-10
F0076,1,sickness,2025-09-23,2025-10-03
F0076,1,sickness,2026-02-10,2026-02-19
F0076,1,sickness,2026-06-07,2026-06-19
F0076,1,calving,2026-07-27,
F0076,1,sickness,2026-08-05,2026-08-24
F0077,1,sickness,2025-10-27,2025-11-06
F0077,1,calving,2026-01-30,
F0077,1,sickness,2026-03-17,2026-03-24
F0077,1,sickness,2026-06-30,2026-07-09
F0078,1,calving,2026-01-26,
F0078,1,sickness,2026-05-09,2026-05-29
F0078,1,sickness,2026-07-03,2026-07-14
F0078,1,sickness,2026-08-10,2026-08-18
F0079,1,calving,2026-01-21,
F0079,1,sickness,2026-02-14,2026-02-27
F0079,1,sickness,2026-05-02,2026-05-15
F0080,2,sickness,2025-10-03,2025-10-22
F0080,1,sickness,2026-01-29,2026-02-17
F0080,1,calving,2026-01-30,
F0080,2,sickness,2026-07-25,2026-08-05
F0080,2,calving,2026-08-25,
F0081,1,sickness,2025-09-26,2025-10-03
F0081,1,sickness,2025-11-30,2025-12-11
F0081,2,sickness,2026-04-06,2026-04-21
F0081,1,sickness,2026-06-10,2026-06-29
F0081,1,calving,2026-06-24,
F0082,1,calving,2025-11-21,
F0082,1,sickness,2025-12-28,2026-01-07
F0082,1,sickness,2026-09-21,2026-10-03
F0083,3,sickness,2025-12-31,2026-01-06
F0083,2,sickness,2026-01-18,2026-02-04
F0083,2,calving,2026-03-26,
F0083,3,calving,2026-04-13,
F0083,1,sickness,2026-06-13,2026-06-23
F0083,3,sickness,2026-07-01,2026-07-15
F0083,1,calving,2026-07-27,
F0083,3,sickness,2026-10-02,2026-10-03
F0084,5,calving,2025-09-16,
F0084,5,sickness,2025-10-18,2025-10-26
F0084,1,sickness,2025-10-23,2025-11-06
F0084,1,calving,2025-11-04,
F0084,4,calving,2025-11-04,
F0084,4,sickness,2025-12-24,2025-12-31
F0084,5,calving,2026-06-28,
F0084,5,sickness,2026-06-29,2026-07-13
F0084,3,calving,2026-09-11,
F0084,1,sickness,2026-09-24,2026-10-03
F0085,1,sickness,2025-10-09,2025-10-28
F0085,1,sickness,2026-04-10,2026-04-23
F0085,1,calving,2026-08-14,
F0085,1,sickness,2026-08-23,2026-09-05
F0086,1,sickness,2025-12-04,2025-12-19
F0086,3,sickness,2025-12-12,2025-12-20
F0086,1,sickness,2026-01-13,2026-01-30
F0086,1,calving,2026-02-10,
F0086,3,sickness,2026-02-11,2026-02-19
F0086,2,calving,2026-03-29,
F0086,1,sickness,2026-04-09,2026-04-22
F0086,2,sickness,2026-05-07,2026-05-14
F0086,1,sickness,2026-06-05,2026-06-17
F0086,3,sickness,2026-07-12,2026-07-21
F0086,1,sickness,2026-07-14,2026-07-28
F0086,2,sickness,2026-07-14,2026-07-28
F0086,2,sickness,2026-08-05,2026-08-13
F0086,3,calving,2026-08-08,
F0087,1,calving,2025-09-16,
F0087,3,calving,2025-09-22,
F0087,2,sickness,2026-01-14,2026-01-20
F0087,3,sickness,2026-02-26,2026-03-12
F0087,2,sickness,2026-03-27,2026-04-08
F0087,3,sickness,2026-06-21,2026-07-07
F0087,2,calving,2026-06-27,
F0087,3,sickness,2026-07-27,2026-08-11
F0088,1,sickness,2025-09-24,2025-09-30
F0088,2,sickness,2025-10-10,2025-10-22
F0088,2,sickness,2025-11-08,2025-11-24
F0088,1,sickness,2025-12-22,2026-01-10
F0088,2,sickness,2026-02-27,2026-03-19
F0088,1,sickness,2026-06-28,2026-07-09
F0088,1,sickness,2026-08-08,2026-08-16
F0089,2,sickness,2026-02-11,2026-02-24
F0089,1,sickness,2026-03-27,2026-04-11
F0089,1,calving,2026-06-03,
F0089,2,sickness,2026-06-25,2026-07-14
F0089,2,calving,2026-07-03,
F0090,1,sickness,2025-10-13,2025-10-28
F0090,3,calving,2025-11-19,
F0090,2,calving,2025-12-21,
F0090,1,calving,2025-12-27,
F0090,1,sickness,2026-01-16,2026-01-24
F0090,3,sickness,2026-07-26,2026-08-08
F0090,3,sickness,2026-08-31,2026-09-18
F0090,3,sickness,2026-09-28,2026-10-03
F0091,1,calving,2026-02-22,
F0091,2,calving,2026-05-11,
F0091,2,sickness,2026-05-12,2026-05-27
F0091,2,sickness,2026-07-11,2026-07-30
F0092,1,calving,2025-11-11,
F0092,1,sickness,2026-07-21,2026-08-04
F0093,1,sickness,2025-10-08,2025-10-20
F0093,1,calving,2025-10-24,
F0093,1,sickness,2025-12-30,2026-01-08
F0093,3,sickness,2026-01-24,2026-02-07
F0093,2,calving,2026-01-26,
F0093,3,calving,2026-05-15,
F0093,2,sickness,2026-06-05,2026-06-18
F0093,2,sickness,2026-06-27,2026-07-14
F0093,2,sickness,2026-07-16,2026-08-02
F0093,3,sickness,2026-07-30,2026-08-13
F0093,1,sickness,2026-08-23,2026-09-05
F0093,2,sickness,2026-09-02,2026-09-13
F0094,3,sickness,2026-02-08,2026-02-18
F0094,3,calving,2026-02-18,
F0094,2,calving,2026-05-05,
F0094,2,sickness,2026-09-16,2026-09-29
F0095,2,calving,2025-12-03,
F0095,1,sickness,2026-01-12,2026-01-30
F0095,3,calving,2026-02-17,
F0095,1,calving,2026-05-25,
F0095,4,sickness,2026-08-12,2026-09-01
F0095,2,sickness,2026-09-14,2026-09-23
F0095,4,calving,2026-09-17,
F0096,2,calving,2026-02-10,
F0096,1,calving,2026-05-10,
F0096,3,calving,2026-07-18,
F0096,2,sickness,2026-08-02,2026-08-12
F0096,2,sickness,2026-09-01,2026-09-21
F0097,4,sickness,2025-12-19,2026-01-07
F0097,3,sickness,2025-12-27,2026-01-06
F0097,4,calving,2026-02-02,
F0097,2,sickness,2026-03-03,2026-03-20
F0097,4,sickness,2026-04-18,2026-04-29
F0097,1,calving,2026-04-20,
F0097,3,sickness,2026-06-02,2026-06-14
F0097,3,sickness,2026-06-16,2026-07-03
F0097,2,calving,2026-08-11,
F0097,1,sickness,2026-09-23,2026-10-03
F0098,3,calving,2025-11-24,
F0098,2,sickness,2025-12-05,2025-12-13
F0098,2,calving,2025-12-22,
F0098,2,sickness,2025-12-26,2026-01-12
F0098,3,sickness,2026-05-23,2026-06-09
F0098,1,calving,2026-07-01,
F0098,3,sickness,2026-08-01,2026-08-07
F0099,1,sickness,2025-09-25,2025-10-09
F0099,1,calving,2025-10-27,
F0099,1,sickness,2025-11-03,2025-11-19
F0099,1,sickness,2026-03-28,2026-04-11
F0099,1,sickness,2026-07-29,2026-08-04
F0100,1,calving,2025-09-19,
F0100,1,sickness,2026-05-25,2026-06-04
F0100,1,sickness,2026-06-30,2026-07-12
F0100,1,sickness,2026-08-19,2026-09-07
F0101,1,calving,2025-10-18,
F0101,2,calving,2025-12-04,
F0101,1,sickness,2025-12-18,2026-01-02
F0101,1,calving,2026-09-25,
F0102,1,sickness,2025-10-07,2025-10-13
F0102,1,sickness,2026-01-26,2026-02-03
F0102,1,sickness,2026-02-13,2026-03-01
F0102,2,calving,2026-05-16,
F0102,1,sickness,2026-08-07,2026-08-14
F0102,1,sickness,2026-08-15,2026-09-01
F0102,1,sickness,2026-10-02,2026-10-03
F0103,4,sickness,2025-11-10,2025-11-19
F0103,3,calving,2025-11-23,
F0103,2,sickness,2025-12-26,2026-01-01
F0103,2,calving,2026-04-15,
F0103,4,sickness,2026-04-17,2026-05-02
F0103,1,calving,2026-07-26,
F0103,2,sickness,2026-09-04,2026-09-11
F0103,3,sickness,2026-09-11,2026-09-30
F0103,4,calving,2026-09-28,
F0104,2,sickness,2025-10-10,2025-10-16
F0104,1,calving,2025-12-19,
F0104,2,calving,2026-01-14,
F0104,1,sickness,2026-04-10,2026-04-17
F0104,1,sickness,2026-04-26,2026-05-05
F0104,2,sickness,2026-07-24,2026-07-30
F0105,3,sickness,2025-10-24,2025-11-06
F0105,1,sickness,2025-11-03,2025-11-22
F0105,1,sickness,2025-12-12,2026-01-01
F0105,4,sickness,2026-01-19,2026-01-27
F0105,2,sickness,2026-02-01,2026-02-18
F0105,1,sickness,2026-03-19,2026-04-05
F0105,3,sickness,2026-04-09,2026-04-29
F0105,4,calving,2026-05-29,
F0105,2,calving,2026-07-02,
F0105,4,sickness,2026-07-03,2026-07-18
F0105,3,calving,2026-07-10,
F0105,3,sickness,2026-07-13,2026-07-22
F0105,1,calving,2026-07-31,
F0106,1,sickness,2025-11-23,2025-12-11
F0106,2,sickness,2025-12-19,2026-01-08
F0106,1,calving,2026-02-25,
F0106,2,sickness,2026-08-13,2026-08-21
F0106,1,sickness,2026-09-10,2026-09-26
F0106,2,calving,2026-10-03,
F0107,2,sickness,2025-10-17,2025-10-26
F0107,1,sickness,2025-11-10,2025-11-19
F0107,2,sickness,2026-02-14,2026-03-05
F0107,2,calving,2026-02-28,
F0107,1,calving,2026-04-12,
F0107,2,sickness,2026-06-23,2026-07-10
F0107,1,sickness,2026-09-09,2026-09-28
F0108,3,calving,2025-09-19,
F0108,3,sickness,2025-10-19,2025-11-08
F0108,3,sickness,2026-01-08,2026-01-22
F0108,1,sickness,2026-01-22,2026-02-01
F0108,1,sickness,2026-02-02,2026-02-22
F0108,1,sickness,2026-03-05,2026-03-21
F0108,3,sickness,2026-04-09,2026-04-25
F0108,2,calving,2026-04-11,
F0108,2,sickness,2026-06-20,2026-07-06
F0108,2,sickness,2026-07-07,2026-07-16
F0108,3,calving,2026-09-27,
F0109,2,sickness,2025-11-13,2025-12-01
F0109,2,calving,2025-12-02,
F0109,4,sickness,2025-12-09,2025-12-16
F0109,1,sickness,2026-01-21,2026-02-03
F0109,4,calving,2026-04-23,
F0109,1,sickness,2026-05-06,2026-05-13
F0109,1,calving,2026-05-11,
F0109,5,calving,2026-06-16,
F0109,1,sickness,2026-06-22,2026-07-02
F0109,3,calving,2026-09-18,
F0109,2,sickness,2026-09-27,2026-10-03
F0110,1,calving,2025-12-10,
F0110,2,sickness,2026-02-09,2026-02-26
F0110,2,sickness,2026-04-12,2026-05-01
F0110,2,sickness,2026-05-21,2026-06-10
F0110,2,calving,2026-08-01,
F0111,1,sickness,2025-10-05,2025-10-12
F0111,1,calving,2025-12-02,
F0111,1,sickness,2026-01-13,2026-01-31
F0111,1,sickness,2026-02-15,2026-03-05
F0111,1,sickness,2026-03-13,2026-03-27
F0112,2,calving,2025-10-25,
F0112,1,calving,2026-03-09,
F0112,1,sickness,2026-06-01,2026-06-12
F0112,1,sickness,2026-08-11,2026-08-31
F0112,1,sickness,2026-09-19,2026-10-03
F0113,1,sickness,2026-03-04,2026-03-22
F0113,1,sickness,2026-05-18,2026-05-26
F0113,2,calving,2026-09-19,
F0114,1,calving,2025-12-15,
F0114,1,sickness,2026-07-12,2026-07-18
F0115,2,sickness,2025-10-02,2025-10-20
F0115,1,sickness,2025-10-31,2025-11-09
F0115,1,sickness,2025-12-17,2026-01-02
F0115,2,sickness,2026-01-21,2026-02-09
F0115,1,sickness,2026-05-03,2026-05-09
F0115,3,sickness,2026-05-31,2026-06-15
F0115,3,calving,2026-07-25,
F0115,1,sickness,2026-08-15,2026-08-31
F0115,2,calving,2026-08-16,
F0116,1,calving,2025-10-15,
F0116,2,sickness,2025-12-03,2025-12-09
F0116,2,sickness,2026-02-28,2026-03-15
F0116,1,sickness,2026-06-15,2026-06-22
F0116,1,sickness,2026-07-02,2026-07-12
F0116,2,calving,2026-09-10,
F0117,1,calving,2026-02-02,
F0117,2,sickness,2026-02-15,2026-03-03
F0117,5,sickness,2026-02-28,2026-03-06
F0117,5,calving,2026-03-06,
F0117,3,calving,2026-04-04,
F0117,4,calving,2026-04-17,
F0117,3,sickness,2026-06-18,2026-06-24
F0117,3,sickness,2026-07-05,2026-07-13
F0117,5,sickness,2026-09-03,2026-09-10
F0117,1,sickness,2026-09-12,2026-09-21
F0117,2,calving,2026-09-17,
F0118,1,calving,2026-01-06,
F0118,2,sickness,2026-04-24,2026-05-11
F0119,2,sickness,2025-09-20,2025-10-10
F0119,1,sickness,2025-12-04,2025-12-11
F0119,3,sickness,2025-12-04,2025-12-16
F0119,4,calving,2026-03-04,
F0119,1,calving,2026-04-22,
F0119,3,sickness,2026-06-09,2026-06-25
F0119,4,sickness,2026-07-10,2026-07-16
F0119,4,sickness,2026-09-04,2026-09-16
F0120,1,sickness,2025-12-25,2026-01-12
F0120,1,sickness,2026-02-14,2026-02-21
F0120,1,calving,2026-08-24,
F0121,2,sickness,2025-11-02,2025-11-20
F0121,1,sickness,2026-03-21,2026-04-10
F0121,2,sickness,2026-06-11,2026-06-20
F0121,2,calving,2026-09-12,
F0122,1,calving,2026-01-14,
F0122,1,sickness,2026-08-03,2026-08-23
F0123,1,sickness,2025-09-19,2025-09-27
F0123,1,calving,2026-04-21,
F0123,1,sickness,2026-06-02,2026-06-20
F0124,1,calving,2025-09-16,
F0124,2,calving,2026-01-11,
F0124,1,sickness,2026-05-03,2026-05-19
F0124,1,calving,2026-09-29,
F0125,1,calving,2026-06-10,
F0126,4,sickness,2025-12-25,2026-01-04
F0126,4,sickness,2026-01-09,2026-01-24
F0126,2,sickness,2026-02-01,2026-02-13
F0126,2,calving,2026-03-22,
F0126,4,calving,2026-06-04,
F0126,1,calving,2026-07-28,
F0127,2,sickness,2025-10-14,2025-10-31
F0127,1,calving,2025-10-15,
F0127,2,calving,2025-11-03,
F0127,1,sickness,2025-12-23,2026-01-11
F0127,2,sickness,2026-01-13,2026-01-20
F0127,1,sickness,2026-05-12,2026-05-25
F0127,2,sickness,2026-07-02,2026-07-17
F0128,2,sickness,2025-11-17,2025-12-07
F0128,2,sickness,2026-02-09,2026-02-25
F0128,2,calving,2026-03-06,
F0128,1,sickness,2026-03-10,2026-03-28
F0128,1,sickness,2026-05-04,2026-05-13
F0128,2,sickness,2026-05-21,2026-06-08
F0128,1,sickness,2026-09-10,2026-09-23
F0128,2,sickness,2026-09-11,2026-09-27
F0128,1,calving,2026-09-27,
F0129,1,sickness,2025-10-14,2025-10-21
F0129,1,calving,2026-02-22,
F0129,1,sickness,2026-09-08,2026-09-28
F0130,1,sickness,2025-10-09,2025-10-29
F0130,2,sickness,2025-11-07,2025-11-16
F0130,1,calving,2026-04-10,
F0130,2,calving,2026-08-17,
F0131,1,sickness,2025-10-29,2025-11-16
F0131,2,sickness,2026-01-25,2026-01-31
F0131,1,sickness,2026-04-01,2026-04-15
F0131,2,calving,2026-07-02,
F0131,1,calving,2026-09-10,
F0132,3,sickness,2025-09-18,2025-10-04
F0132,2,sickness,2025-10-25,2025-11-09
F0132,1,sickness,2025-10-29,2025-11-16
F0132,3,sickness,2025-11-01,2025-11-14
F0132,2,calving,2025-11-21,
F0132,3,sickness,2025-12-09,2025-12-17
F0132,1,sickness,2025-12-21,2025-12-30
F0132,2,sickness,2026-02-13,2026-02-21
F0132,1,calving,2026-02-16,
F0132,3,calving,2026-02-24,
F0132,3,sickness,2026-08-28,2026-09-09
F0132,2,sickness,2026-09-04,2026-09-17
F0133,1,sickness,2026-01-13,2026-02-02
F0133,3,sickness,2026-03-01,2026-03-14
F0133,2,calving,2026-07-22,
F0133,3,calving,2026-09-30,
F0134,1,sickness,2026-05-03,2026-05-15
F0134,1,calving,2026-05-09,
F0135,1,sickness,2025-11-24,2025-12-13
F0135,2,calving,2025-12-26,
F0135,1,calving,2026-04-17,
F0136,3,calving,2025-11-12,
F0136,1,sickness,2025-11-25,2025-12-04
F0136,2,calving,2026-01-14,
F0136,3,sickness,2026-03-07,2026-03-20
F0136,2,sickness,2026-03-15,2026-03-23
F0136,3,sickness,2026-06-15,2026-06-23
F0136,1,sickness,2026-07-16,2026-07-23
F0136,1,calving,2026-07-23,
F0137,1,sickness,2025-12-02,2025-12-20
F0137,1,sickness,2026-01-26,2026-02-01
F0137,1,calving,2026-01-29,
F0138,2,sickness,2025-09-22,2025-10-01
F0138,1,calving,2026-02-02,
F0138,2,sickness,2026-02-21,2026-03-13
F0138,2,calving,2026-03-12,
F0138,1,sickness,2026-06-16,2026-07-04
F0138,2,sickness,2026-07-07,2026-07-17
F0138,2,sickness,2026-09-07,2026-09-19
F0139,1,sickness,2025-11-07,2025-11-21
F0139,1,sickness,2025-12-24,2026-01-10
F0139,1,calving,2026-02-11,
F0139,1,sickness,2026-09-23,2026-10-01
F0140,1,calving,2026-02-04,
F0140,2,sickness,2026-02-27,2026-03-05
F0140,2,sickness,2026-03-14,2026-03-25
F0140,2,sickness,2026-04-10,2026-04-21
F0140,2,sickness,2026-04-23,2026-05-09
F0140,2,calving,2026-07-30,
F0140,2,sickness,2026-08-31,2026-09-07
F0140,1,sickness,2026-09-01,2026-09-09
F0141,1,calving,2026-02-08,
F0141,1,sickness,2026-09-29,2026-10-03
F0142,1,sickness,2025-12-11,2025-12-28
F0142,1,calving,2026-02-20,
F0142,1,sickness,2026-07-31,2026-08-17
F0142,1,sickness,2026-09-07,2026-09-14
F0143,1,calving,2025-10-30,
F0144,2,calving,2025-11-05,
F0144,1,calving,2026-05-29,
F0144,2,sickness,2026-08-02,2026-08-14
F0145,2,sickness,2026-01-04,2026-01-24
F0145,2,calving,2026-01-15,
F0145,1,calving,2026-04-10,
F0145,1,sickness,2026-07-13,2026-07-20
F0146,1,calving,2026-04-14,
F0146,1,sickness,2026-05-18,2026-06-01
F0146,1,sickness,2026-09-23,2026-10-01
F0147,1,calving,2026-01-12,
F0147,3,sickness,2026-01-27,2026-02-04
F0147,4,calving,2026-03-22,
F0147,2,calving,2026-04-07,
F0147,1,sickness,2026-04-21,2026-05-07
F0147,4,sickness,2026-05-12,2026-05-28
F0147,3,calving,2026-06-03,
F0147,3,sickness,2026-06-08,2026-06-14
F0147,3,sickness,2026-07-06,2026-07-22
F0147,2,sickness,2026-07-18,2026-07-24
F0147,2,sickness,2026-09-03,2026-09-21
F0148,2,calving,2026-01-18,
F0148,2,sickness,2026-02-18,2026-03-10
F0148,1,sickness,2026-02-23,2026-03-04
F0148,1,sickness,2026-04-02,2026-04-09
F0148,3,sickness,2026-04-29,2026-05-18
F0148,3,sickness,2026-05-25,2026-06-12
F0148,3,sickness,2026-06-19,2026-07-03
F0148,1,sickness,2026-06-23,2026-07-02
F0148,3,sickness,2026-07-09,2026-07-25
F0148,3,calving,2026-07-18,
F0148,4,calving,2026-09-27,
F0149,4,calving,2025-09-16,
F0149,1,sickness,2025-11-28,2025-12-11
F0149,3,sickness,2025-12-05,2025-12-24
F0149,2,calving,2026-01-08,
F0149,3,calving,2026-02-03,
F0149,4,sickness,2026-03-11,2026-03-31
F0149,1,sickness,2026-06-03,2026-06-23
F0149,1,sickness,2026-08-15,2026-08-24
F0149,1,calving,2026-09-13,
F0149,3,sickness,2026-09-25,2026-10-03
F0150,1,calving,2025-12-14,
F0150,1,sickness,2026-02-24,2026-03-09
F0150,1,sickness,2026-07-17,2026-08-05
F0151,1,sickness,2025-12-25,2026-01-11
F0151,1,sickness,2026-02-17,2026-03-01
F0151,1,calving,2026-03-25,
F0152,2,calving,2026-08-06,
F0153,1,sickness,2026-01-09,2026-01-22
F0153,1,calving,2026-04-14,
F0153,1,sickness,2026-04-25,2026-05-04
F0153,1,sickness,2026-07-01,2026-07-15
F0154,1,sickness,2025-10-10,2025-10-26
F0154,1,sickness,2025-12-03,2025-12-12
F0154,1,sickness,2026-08-09,2026-08-28
F0155,1,calving,2026-04-18,
F0155,1,sickness,2026-08-24,2026-09-11
F0156,1,sickness,2025-11-11,2025-11-25
F0156,1,calving,2025-12-24,
F0156,1,sickness,2026-01-22,2026-02-06
F0157,1,calving,2026-09-12,
F0157,1,sickness,2026-09-25,2026-10-03
F0158,3,sickness,2025-10-06,2025-10-16
F0158,3,sickness,2025-11-17,2025-11-24
F0158,3,sickness,2025-12-09,2025-12-22
F0158,1,sickness,2025-12-13,2025-12-25
F0158,2,calving,2026-03-08,
F0158,1,calving,2026-06-29,
F0158,3,calving,2026-09-11,
F0159,1,sickness,2025-12-19,2025-12-30
F0159,1,calving,2026-07-01,
F0160,1,sickness,2026-06-17,2026-07-03
F0160,1,calving,2026-09-29,
F0161,3,calving,2025-11-02,
F0161,2,calving,2025-12-03,
F0161,3,sickness,2026-03-26,2026-04-11
F0161,1,calving,2026-05-08,
F0161,2,sickness,2026-05-17,2026-06-03
F0161,2,sickness,2026-07-05,2026-07-14
F0161,1,sickness,2026-07-17,2026-08-03
F0162,3,sickness,2025-11-09,2025-11-16
F0162,2,sickness,2026-02-06,2026-02-21
F0162,4,sickness,2026-03-14,2026-04-02
F0162,2,sickness,2026-03-16,2026-04-03
F0162,3,sickness,2026-03-19,2026-03-31
F0162,4,sickness,2026-04-04,2026-04-13
F0162,1,calving,2026-05-30,
F0162,4,calving,2026-08-04,
F0162,3,calving,2026-08-31,
F0163,1,sickness,2025-11-11,2025-11-23
F0163,2,sickness,2025-12-08,2025-12-22
F0163,1,sickness,2026-01-16,2026-01-30
F0163,1,sickness,2026-07-06,2026-07-18
F0164,1,sickness,2026-02-05,2026-02-15
F0164,2,sickness,2026-03-07,2026-03-19
F0164,1,calving,2026-04-10,
F0164,2,sickness,2026-04-27,2026-05-04
F0164,1,sickness,2026-05-07,2026-05-14
F0164,3,calving,2026-06-12,
F0164,2,calving,2026-09-17,
F0165,1,sickness,2025-11-03,2025-11-18
F0165,1,calving,2026-08-15,
F0166,2,calving,2025-10-09,
F0166,1,sickness,2025-10-14,2025-10-30
F0166,2,sickness,2025-12-18,2026-01-07
F0166,1,calving,2026-02-09,
F0166,2,sickness,2026-06-16,2026-06-25
F0166,1,sickness,2026-08-19,2026-08-25
F0167,1,calving,2026-01-26,
F0167,1,sickness,2026-05-04,2026-05-11
F0167,1,sickness,2026-07-01,2026-07-09
F0168,1,sickness,2025-09-25,2025-10-07
F0168,1,sickness,2025-11-24,2025-12-06
F0168,2,sickness,2025-12-23,2025-12-29
F0168,1,sickness,2026-01-21,2026-01-27
F0168,3,sickness,2026-04-11,2026-05-01
F0168,4,calving,2026-04-24,
F0168,2,calving,2026-05-10,
F0168,2,sickness,2026-06-22,2026-07-08
F0168,3,calving,2026-07-20,
F0168,2,sickness,2026-09-22,2026-10-03
F0168,1,calving,2026-09-28,
F0169,1,calving,2025-10-16,
F0169,1,sickness,2025-12-18,2026-01-05
F0170,2,sickness,2025-10-15,2025-10-25
F0170,1,calving,2025-12-29,
F0170,2,sickness,2026-08-24,2026-09-11
F0170,2,calving,2026-09-04,
F0171,1,calving,2026-03-31,
F0171,2,calving,2026-06-09,
F0171,1,sickness,2026-07-13,2026-07-25
F0172,2,sickness,2026-01-18,2026-02-07
F0172,3,calving,2026-02-15,
F0172,2,sickness,2026-03-14,2026-03-23
F0172,1,sickness,2026-03-24,2026-04-05
F0172,1,calving,2026-03-28,
F0172,2,sickness,2026-04-28,2026-05-16
F0172,3,sickness,2026-05-03,2026-05-22
F0172,2,calving,2026-05-19,
F0172,2,sickness,2026-07-23,2026-08-06
F0173,2,sickness,2025-11-26,2025-12-02
F0173,2,sickness,2026-01-03,2026-01-23
F0173,2,calving,2026-02-02,
F0173,1,calving,2026-07-13,
F0174,1,sickness,2025-10-19,2025-11-02
F0174,1,sickness,2026-03-27,2026-04-03
F0174,1,sickness,2026-08-24,2026-09-09
F0175,1,sickness,2025-10-11,2025-10-27
F0175,3,sickness,2025-10-23,2025-11-08
F0175,3,calving,2026-01-01,
F0175,3,sickness,2026-02-04,2026-02-22
F0175,3,sickness,2026-05-20,2026-06-04
F0176,3,calving,2025-09-16,
F0176,2,sickness,2025-09-26,2025-10-11
F0176,1,calving,2025-10-12,
F0176,4,sickness,2025-12-25,2026-01-13
F0176,4,sickness,2026-01-30,2026-02-07
F0176,1,sickness,2026-05-11,2026-05-23
F0176,3,sickness,2026-08-09,2026-08-16
F0176,2,calving,2026-08-30,
F0176,1,sickness,2026-09-01,2026-09-14
F0176,3,calving,2026-09-15,
F0177,2,sickness,2025-09-18,2025-10-01
F0177,4,sickness,2025-09-19,2025-10-07
F0177,1,calving,2025-10-27,
F0177,4,sickness,2025-11-26,2025-12-12
F0177,2,calving,2026-02-25,
F0177,4,calving,2026-06-14,
F0177,1,sickness,2026-06-17,2026-06-24
F0177,3,sickness,2026-07-30,2026-08-05
F0177,2,sickness,2026-08-07,2026-08-16
F0177,1,calving,2026-08-17,
F0177,3,calving,2026-08-17,
F0177,1,sickness,2026-09-16,2026-09-22
F0177,2,sickness,2026-09-23,2026-10-03
F0177,4,sickness,2026-09-25,2026-10-03
F0178,1,calving,2025-10-18,
F0178,1,sickness,2025-11-18,2025-12-07
F0178,2,calving,2026-01-03,
F0178,2,sickness,2026-01-14,2026-02-02
F0178,5,sickness,2026-03-11,2026-03-30
F0178,5,calving,2026-05-26,
F0178,3,calving,2026-06-04,
F0178,4,sickness,2026-07-13,2026-07-23
F0178,2,sickness,2026-07-17,2026-08-04
F0179,1,sickness,2025-11-06,2025-11-15
F0179,2,sickness,2025-11-14,2025-11-21
F0179,1,sickness,2025-11-21,2025-12-05
F0179,1,sickness,2025-12-19,2026-01-01
F0179,1,sickness,2026-04-27,2026-05-17
F0179,2,sickness,2026-05-02,2026-05-10
F0179,2,calving,2026-05-05,
F0179,2,sickness,2026-05-24,2026-06-10
F0180,1,sickness,2026-04-25,2026-05-10
F0180,1,calving,2026-06-07,
F0181,1,sickness,2026-06-26,2026-07-15
F0182,2,sickness,2025-12-06,2025-12-13
F0182,3,sickness,2026-05-08,2026-05-17
F0182,1,calving,2026-05-26,
F0182,3,calving,2026-06-23,
F0183,2,sickness,2025-09-18,2025-10-05
F0183,2,sickness,2025-11-12,2025-11-28
F0183,1,calving,2025-11-13,
F0183,2,sickness,2025-12-04,2025-12-24
F0183,2,sickness,2026-02-24,2026-03-14
F0183,2,sickness,2026-06-21,2026-07-11
F0183,1,sickness,2026-08-20,2026-09-08
F0183,2,calving,2026-09-10,
F0184,1,calving,2026-01-16,
F0184,1,sickness,2026-04-08,2026-04-19
F0184,1,sickness,2026-05-13,2026-05-29
F0185,2,calving,2025-09-23,
F0185,2,sickness,2025-11-22,2025-12-09
F0185,3,calving,2025-12-25,
F0185,1,calving,2026-02-07,
F0185,3,sickness,2026-02-09,2026-02-25
F0185,5,sickness,2026-03-07,2026-03-16
F0185,2,sickness,2026-06-16,2026-06-26
F0185,4,calving,2026-08-07,
F0185,3,sickness,2026-08-23,2026-09-01
F0186,1,sickness,2025-11-06,2025-11-16
F0186,1,calving,2026-06-23,
F0187,1,sickness,2025-12-07,2025-12-13
F0187,1,sickness,2026-03-28,2026-04-16
F0187,1,calving,2026-06-23,
F0187,1,sickness,2026-07-10,2026-07-26
F0188,1,sickness,2025-11-17,2025-12-04
F0188,1,sickness,2026-01-19,2026-02-04
F0188,1,sickness,2026-05-20,2026-05-29
F0188,1,calving,2026-08-10,
F0188,1,sickness,2026-09-23,2026-10-03
F0189,1,sickness,2026-02-03,2026-02-13
F0189,1,calving,2026-07-28,
F0190,2,sickness,2025-11-03,2025-11-23
F0190,1,sickness,2025-12-13,2025-12-22
F0190,3,calving,2025-12-22,
F0190,2,calving,2026-05-09,
F0190,1,sickness,2026-06-10,2026-06-23
F0190,1,calving,2026-09-21,
F0191,1,sickness,2025-12-14,2025-12-22
F0191,1,calving,2026-03-03,
F0192,1,sickness,2025-09-27,2025-10-14
F0192,1,sickness,2025-12-18,2025-12-31
F0192,1,sickness,2026-01-17,2026-02-03
F0192,1,calving,2026-02-21,
F0193,2,sickness,2025-09-28,2025-10-17
F0193,1,calving,2026-02-03,
F0193,2,calving,2026-06-06,
F0194,2,sickness,2025-10-14,2025-10-21
F0194,2,calving,2025-11-07,
F0194,4,sickness,2025-11-19,2025-12-07
F0194,2,sickness,2025-11-27,2025-12-10
F0194,4,calving,2026-01-26,
F0194,3,sickness,2026-01-29,2026-02-06
F0194,3,sickness,2026-04-09,2026-04-21
F0194,1,sickness,2026-04-27,2026-05-07
F0194,1,calving,2026-05-09,
F0194,3,sickness,2026-05-13,2026-05-21
F0194,2,sickness,2026-05-22,2026-06-05
F0194,3,calving,2026-06-11,
F0194,3,sickness,2026-07-04,2026-07-15
F0194,4,sickness,2026-07-10,2026-07-18
F0195,1,calving,2026-01-03,
F0195,1,sickness,2026-05-23,2026-06-02
F0196,1,sickness,2026-05-12,2026-05-26
F0196,1,calving,2026-07-13,
F0196,1,sickness,2026-07-19,2026-08-06
F0197,1,sickness,2025-11-15,2025-12-04
F0197,1,calving,2025-11-26,
F0198,2,sickness,2025-11-09,2025-11-27
F0198,3,calving,2025-12-28,
F0198,2,sickness,2026-03-15,2026-04-04
F0198,1,sickness,2026-04-08,2026-04-28
F0198,4,calving,2026-04-12,
F0198,1,calving,2026-04-17,
F0198,3,sickness,2026-06-07,2026-06-14
F0198,2,sickness,2026-06-28,2026-07-06
F0199,1,sickness,2025-09-23,2025-10-03
F0199,1,sickness,2025-11-10,2025-11-30
F0199,2,calving,2025-11-13,
F0199,1,calving,2025-12-08,
F0199,2,sickness,2026-02-17,2026-03-08
F0199,1,sickness,2026-08-10,2026-08-18
F0199,1,sickness,2026-10-03,2026-10-03
F0200,1,calving,2025-12-09,
F0200,1,sickness,2026-01-07,2026-01-20
F0200,2,calving,2026-03-23,
F0200,1,sickness,2026-08-22,2026-09-03
F0201,1,calving,2025-11-27,
F0201,1,sickness,2026-07-29,2026-08-16
F0202,1,sickness,2025-11-30,2025-12-14
F0202,1,calving,2026-01-05,
F0202,2,calving,2026-03-21,
F0202,1,sickness,2026-05-04,2026-05-22
F0202,1,sickness,2026-08-19,2026-08-28
F0203,1,sickness,2025-09-29,2025-10-10
F0203,3,sickness,2025-10-05,2025-10-14
F0203,4,sickness,2025-11-10,2025-11-24
F0203,3,sickness,2025-11-17,2025-12-05
F0203,5,sickness,2026-01-03,2026-01-23
F0203,5,calving,2026-03-21,
F0203,4,calving,2026-04-09,
F0203,3,calving,2026-05-18,
F0203,1,calving,2026-07-11,
F0203,2,sickness,2026-07-21,2026-07-27
F0203,3,sickness,2026-08-29,2026-09-14
F0203,5,sickness,2026-09-04,2026-09-22
F0204,2,sickness,2025-10-22,2025-10-31
F0204,2,calving,2025-11-20,
F0204,1,sickness,2026-01-07,2026-01-20
F0204,3,calving,2026-05-04,
F0204,2,sickness,2026-06-12,2026-07-01
F0204,2,sickness,2026-07-06,2026-07-17
F0204,1,calving,2026-08-03,
F0204,2,sickness,2026-08-06,2026-08-22
F0204,3,sickness,2026-09-06,2026-09-17
F0205,1,sickness,2025-11-03,2025-11-18
F0205,1,sickness,2025-12-22,2026-01-09
F0205,1,sickness,2026-06-15,2026-06-29
F0206,1,sickness,2026-01-31,2026-02-08
F0206,1,sickness,2026-03-10,2026-03-25
F0206,1,sickness,2026-04-29,2026-05-09
F0206,1,sickness,2026-07-11,2026-07-29
F0207,1,sickness,2025-10-13,2025-10-29
F0207,1,calving,2026-09-26,
F0208,1,calving,2025-12-23,
F0209,1,calving,2025-10-25,
F0209,2,sickness,2025-11-21,2025-12-08
F0209,2,sickness,2026-01-22,2026-02-08
F0209,2,calving,2026-07-26,
F0210,1,calving,2025-11-23,
F0210,2,calving,2026-09-20,
F0211,2,calving,2025-11-03,
F0211,2,sickness,2025-12-21,2026-01-07
F0211,2,sickness,2026-02-07,2026-02-20
F0211,1,calving,2026-06-02,
F0212,1,sickness,2025-11-19,2025-11-27
F0212,1,sickness,2025-12-11,2025-12-25
F0212,1,calving,2025-12-17,
F0213,3,sickness,2025-09-16,2025-10-01
F0213,2,sickness,2025-10-28,2025-11-08
F0213,3,calving,2025-12-26,
F0213,3,sickness,2026-01-03,2026-01-13
F0213,2,calving,2026-02-14,
F0213,3,sickness,2026-03-01,2026-03-20
F0213,4,calving,2026-04-27,
F0213,1,sickness,2026-05-24,2026-06-06
F0213,1,calving,2026-06-11,
F0213,3,sickness,2026-07-18,2026-07-31
F0214,4,calving,2025-11-10,
F0214,3,sickness,2025-11-24,2025-11-30
F0214,3,calving,2025-12-18,
F0214,2,calving,2026-01-27,
F0214,4,sickness,2026-05-04,2026-05-11
F0214,1,calving,2026-05-07,
F0214,5,calving,2026-06-03,
F0214,2,sickness,2026-08-05,2026-08-13
F0215,1,calving,2025-11-05,
F0216,1,sickness,2025-11-14,2025-11-27
F0216,1,sickness,2026-02-04,2026-02-17
F0216,1,calving,2026-05-07,
F0216,1,sickness,2026-09-30,2026-10-03
F0217,1,sickness,2025-09-17,2025-10-05
F0217,1,sickness,2026-01-29,2026-02-11
F0217,1,calving,2026-02-14,
F0218,1,sickness,2026-02-21,2026-03-06
F0218,1,calving,2026-08-23,
F0219,1,sickness,2026-02-02,2026-02-16
F0219,1,sickness,2026-04-02,2026-04-17
F0219,2,calving,2026-05-09,
F0219,1,sickness,2026-05-12,2026-05-24
F0219,2,sickness,2026-05-22,2026-06-01
F0219,1,sickness,2026-07-10,2026-07-22
F0219,1,sickness,2026-09-14,2026-09-21
F0219,1,calving,2026-09-26,
F0220,2,sickness,2025-09-26,2025-10-05
F0220,2,calving,2025-12-31,
F0220,4,calving,2026-02-05,
F0220,4,sickness,2026-02-08,2026-02-18
F0220,3,calving,2026-03-11,
F0220,4,sickness,2026-03-16,2026-03-26
F0220,1,calving,2026-03-26,
F0220,3,sickness,2026-03-28,2026-04-03
F0220,2,sickness,2026-06-15,2026-06-22
F0220,2,sickness,2026-07-21,2026-08-05
F0220,2,sickness,2026-09-11,2026-09-29
F0221,1,calving,2026-05-04,
F0221,1,sickness,2026-05-26,2026-06-15
F0222,1,calving,2025-12-24,
F0222,2,sickness,2026-06-03,2026-06-23
F0222,1,sickness,2026-06-06,2026-06-17
F0223,1,calving,2026-05-25,
F0223,1,sickness,2026-07-02,2026-07-18
F0224,1,sickness,2025-11-15,2025-11-27
F0225,1,calving,2025-10-28,
F0225,2,sickness,2026-03-18,2026-04-05
F0225,2,calving,2026-04-01,
F0225,2,sickness,2026-06-30,2026-07-07
F0225,1,sickness,2026-09-27,2026-10-03
F0226,2,calving,2025-10-05,
F0226,1,calving,2025-11-24,
F0226,1,sickness,2025-12-18,2025-12-30
F0226,1,sickness,2026-06-10,2026-06-19
F0226,2,sickness,2026-07-17,2026-08-04
F0227,1,calving,2026-03-06,
F0227,1,sickness,2026-07-15,2026-07-26
F0228,4,sickness,2026-02-20,2026-03-06
F0228,4,calving,2026-05-05,
F0228,3,sickness,2026-05-27,2026-06-07
F0228,1,sickness,2026-06-09,2026-06-22
F0228,4,sickness,2026-08-01,2026-08-08
F0228,4,sickness,2026-08-25,2026-09-06
F0228,1,sickness,2026-09-14,2026-09-25
F0228,2,calving,2026-09-17,
F0229,1,sickness,2025-09-18,2025-10-06
F0229,3,sickness,2025-09-18,2025-09-27
F0229,2,sickness,2025-11-24,2025-12-10
F0229,3,sickness,2025-12-10,2025-12-18
F0229,1,sickness,2025-12-31,2026-01-06
F0229,3,calving,2026-01-29,
F0229,1,calving,2026-02-02,
F0229,3,sickness,2026-03-02,2026-03-15
F0229,1,sickness,2026-03-04,2026-03-15
F0229,2,calving,2026-06-11,
F0229,2,sickness,2026-08-01,2026-08-07
F0230,1,sickness,2025-12-29,2026-01-05
F0230,1,sickness,2026-05-15,2026-05-25
F0230,1,calving,2026-07-09,
F0230,1,sickness,2026-09-05,2026-09-22
F0231,1,sickness,2025-12-15,2026-01-01
F0231,1,sickness,2026-05-03,2026-05-14
F0231,1,sickness,2026-08-01,2026-08-12
F0231,1,calving,2026-09-23,
F0232,4,calving,2025-09-16,
F0232,3,sickness,2025-11-26,2025-12-10
F0232,1,sickness,2026-01-27,2026-02-14
F0232,5,calving,2026-02-26,
F0232,5,sickness,2026-04-06,2026-04-18
F0232,1,calving,2026-04-14,
F0232,5,sickness,2026-04-19,2026-05-04
F0232,2,calving,2026-05-06,
F0232,4,sickness,2026-06-15,2026-07-03
F0232,5,sickness,2026-09-09,2026-09-20
F0232,3,calving,2026-09-13,
F0233,1,sickness,2025-10-14,2025-10-22
F0233,1,sickness,2025-11-12,2025-11-30
F0233,1,calving,2026-01-15,
F0233,2,sickness,2026-02-20,2026-03-06
F0233,2,calving,2026-04-04,
F0233,2,sickness,2026-04-15,2026-05-04
F0233,2,sickness,2026-07-02,2026-07-10
F0233,2,sickness,2026-07-25,2026-08-01
F0234,1,calving,2026-02-01,
F0234,1,sickness,2026-03-18,2026-04-03
F0234,1,sickness,2026-05-31,2026-06-13
F0234,1,sickness,2026-08-18,2026-09-01
F0235,1,calving,2026-01-11,
F0235,1,sickness,2026-05-23,2026-06-12
F0236,1,calving,2025-10-01,
F0236,1,sickness,2025-10-05,2025-10-11
F0236,1,sickness,2025-12-06,2025-12-22
F0236,3,calving,2026-01-23,
F0236,2,sickness,2026-01-27,2026-02-12
F0236,2,sickness,2026-04-01,2026-04-11
F0236,2,sickness,2026-04-12,2026-04-27
F0236,2,calving,2026-04-21,
F0236,3,sickness,2026-09-04,2026-09-15
F0237,1,calving,2025-11-10,
F0237,2,calving,2025-12-13,
F0237,3,sickness,2026-01-04,2026-01-20
F0237,1,sickness,2026-01-05,2026-01-23
F0237,1,sickness,2026-03-19,2026-03-30
F0237,2,sickness,2026-04-25,2026-05-08
F0237,3,calving,2026-08-12,
F0238,1,sickness,2025-12-17,2025-12-28
F0238,2,sickness,2025-12-25,2026-01-13
F0238,2,sickness,2026-02-15,2026-02-25
F0238,2,sickness,2026-03-22,2026-04-09
F0238,2,calving,2026-05-21,
F0238,1,sickness,2026-06-17,2026-07-01
F0238,1,calving,2026-06-28,
F0238,3,calving,2026-08-06,
F0238,1,sickness,2026-09-09,2026-09-22
F0239,1,sickness,2025-09-28,2025-10-08
F0239,5,sickness,2025-11-23,2025-12-09
F0239,4,calving,2025-12-07,
F0239,1,calving,2026-02-17,
F0239,2,sickness,2026-02-25,2026-03-10
F0239,5,sickness,2026-03-25,2026-04-05
F0239,5,sickness,2026-04-22,2026-04-30
F0239,3,sickness,2026-09-05,2026-09-18
F0239,5,sickness,2026-09-06,2026-09-26
F0240,1,sickness,2025-10-30,2025-11-18
F0240,1,sickness,2026-03-11,2026-03-29
F0240,1,calving,2026-07-30,
F0241,1,sickness,2025-12-12,2025-12-19
F0241,2,sickness,2026-02-13,2026-02-27
F0241,2,calving,2026-03-29,
F0241,1,calving,2026-06-11,
F0242,1,sickness,2025-12-03,2025-12-21
F0242,1,sickness,2026-04-14,2026-04-30
F0242,1,calving,2026-08-03,
F0243,1,sickness,2025-09-16,2025-09-27
F0243,2,sickness,2025-09-27,2025-10-12
F0243,1,sickness,2025-09-29,2025-10-17
F0243,2,sickness,2025-12-01,2025-12-09
F0243,2,sickness,2026-01-20,2026-01-26
F0243,3,sickness,2026-03-13,2026-03-24
F0243,2,sickness,2026-03-28,2026-04-11
F0243,1,sickness,2026-04-08,2026-04-24
F0243,3,calving,2026-06-15,
F0243,1,calving,2026-08-11,
F0243,2,calving,2026-09-11,
F0244,1,sickness,2025-11-12,2025-11-27
F0244,1,sickness,2026-06-30,2026-07-20
F0244,1,calving,2026-09-08,
F0244,1,sickness,2026-09-16,2026-09-29
F0245,1,sickness,2025-09-22,2025-10-12
F0245,1,sickness,2025-10-26,2025-11-12
F0245,1,sickness,2026-01-14,2026-01-25
F0245,1,calving,2026-01-15,
F0245,1,sickness,2026-03-29,2026-04-05
F0245,1,sickness,2026-06-04,2026-06-18
F0246,1,sickness,2026-02-15,2026-03-01
F0246,1,calving,2026-07-03,
F0247,2,sickness,2026-03-15,2026-04-02
F0247,2,calving,2026-03-23,
F0247,2,sickness,2026-05-20,2026-06-02
F0247,1,sickness,2026-05-22,2026-06-04
F0247,1,calving,2026-08-13,
F0248,1,sickness,2026-01-19,2026-01-30
F0248,1,sickness,2026-02-02,2026-02-20
F0248,1,sickness,2026-04-07,2026-04-14
F0249,1,calving,2025-11-02,
F0249,1,sickness,2026-01-05,2026-01-21
F0249,1,sickness,2026-04-29,2026-05-08
F0249,1,sickness,2026-08-18,2026-08-29
F0250,2,sickness,2025-10-05,2025-10-16
F0250,3,sickness,2026-01-07,2026-01-26
F0250,3,sickness,2026-02-09,2026-02-15
F0250,2,calving,2026-03-04,
F0250,1,calving,2026-06-30,
F0250,1,sickness,2026-07-08,2026-07-27
F0250,2,sickness,2026-08-16,2026-08-24
F0251,2,sickness,2025-12-25,2026-01-04
F0251,1,calving,2026-03-29,
F0251,1,sickness,2026-07-04,2026-07-19
F0251,1,sickness,2026-08-07,2026-08-26
F0252,2,sickness,2025-11-02,2025-11-12
F0252,1,sickness,2026-01-11,2026-01-21
F0252,1,calving,2026-03-08,
F0252,2,sickness,2026-07-02,2026-07-18
F0253,1,sickness,2026-03-12,2026-03-19
F0253,1,calving,2026-09-06,
F0254,1,calving,2026-01-10,
F0255,1,sickness,2026-05-27,2026-06-05
F0255,1,calving,2026-08-16,
F0256,1,calving,2026-01-23,
F0257,4,sickness,2025-11-01,2025-11-11
F0257,2,sickness,2025-12-07,2025-12-23
F0257,3,sickness,2025-12-14,2025-12-30
F0257,2,sickness,2026-02-24,2026-03-07
F0257,2,calving,2026-03-07,
F0257,1,calving,2026-04-24,
F0257,4,sickness,2026-04-29,2026-05-06
F0257,4,calving,2026-09-17,
F0257,3,calving,2026-09-26,
F0258,1,calving,2025-09-24,
F0258,3,calving,2026-02-09,
F0258,2,sickness,2026-03-19,2026-04-04
F0258,2,sickness,2026-05-16,2026-06-01
F0258,2,calving,2026-07-10,
F0258,1,sickness,2026-09-01,2026-09-21
F0258,2,sickness,2026-09-21,2026-10-03
F0259,2,sickness,2025-10-03,2025-10-13
F0259,2,sickness,2025-12-29,2026-01-10
F0259,1,calving,2025-12-30,
F0259,2,calving,2026-05-15,
F0259,1,sickness,2026-06-30,2026-07-17
F0260,1,sickness,2026-09-28,2026-10-03
F0261,2,sickness,2025-12-06,2025-12-14
F0261,1,sickness,2026-05-16,2026-05-26
F0261,1,calving,2026-08-20,
F0262,2,sickness,2025-10-12,2025-10-23
F0262,3,sickness,2025-11-10,2025-11-21
F0262,2,sickness,2025-12-10,2025-12-17
F0262,1,sickness,2026-01-11,2026-01-24
F0262,2,sickness,2026-02-17,2026-03-05
F0262,4,calving,2026-02-25,
F0262,2,calving,2026-06-10,
F0262,1,sickness,2026-06-28,2026-07-10
F0262,1,calving,2026-07-07,
F0262,3,calving,2026-07-09,
F0262,1,sickness,2026-07-16,2026-07-28
F0262,2,sickness,2026-07-26,2026-08-01
F0262,3,sickness,2026-07-27,2026-08-03
F0262,4,sickness,2026-10-03,2026-10-03
F0263,1,sickness,2025-09-27,2025-10-14
F0263,1,calving,2025-10-12,
F0264,2,sickness,2025-10-17,2025-10-31
F0264,2,calving,2026-03-01,
F0264,3,calving,2026-04-09,
F0264,1,calving,2026-07-12,
F0264,3,sickness,2026-09-30,2026-10-03
F0266,4,sickness,2025-10-11,2025-10-23
F0266,1,sickness,2025-10-22,2025-11-09
F0266,5,calving,2025-10-31,
F0266,2,calving,2026-01-19,
F0266,1,sickness,2026-02-25,2026-03-06
F0266,2,sickness,2026-03-26,2026-04-10
F0266,5,sickness,2026-04-30,2026-05-10
F0266,3,sickness,2026-07-30,2026-08-18
F0266,4,sickness,2026-09-19,2026-10-03
F0267,2,sickness,2026-01-12,2026-01-25
F0267,1,calving,2026-08-15,
F0267,2,calving,2026-09-19,
F0268,1,calving,2025-12-11,
F0268,2,calving,2026-03-08,
F0269,4,sickness,2025-11-29,2025-12-19
F0269,1,sickness,2025-12-01,2025-12-11
F0269,1,calving,2026-01-17,
F0269,1,sickness,2026-03-06,2026-03-23
F0269,4,calving,2026-03-07,
F0269,5,calving,2026-03-07,
F0269,5,sickness,2026-03-19,2026-04-07
F0269,2,calving,2026-04-05,
F0269,2,sickness,2026-04-15,2026-04-28
F0269,5,sickness,2026-05-24,2026-06-12
F0269,3,sickness,2026-05-29,2026-06-12
F0269,3,calving,2026-08-13,
F0270,1,sickness,2026-02-15,2026-03-04
F0270,1,calving,2026-02-22,
F0270,1,sickness,2026-07-26,2026-08-05
F0271,2,calving,2025-09-18,
F0271,4,sickness,2025-09-23,2025-09-30
F0271,3,sickness,2025-12-06,2025-12-18
F0271,4,sickness,2025-12-30,2026-01-15
F0271,2,sickness,2026-01-21,2026-01-28
F0271,2,sickness,2026-01-30,2026-02-10
F0271,1,calving,2026-05-04,
F0271,4,calving,2026-07-26,
F0271,2,sickness,2026-08-12,2026-08-25
F0271,3,sickness,2026-09-18,2026-10-03
F0272,1,sickness,2025-10-06,2025-10-23
F0272,1,sickness,2025-12-16,2025-12-28
F0272,1,calving,2026-01-11,
F0272,1,sickness,2026-04-29,2026-05-12
F0273,1,sickness,2025-12-01,2025-12-21
F0273,1,sickness,2026-04-08,2026-04-14
F0274,1,sickness,2025-09-27,2025-10-07
F0274,1,calving,2025-11-05,
F0274,1,sickness,2026-01-05,2026-01-11
F0274,2,calving,2026-02-09,
F0274,2,sickness,2026-03-05,2026-03-25
F0274,1,sickness,2026-03-27,2026-04-11
F0274,2,sickness,2026-06-03,2026-06-22
F0274,2,sickness,2026-08-08,2026-08-25
F0275,1,sickness,2025-11-08,2025-11-27
F0275,1,sickness,2026-04-23,2026-05-12
F0275,1,calving,2026-04-29,
F0276,1,sickness,2025-09-22,2025-10-02
F0276,2,sickness,2025-09-29,2025-10-11
F0276,2,calving,2025-11-22,
F0276,1,calving,2025-11-23,
F0276,3,sickness,2025-11-23,2025-12-12
F0276,2,sickness,2026-01-21,2026-02-06
F0276,4,calving,2026-02-16,
F0276,3,calving,2026-06-17,
F0276,3,sickness,2026-07-16,2026-07-26
F0276,1,sickness,2026-08-20,2026-09-07
F0277,1,sickness,2025-10-10,2025-10-26
F0277,2,sickness,2025-11-18,2025-11-24
F0277,2,calving,2025-12-10,
F0277,1,calving,2025-12-30,
F0277,2,sickness,2026-02-11,2026-03-03
F0277,1,sickness,2026-04-12,2026-04-20
F0277,3,calving,2026-05-21,
F0278,1,calving,2026-03-10,
F0279,3,calving,2025-11-22,
F0279,4,calving,2025-11-27,
F0279,4,sickness,2025-12-20,2026-01-02
F0279,5,sickness,2025-12-28,2026-01-06
F0279,4,sickness,2026-03-22,2026-03-30
F0279,2,sickness,2026-05-03,2026-05-13
F0279,1,sickness,2026-06-16,2026-07-03
F0279,4,sickness,2026-06-19,2026-07-04
F0279,5,calving,2026-06-19,
F0279,1,sickness,2026-08-23,2026-08-29
F0279,2,calving,2026-09-24,
F0279,4,sickness,2026-09-24,2026-10-03
F0280,2,calving,2026-01-29,
F0280,1,sickness,2026-02-10,2026-02-20
F0280,2,sickness,2026-02-22,2026-03-03
F0280,1,sickness,2026-07-03,2026-07-13
F0280,1,calving,2026-07-31,
F0281,1,sickness,2025-10-16,2025-10-29
F0281,1,sickness,2026-02-04,2026-02-15
F0281,1,calving,2026-02-16,
F0281,1,sickness,2026-04-04,2026-04-23
F0282,1,sickness,2025-10-13,2025-10-21
F0282,2,sickness,2026-03-23,2026-04-01
F0282,2,calving,2026-05-06,
F0283,4,sickness,2025-11-13,2025-11-21
F0283,4,sickness,2025-12-18,2025-12-28
F0283,5,sickness,2025-12-18,2025-12-30
F0283,1,sickness,2025-12-23,2026-01-04
F0283,2,calving,2025-12-23,
F0283,2,sickness,2026-01-05,2026-01-13
F0283,5,calving,2026-03-08,
F0283,4,calving,2026-05-02,
F0283,4,sickness,2026-05-06,2026-05-18
F0283,5,sickness,2026-05-19,2026-05-27
F0283,3,calving,2026-06-19,
F0283,4,sickness,2026-06-24,2026-07-06
F0283,1,sickness,2026-08-03,2026-08-19
F0283,4,sickness,2026-09-02,2026-09-10
F0283,3,sickness,2026-09-06,2026-09-15
F0283,2,sickness,2026-09-25,2026-10-03
F0284,1,calving,2025-11-08,
F0284,1,sickness,2026-03-05,2026-03-14
F0284,1,sickness,2026-05-16,2026-05-24
F0284,3,sickness,2026-07-10,2026-07-29
F0284,3,calving,2026-07-19,
F0284,2,calving,2026-08-24,
F0284,1,sickness,2026-09-06,2026-09-22
F0285,1,sickness,2025-12-19,2026-01-03
F0285,1,sickness,2026-03-10,2026-03-20
F0285,1,sickness,2026-03-28,2026-04-05
F0285,1,sickness,2026-04-20,2026-05-10
F0286,1,sickness,2025-10-04,2025-10-14
F0286,1,sickness,2025-11-14,2025-11-20
F0286,1,calving,2026-01-29,
F0286,1,sickness,2026-09-22,2026-10-03
F0287,2,sickness,2025-10-17,2025-11-05
F0287,1,calving,2025-10-18,
F0287,1,sickness,2025-10-28,2025-11-15
F0287,2,sickness,2025-11-22,2025-12-04
F0287,2,calving,2026-02-18,
F0287,1,sickness,2026-05-04,2026-05-10
F0287,2,sickness,2026-05-23,2026-05-29
F0289,2,sickness,2025-12-03,2025-12-21
F0289,2,sickness,2026-03-14,2026-03-31
F0289,2,calving,2026-07-02,
F0289,1,calving,2026-08-12,
F0290,2,sickness,2025-10-25,2025-11-09
F0290,1,sickness,2026-01-18,2026-01-28
F0290,1,calving,2026-05-27,
F0290,2,sickness,2026-06-17,2026-07-06
F0290,1,sickness,2026-08-03,2026-08-19
F0290,2,calving,2026-08-21,
F0291,2,calving,2025-10-14,
F0291,2,sickness,2026-02-18,2026-02-24
F0291,1,calving,2026-03-15,
F0292,3,calving,2025-10-25,
F0292,2,sickness,2025-11-01,2025-11-13
F0292,3,sickness,2025-11-08,2025-11-19
F0292,1,sickness,2025-11-19,2025-11-25
F0292,2,calving,2026-01-29,
F0292,3,sickness,2026-03-23,2026-04-10
F0292,2,sickness,2026-04-21,2026-04-30
F0292,3,sickness,2026-04-25,2026-05-10
F0292,3,sickness,2026-06-28,2026-07-12
F0292,1,calving,2026-08-11,
F0293,1,sickness,2025-10-11,2025-10-29
F0293,2,calving,2025-10-14,
F0293,1,calving,2025-12-01,
F0293,2,sickness,2026-02-07,2026-02-13
F0293,1,sickness,2026-08-03,2026-08-18
F0294,1,sickness,2025-12-17,2026-01-05
F0294,1,sickness,2026-02-18,2026-02-28
F0294,2,sickness,2026-03-02,2026-03-12
F0294,2,calving,2026-03-06,
F0295,1,calving,2025-10-06,
F0295,2,sickness,2026-04-07,2026-04-21
F0295,2,sickness,2026-05-05,2026-05-25
F0295,1,sickness,2026-05-30,2026-06-07
F0296,1,sickness,2026-07-18,2026-07-27
F0296,1,sickness,2026-08-02,2026-08-21
F0296,1,calving,2026-08-16,
F0297,1,sickness,2025-10-02,2025-10-09
F0297,1,sickness,2025-11-19,2025-12-03
F0297,1,calving,2025-12-14,
F0297,2,sickness,2026-01-08,2026-01-24
F0297,1,sickness,2026-03-31,2026-04-14
F0297,3,calving,2026-04-10,
F0297,2,sickness,2026-07-07,2026-07-17
F0297,1,sickness,2026-08-22,2026-09-11
F0298,1,sickness,2026-02-04,2026-02-12
F0298,1,calving,2026-04-17,
F0298,2,calving,2026-05-27,
F0298,2,sickness,2026-08-13,2026-08-29
F0298,2,sickness,2026-09-12,2026-09-29
F0299,2,calving,2026-03-04,
F0299,2,sickness,2026-04-28,2026-05-17
F0299,1,calving,2026-06-15,
F0299,1,sickness,2026-08-02,2026-08-09
F0299,2,sickness,2026-08-27,2026-09-15
F0300,1,sickness,2026-01-25,2026-02-03
F0301,4,sickness,2025-11-10,2025-11-16
F0301,3,calving,2025-11-18,
F0301,2,sickness,2025-12-20,2025-12-28
F0301,2,calving,2026-01-20,
F0301,1,calving,2026-02-23,
F0301,4,sickness,2026-04-05,2026-04-19
F0301,2,sickness,2026-05-03,2026-05-13
F0301,3,sickness,2026-05-26,2026-06-14
F0301,1,sickness,2026-07-23,2026-08-08
F0301,4,calving,2026-07-31,
F0301,2,sickness,2026-08-03,2026-08-14
F0301,3,sickness,2026-08-09,2026-08-22
F0301,2,sickness,2026-09-27,2026-10-03
F0302,1,calving,2026-08-28,
F0302,1,sickness,2026-09-26,2026-10-03
F0303,1,sickness,2025-10-23,2025-11-05
F0303,1,sickness,2026-06-14,2026-07-02
F0303,1,sickness,2026-08-18,2026-08-31
F0303,1,calving,2026-09-27,
F0304,1,calving,2025-10-02,
F0304,1,sickness,2026-03-02,2026-03-08
F0305,1,sickness,2025-12-26,2026-01-04
F0305,1,calving,2026-01-03,
F0305,2,sickness,2026-02-17,2026-03-09
F0305,1,sickness,2026-07-10,2026-07-21
F0306,2,sickness,2025-10-05,2025-10-15
F0306,1,sickness,2026-01-13,2026-01-26
F0306,1,sickness,2026-03-23,2026-03-29
F0306,2,calving,2026-03-29,
F0306,1,calving,2026-04-14,
F0307,2,sickness,2026-01-10,2026-01-28
F0307,1,sickness,2026-04-06,2026-04-14
F0307,1,sickness,2026-05-09,2026-05-26
F0307,2,calving,2026-06-23,
F0307,1,calving,2026-08-26,
F0308,1,sickness,2026-03-02,2026-03-16
F0308,1,calving,2026-09-24,
F0309,2,calving,2025-11-30,
F0309,2,sickness,2025-12-23,2026-01-08
F0309,1,sickness,2026-01-08,2026-01-17
F0309,1,calving,2026-08-31,
F0310,1,sickness,2025-11-14,2025-12-04
F0310,2,sickness,2026-06-27,2026-07-14
F0310,1,calving,2026-08-22,
F0311,2,sickness,2025-09-30,2025-10-17
F0311,2,calving,2025-12-30,
F0311,1,calving,2026-03-17,
F0312,1,sickness,2026-01-05,2026-01-15
F0312,1,calving,2026-02-11,
F0312,1,sickness,2026-05-02,2026-05-08
F0312,2,calving,2026-06-05,
F0312,2,sickness,2026-08-11,2026-08-17
F0313,5,calving,2025-10-01,
F0313,2,sickness,2025-10-29,2025-11-17
F0313,5,sickness,2025-10-31,2025-11-10
F0313,4,sickness,2025-12-08,2025-12-19
F0313,4,sickness,2026-01-25,2026-02-14
F0313,3,calving,2026-03-30,
F0313,4,calving,2026-04-17,
F0313,2,sickness,2026-04-26,2026-05-14
F0313,1,sickness,2026-05-03,2026-05-16
F0313,5,sickness,2026-06-14,2026-06-30
F0313,4,sickness,2026-07-01,2026-07-20
F0313,1,calving,2026-07-13,
F0313,2,sickness,2026-08-07,2026-08-15
F0313,2,calving,2026-09-08,
F0313,2,sickness,2026-09-22,2026-10-03
F0314,1,calving,2026-05-08,
F0315,1,sickness,2025-10-15,2025-10-29
F0315,1,sickness,2025-12-14,2025-12-20
F0315,5,sickness,2025-12-15,2025-12-31
F0315,4,sickness,2026-01-04,2026-01-20
F0315,2,calving,2026-01-12,
F0315,2,sickness,2026-03-03,2026-03-20
F0315,3,sickness,2026-04-22,2026-05-06
F0315,3,sickness,2026-05-12,2026-05-18
F0315,1,calving,2026-05-21,
F0315,3,calving,2026-06-07,
F0315,3,sickness,2026-06-27,2026-07-11
F0315,1,sickness,2026-07-25,2026-08-14
F0315,4,calving,2026-08-16,
F0315,5,calving,2026-08-19,
F0316,1,sickness,2026-03-11,2026-03-27
F0316,2,sickness,2026-04-06,2026-04-18
F0316,2,sickness,2026-05-12,2026-05-28
F0316,2,calving,2026-06-04,
F0316,1,calving,2026-07-01,
F0317,1,sickness,2025-09-26,2025-10-13
F0317,2,sickness,2025-10-10,2025-10-16
F0317,1,calving,2025-10-17,
F0317,2,sickness,2026-03-27,2026-04-12
F0317,2,calving,2026-05-02,
F0318,1,calving,2026-02-13,
F0318,1,sickness,2026-09-01,2026-09-19
F0318,1,sickness,2026-09-26,2026-10-03
F0319,3,sickness,2025-11-06,2025-11-13
F0319,1,calving,2025-12-22,
F0319,3,sickness,2026-01-24,2026-02-10
F0319,3,sickness,2026-03-29,2026-04-09
F0319,2,sickness,2026-03-30,2026-04-06
F0319,1,sickness,2026-05-09,2026-05-20
F0319,3,calving,2026-05-18,
F0319,2,calving,2026-06-15,
F0319,2,sickness,2026-07-19,2026-08-04
F0319,2,sickness,2026-08-22,2026-09-07
F0320,1,calving,2026-06-08,
F0320,2,sickness,2026-06-16,2026-07-01
F0320,2,calving,2026-06-19,
F0320,1,sickness,2026-07-19,2026-07-31
F0320,1,sickness,2026-09-10,2026-09-21
F0321,1,calving,2026-02-10,
F0321,3,sickness,2026-03-04,2026-03-14
F0321,4,sickness,2026-03-17,2026-03-23
F0321,4,calving,2026-03-19,
F0321,3,sickness,2026-04-25,2026-05-12
F0321,2,calving,2026-05-19,
F0321,3,calving,2026-07-19,
F0321,1,sickness,2026-08-05,2026-08-25
F0321,2,sickness,2026-08-15,2026-09-04
F0321,4,sickness,2026-08-21,2026-09-02
F0322,1,calving,2026-01-06,
F0323,4,sickness,2025-09-16,2025-09-30
F0323,2,sickness,2025-09-24,2025-10-06
F0323,2,sickness,2025-10-11,2025-10-30
F0323,5,sickness,2025-12-02,2025-12-17
F0323,4,calving,2025-12-15,
F0323,5,sickness,2026-01-22,2026-01-30
F0323,1,sickness,2026-02-19,2026-03-11
F0323,2,sickness,2026-04-17,2026-04-27
F0323,2,sickness,2026-05-01,2026-05-15
F0323,2,sickness,2026-06-01,2026-06-20
F0323,1,calving,2026-06-14,
F0323,1,sickness,2026-06-22,2026-07-10
F0323,4,sickness,2026-06-27,2026-07-12
F0323,5,sickness,2026-07-02,2026-07-08
F0323,2,sickness,2026-07-05,2026-07-19
F0323,1,sickness,2026-08-09,2026-08-29
F0323,3,sickness,2026-08-17,2026-08-28
F0323,3,calving,2026-09-07,
F0323,2,calving,2026-09-10,
F0323,4,sickness,2026-09-17,2026-09-27
F0324,1,calving,2025-11-20,
F0325,1,sickness,2025-10-05,2025-10-17
F0325,1,calving,2025-11-20,
F0325,1,sickness,2026-06-04,2026-06-10
F0326,1,sickness,2025-09-30,2025-10-20
F0326,1,calving,2025-11-23,
F0326,1,sickness,2026-04-15,2026-04-29
F0326,2,sickness,2026-08-20,2026-08-26
F0326,2,sickness,2026-09-12,2026-09-22
F0327,1,sickness,2026-01-29,2026-02-14
F0327,1,sickness,2026-02-17,2026-02-23
F0327,1,sickness,2026-06-05,2026-06-25
F0327,1,calving,2026-07-20,
F0327,1,sickness,2026-08-22,2026-09-02
F0328,2,calving,2026-01-03,
F0328,1,calving,2026-01-21,
F0328,2,sickness,2026-04-06,2026-04-17
F0328,1,sickness,2026-06-07,2026-06-22
F0328,1,sickness,2026-06-28,2026-07-17
F0328,2,sickness,2026-09-17,2026-10-02
F0329,1,sickness,2025-10-16,2025-11-02
F0329,1,calving,2026-03-31,
F0329,1,sickness,2026-04-02,2026-04-08
F0330,1,sickness,2026-06-24,2026-07-03
F0331,1,calving,2025-12-05,
F0331,2,sickness,2025-12-17,2025-12-28
F0331,2,sickness,2026-01-02,2026-01-21
F0331,2,calving,2026-01-03,
F0331,1,sickness,2026-02-12,2026-02-19
F0331,2,sickness,2026-04-02,2026-04-20
F0331,2,sickness,2026-06-20,2026-07-05
F0331,2,sickness,2026-07-14,2026-07-24
F0331,3,calving,2026-08-11,
F0331,3,sickness,2026-09-01,2026-09-17
F0331,2,sickness,2026-09-16,2026-09-29
F0331,1,sickness,2026-09-22,2026-09-28
F0332,1,sickness,2025-09-16,2025-09-28
F0332,1,sickness,2025-11-18,2025-11-28
F0332,1,calving,2026-01-03,
F0332,1,sickness,2026-01-08,2026-01-27
F0332,1,sickness,2026-02-19,2026-03-07
F0332,1,sickness,2026-04-17,2026-04-27
F0332,1,sickness,2026-06-10,2026-06-19
F0332,1,sickness,2026-08-09,2026-08-27
F0332,1,sickness,2026-09-14,2026-09-28
F0333,1,calving,2026-03-11,
F0333,1,sickness,2026-03-13,2026-03-30
F0333,1,sickness,2026-05-14,2026-05-23
F0333,1,sickness,2026-07-04,2026-07-15
F0333,1,sickness,2026-08-21,2026-09-08
F0334,4,sickness,2025-10-02,2025-10-19
F0334,2,calving,2025-10-09,
F0334,1,sickness,2025-10-19,2025-10-28
F0334,2,sickness,2025-10-22,2025-10-31
F0334,3,calving,2025-12-10,
F0334,3,sickness,2025-12-11,2025-12-30
F0334,2,sickness,2026-02-05,2026-02-16
F0334,1,calving,2026-02-20,
F0334,4,sickness,2026-06-30,2026-07-14
F0334,3,sickness,2026-07-21,2026-08-08
F0334,4,calving,2026-08-05,
F0334,1,sickness,2026-09-20,2026-09-28
F0335,1,sickness,2025-12-07,2025-12-13
F0335,1,calving,2025-12-08,
F0335,1,sickness,2026-08-24,2026-09-10
F0336,3,calving,2025-12-19,
F0336,1,calving,2026-02-22,
F0336,2,calving,2026-05-23,
F0336,2,sickness,2026-06-18,2026-06-29
F0336,1,sickness,2026-09-09,2026-09-29
F0337,3,sickness,2025-09-25,2025-10-09
F0337,1,calving,2025-10-16,
F0337,2,calving,2025-11-15,
F0337,3,sickness,2026-05-10,2026-05-30
F0337,3,sickness,2026-06-01,2026-06-12
F0337,1,sickness,2026-07-12,2026-07-19
F0337,3,calving,2026-09-10,
F0338,1,sickness,2025-09-21,2025-10-08
F0338,1,calving,2026-03-01,
F0338,1,sickness,2026-08-01,2026-08-17
F0339,1,sickness,2025-10-11,2025-10-22
F0339,1,calving,2026-01-28,
F0339,1,sickness,2026-04-06,2026-04-20
F0339,1,sickness,2026-08-22,2026-08-28
F0340,1,sickness,2025-10-15,2025-10-29
F0340,2,calving,2025-10-30,
F0340,2,sickness,2025-12-21,2026-01-01
F0340,1,calving,2026-01-12,
F0340,4,calving,2026-01-19,
F0340,2,sickness,2026-02-03,2026-02-11
F0340,3,sickness,2026-03-11,2026-03-18
F0340,1,sickness,2026-03-27,2026-04-13
F0340,2,sickness,2026-03-27,2026-04-14
F0340,1,sickness,2026-06-08,2026-06-15
F0340,1,sickness,2026-08-30,2026-09-11
F0341,1,sickness,2025-10-04,2025-10-17
F0341,2,calving,2025-10-24,
F0341,1,sickness,2025-12-19,2026-01-02
F0341,1,calving,2026-03-31,
F0341,3,sickness,2026-04-11,2026-04-20
F0341,3,calving,2026-05-17,
F0342,1,sickness,2025-10-27,2025-11-11
F0342,1,calving,2025-12-07,
F0342,1,sickness,2026-05-01,2026-05-17
F0343,1,calving,2025-12-18,
F0343,1,sickness,2026-01-20,2026-02-02
F0343,1,sickness,2026-08-07,2026-08-20
F0344,1,calving,2026-05-15,
F0344,1,sickness,2026-05-25,2026-06-07
F0345,1,sickness,2025-11-04,2025-11-18
F0345,1,sickness,2026-02-09,2026-02-25
F0345,1,calving,2026-04-16,
F0345,1,sickness,2026-04-30,2026-05-20
F0345,1,sickness,2026-08-05,2026-08-22
F0346,1,calving,2026-07-26,
F0347,1,sickness,2026-02-10,2026-02-27
F0347,1,calving,2026-07-25,
F0348,3,calving,2025-10-11,
F0348,2,sickness,2025-11-15,2025-12-03
F0348,3,sickness,2025-12-30,2026-01-14
F0348,2,calving,2026-02-18,
F0348,4,calving,2026-03-03,
F0348,1,sickness,2026-04-26,2026-05-02
F0348,3,sickness,2026-06-09,2026-06-20
F0348,1,calving,2026-06-19,
F0349,1,calving,2025-11-28,
F0349,1,sickness,2026-06-20,2026-06-27
F0350,1,calving,2026-08-26,
F0351,1,sickness,2025-11-13,2025-11-20
F0351,1,sickness,2026-04-12,2026-04-18
F0352,1,sickness,2025-10-01,2025-10-09
F0352,1,sickness,2026-02-23,2026-03-01
F0352,1,calving,2026-05-04,
F0353,2,calving,2025-12-19,
F0353,1,sickness,2026-04-12,2026-04-19
F0353,1,sickness,2026-06-19,2026-07-05
F0353,1,sickness,2026-07-07,2026-07-20
F0353,2,sickness,2026-09-24,2026-10-03
F0353,1,sickness,2026-09-27,2026-10-03
F0354,2,sickness,2025-09-20,2025-09-30
F0354,3,sickness,2026-01-22,2026-02-11
F0354,3,calving,2026-02-04,
F0354,2,sickness,2026-04-22,2026-05-04
F0354,3,sickness,2026-05-07,2026-05-16
F0354,1,calving,2026-06-08,
F0354,2,sickness,2026-06-16,2026-07-03
F0354,4,calving,2026-07-02,
F0354,4,sickness,2026-09-02,2026-09-19
F0354,2,calving,2026-09-26,
F0355,1,sickness,2025-09-23,2025-10-05
F0355,1,sickness,2025-10-31,2025-11-14
F0355,1,sickness,2026-05-06,2026-05-25
F0355,1,calving,2026-06-09,
F0355,1,sickness,2026-07-18,2026-07-25
F0356,2,calving,2025-11-30,
F0356,1,sickness,2026-04-09,2026-04-27
F0356,1,calving,2026-07-10,
F0357,2,sickness,2026-03-03,2026-03-23
F0357,1,calving,2026-04-08,
F0357,2,calving,2026-04-16,
F0358,1,sickness,2026-01-31,2026-02-16
F0358,1,calving,2026-06-02,
F0359,1,sickness,2025-09-27,2025-10-12
F0359,2,sickness,2025-11-01,2025-11-18
F0359,4,calving,2025-11-01,
F0359,4,sickness,2025-11-03,2025-11-14
F0359,1,sickness,2025-11-13,2025-12-02
F0359,1,calving,2025-11-27,
F0359,4,sickness,2025-12-19,2026-01-06
F0359,2,sickness,2026-01-08,2026-01-17
F0359,3,sickness,2026-03-09,2026-03-20
F0359,1,sickness,2026-03-13,2026-03-20
F0359,5,sickness,2026-05-11,2026-05-25
F0359,2,calving,2026-05-15,
F0359,1,sickness,2026-05-21,2026-05-29
F0359,3,sickness,2026-05-27,2026-06-12
F0359,5,sickness,2026-06-27,2026-07-10
F0359,3,sickness,2026-07-29,2026-08-11
F0359,1,sickness,2026-08-16,2026-09-03
F0359,1,sickness,2026-09-07,2026-09-22
F0359,1,sickness,2026-09-23,2026-10-03
F0360,1,calving,2026-02-02,
F0361,1,calving,2026-04-23,
F0362,3,sickness,2025-11-24,2025-12-09
F0362,3,sickness,2025-12-10,2025-12-20
F0362,3,sickness,2025-12-30,2026-01-13
F0362,1,sickness,2026-02-03,2026-02-23
F0362,1,sickness,2026-02-24,2026-03-11
F0362,1,calving,2026-03-25,
F0362,3,calving,2026-06-03,
F0362,2,calving,2026-06-08,
F0363,1,sickness,2025-12-09,2025-12-28
F0363,1,sickness,2026-07-07,2026-07-24
F0363,1,sickness,2026-08-23,2026-08-30
F0363,1,calving,2026-09-04,
F0364,1,calving,2025-09-24,
F0364,1,sickness,2025-09-27,2025-10-04
F0364,1,sickness,2026-01-27,2026-02-09
F0364,1,sickness,2026-09-21,2026-10-03
F0365,1,calving,2025-12-11,
F0365,1,sickness,2025-12-23,2026-01-08
F0365,1,sickness,2026-05-18,2026-06-07
F0365,1,sickness,2026-09-30,2026-10-03
F0366,1,sickness,2026-08-06,2026-08-12
F0367,1,sickness,2025-10-05,2025-10-18
F0367,1,sickness,2026-07-17,2026-07-26
F0367,1,calving,2026-08-27,
F0368,2,sickness,2025-11-04,2025-11-21
F0368,3,sickness,2025-11-15,2025-11-23
F0368,1,calving,2025-12-24,
F0368,3,sickness,2025-12-30,2026-01-11
F0368,5,sickness,2026-01-31,2026-02-12
F0368,5,calving,2026-02-10,
F0368,2,sickness,2026-03-07,2026-03-17
F0368,2,calving,2026-05-24,
F0368,3,calving,2026-07-05,
F0368,3,sickness,2026-07-13,2026-07-28
F0368,4,calving,2026-08-09,
F0368,1,sickness,2026-10-02,2026-10-03
F0369,2,sickness,2025-10-26,2025-11-06
F0369,3,calving,2025-11-19,
F0369,3,sickness,2026-02-09,2026-02-20
F0369,1,sickness,2026-02-11,2026-02-21
F0369,1,sickness,2026-03-07,2026-03-16
F0369,1,sickness,2026-06-05,2026-06-13
F0369,4,calving,2026-06-20,
F0369,3,sickness,2026-06-24,2026-07-08
F0369,1,sickness,2026-08-03,2026-08-16
F0369,3,sickness,2026-09-01,2026-09-10
F0369,2,sickness,2026-09-11,2026-09-28
F0369,4,sickness,2026-09-21,2026-10-03
F0369,1,calving,2026-10-03,
F0370,1,sickness,2025-12-06,2025-12-19
F0370,1,calving,2025-12-19,
F0370,1,sickness,2026-05-11,2026-05-25
F0371,1,sickness,2026-05-26,2026-06-11
F0371,1,calving,2026-07-19,
F0372,1,sickness,2025-10-25,2025-11-14
F0372,1,calving,2025-11-23,
F0372,2,sickness,2026-01-23,2026-02-09
F0372,2,calving,2026-02-17,
F0372,1,sickness,2026-07-31,2026-08-12
F0373,2,sickness,2025-11-30,2025-12-16
F0373,2,sickness,2026-03-18,2026-04-03
F0373,1,calving,2026-04-24,
F0373,2,calving,2026-04-28,
F0373,1,sickness,2026-08-21,2026-09-05
F0374,2,sickness,2025-09-24,2025-10-13
F0374,2,calving,2025-11-25,
F0374,1,calving,2026-04-29,
F0374,2,sickness,2026-06-23,2026-07-06
F0374,1,sickness,2026-08-29,2026-09-07
F0375,2,sickness,2025-12-04,2025-12-19
F0375,1,sickness,2026-01-01,2026-01-08
F0375,2,calving,2026-02-10,
F0376,1,calving,2026-05-28,
F0376,1,sickness,2026-08-07,2026-08-19
F0377,1,calving,2025-10-23,
F0377,1,sickness,2025-11-17,2025-12-03
F0377,1,sickness,2026-02-24,2026-03-07
F0378,1,calving,2025-11-25,
F0378,2,sickness,2026-01-14,2026-01-28
F0378,2,sickness,2026-03-11,2026-03-17
F0378,1,sickness,2026-08-08,2026-08-18
F0378,2,sickness,2026-08-15,2026-09-01
F0379,1,calving,2026-01-28,
F0379,1,sickness,2026-02-22,2026-03-13
F0379,1,sickness,2026-09-10,2026-09-26
F0380,1,sickness,2025-11-14,2025-11-24
F0380,1,sickness,2026-04-11,2026-04-28
F0380,1,calving,2026-08-03,
F0381,2,sickness,2025-09-18,2025-09-24
F0381,1,sickness,2025-09-20,2025-10-06
F0381,1,calving,2025-11-04,
F0381,2,calving,2025-12-13,
F0381,2,sickness,2026-01-29,2026-02-05
F0381,2,sickness,2026-06-06,2026-06-12
F0382,1,sickness,2025-12-27,2026-01-15
F0382,1,calving,2026-07-03,
F0383,2,sickness,2025-10-17,2025-10-27
F0383,4,sickness,2025-11-02,2025-11-08
F0383,4,sickness,2025-12-07,2025-12-19
F0383,1,calving,2025-12-20,
F0383,2,calving,2026-01-07,
F0383,2,sickness,2026-01-14,2026-01-23
F0383,4,sickness,2026-02-14,2026-02-24
F0383,5,calving,2026-06-09,
F0383,1,sickness,2026-06-21,2026-07-10
F0384,1,sickness,2026-04-09,2026-04-24
F0384,1,calving,2026-08-08,
F0385,2,sickness,2025-09-19,2025-09-30
F0385,3,sickness,2025-09-28,2025-10-04
F0385,2,sickness,2025-12-13,2025-12-28
F0385,1,sickness,2026-01-15,2026-01-28
F0385,1,sickness,2026-04-13,2026-04-30
F0385,3,calving,2026-04-17,
F0385,2,calving,2026-04-22,
F0385,1,calving,2026-05-16,
F0386,1,sickness,2025-11-01,2025-11-15
F0386,1,calving,2025-12-25,
F0386,1,sickness,2026-08-04,2026-08-21
F0386,1,sickness,2026-09-15,2026-10-02
F0387,1,sickness,2026-02-15,2026-02-21
F0387,1,calving,2026-02-26,
F0387,1,sickness,2026-06-29,2026-07-11
F0387,1,sickness,2026-10-02,2026-10-03
F0388,1,sickness,2025-11-10,2025-11-22
F0388,1,calving,2026-02-13,
F0388,1,sickness,2026-04-29,2026-05-18
F0388,1,sickness,2026-07-10,2026-07-22
F0388,1,sickness,2026-09-03,2026-09-12
F0388,1,sickness,2026-09-16,2026-10-03
F0389,1,calving,2026-01-14,
F0389,1,sickness,2026-04-01,2026-04-19
F0389,1,sickness,2026-07-09,2026-07-16
F0389,1,sickness,2026-08-30,2026-09-16
F0390,1,calving,2026-01-05,
F0390,2,sickness,2026-03-26,2026-04-10
F0390,2,calving,2026-03-27,
F0391,1,sickness,2025-09-30,2025-10-08
F0391,1,sickness,2025-12-01,2025-12-20
F0391,1,sickness,2026-03-02,2026-03-16
F0391,1,calving,2026-03-13,
F0392,1,sickness,2025-11-30,2025-12-19
F0392,1,calving,2026-01-24,
F0393,1,sickness,2026-02-08,2026-02-14
F0393,1,sickness,2026-05-21,2026-06-08
F0393,1,sickness,2026-06-17,2026-07-03
F0393,1,calving,2026-09-09,
F0394,1,sickness,2026-01-15,2026-02-04
F0394,1,calving,2026-09-04,
F0395,1,sickness,2025-12-09,2025-12-19
F0395,5,calving,2025-12-11,
F0395,3,sickness,2025-12-12,2025-12-20
F0395,4,calving,2026-01-13,
F0395,2,sickness,2026-01-16,2026-01-26
F0395,2,sickness,2026-02-02,2026-02-19
F0395,4,sickness,2026-02-17,2026-03-07
F0395,2,calving,2026-02-28,
F0395,4,sickness,2026-03-24,2026-04-09
F0395,3,sickness,2026-04-16,2026-04-30
F0395,3,calving,2026-05-19,
F0395,5,sickness,2026-06-17,2026-06-29
F0395,2,sickness,2026-07-16,2026-08-04
F0395,1,sickness,2026-08-18,2026-08-31
F0395,1,calving,2026-08-18,
F0395,2,sickness,2026-09-22,2026-10-02
F0396,1,sickness,2025-12-23,2025-12-29
F0396,1,calving,2026-03-07,
F0396,1,sickness,2026-03-31,2026-04-10
F0396,1,sickness,2026-05-17,2026-06-05
F0397,1,sickness,2026-04-17,2026-05-02
F0397,1,calving,2026-08-11,
F0398,1,sickness,2025-12-13,2025-12-22
F0398,2,sickness,2026-02-08,2026-02-26
F0398,1,sickness,2026-02-23,2026-03-04
F0398,2,calving,2026-03-31,
F0398,2,sickness,2026-04-01,2026-04-09
F0399,2,sickness,2025-12-11,2025-12-26
F0399,2,sickness,2026-07-12,2026-07-28
F0399,1,calving,2026-07-18,
F0399,2,calving,2026-07-26,
F0399,2,sickness,2026-09-09,2026-09-25
F0400,1,sickness,2025-10-05,2025-10-24
F0400,2,sickness,2025-11-18,2025-12-07
F0400,1,sickness,2026-08-07,2026-08-20
F0400,1,calving,2026-09-29,
F0401,1,sickness,2025-10-26,2025-11-09
F0401,1,sickness,2026-03-26,2026-04-05
F0401,1,calving,2026-06-06,
F0402,2,sickness,2025-11-27,2025-12-16
F0402,1,sickness,2025-12-18,2025-12-30
F0402,2,calving,2026-04-19,
F0402,1,calving,2026-05-03,
F0403,3,calving,2025-12-07,
F0403,2,calving,2026-04-22,
F0403,1,sickness,2026-09-03,2026-09-10
F0403,1,calving,2026-09-11,
F0404,1,sickness,2025-12-15,2025-12-31
F0404,1,sickness,2026-02-12,2026-02-27
F0404,1,calving,2026-02-28,
F0404,1,sickness,2026-04-21,2026-04-27
F0405,1,sickness,2025-11-15,2025-11-30
F0405,2,calving,2026-02-02,
F0405,1,sickness,2026-03-30,2026-04-05
F0405,1,calving,2026-03-31,
F0405,2,sickness,2026-08-08,2026-08-25
F0406,1,sickness,2025-11-13,2025-12-03
F0406,1,sickness,2026-08-17,2026-08-29
F0407,1,sickness,2025-09-18,2025-09-28
F0407,1,calving,2025-11-27,
F0407,2,calving,2026-05-20,
F0407,2,sickness,2026-06-08,2026-06-27
F0407,2,sickness,2026-09-23,2026-09-30
F0408,2,sickness,2025-10-29,2025-11-08
F0408,1,sickness,2025-11-07,2025-11-13
F0408,1,sickness,2025-11-21,2025-12-04
F0408,2,sickness,2025-12-13,2025-12-27
F0408,2,calving,2026-03-28,
F0408,1,sickness,2026-04-22,2026-04-29
F0408,1,sickness,2026-05-13,2026-05-26
F0408,1,sickness,2026-05-29,2026-06-11
F0408,1,calving,2026-06-29,
F0408,1,sickness,2026-08-05,2026-08-20
F0409,1,sickness,2025-10-01,2025-10-19
F0409,2,sickness,2025-11-23,2025-12-11
F0409,2,sickness,2025-12-15,2026-01-01
F0409,2,sickness,2026-06-19,2026-07-09
F0409,1,sickness,2026-06-23,2026-07-03
F0409,2,calving,2026-08-12,
F0409,1,sickness,2026-08-30,2026-09-16
F0409,1,calving,2026-09-24,
F0410,2,sickness,2025-10-23,2025-11-04
F0410,2,calving,2025-11-20,
F0410,4,sickness,2025-12-06,2025-12-16
F0410,1,sickness,2025-12-16,2025-12-22
F0410,4,sickness,2026-01-08,2026-01-25
F0410,2,sickness,2026-01-09,2026-01-17
F0410,5,sickness,2026-02-09,2026-02-20
F0410,2,sickness,2026-03-11,2026-03-31
F0410,1,calving,2026-03-21,
F0410,4,calving,2026-04-08,
F0410,1,sickness,2026-06-13,2026-06-21
F0410,5,calving,2026-09-10,
F0411,1,calving,2025-09-26,
F0411,2,sickness,2025-11-20,2025-11-28
F0411,2,calving,2025-12-18,
F0411,3,sickness,2025-12-18,2025-12-31
F0411,3,sickness,2026-02-10,2026-02-17
F0411,3,sickness,2026-03-21,2026-04-02
F0411,1,sickness,2026-03-30,2026-04-13
F0411,4,calving,2026-04-04,
F0411,3,sickness,2026-05-26,2026-06-11
F0411,3,calving,2026-06-19,
F0412,2,calving,2026-01-14,
F0412,2,sickness,2026-02-10,2026-02-26
F0412,2,sickness,2026-05-20,2026-05-27
F0412,1,calving,2026-07-02,
F0413,2,sickness,2025-11-03,2025-11-11
F0413,2,sickness,2025-11-12,2025-11-19
F0413,1,sickness,2025-11-25,2025-12-04
F0413,1,sickness,2026-04-16,2026-04-29
F0414,2,sickness,2025-09-29,2025-10-08
F0414,1,sickness,2025-10-16,2025-11-02
F0414,2,calving,2025-11-03,
F0414,3,sickness,2026-01-14,2026-01-24
F0414,1,calving,2026-07-19,
F0414,2,sickness,2026-09-13,2026-10-01
F0414,3,calving,2026-09-26,
F0415,1,sickness,2025-12-26,2026-01-14
F0415,2,calving,2026-04-10,
F0415,1,sickness,2026-05-19,2026-05-26
F0415,2,sickness,2026-08-01,2026-08-17
F0416,1,sickness,2025-10-07,2025-10-19
F0416,1,calving,2025-12-26,
F0417,2,sickness,2025-10-24,2025-11-05
F0417,2,sickness,2025-11-07,2025-11-27
F0417,2,sickness,2026-03-20,2026-04-04
F0417,1,sickness,2026-05-20,2026-05-27
F0417,1,sickness,2026-05-30,2026-06-16
F0418,2,sickness,2026-01-16,2026-01-27
F0418,1,sickness,2026-01-18,2026-02-07
F0418,2,sickness,2026-01-28,2026-02-14
F0418,2,sickness,2026-06-07,2026-06-13
F0419,1,calving,2025-10-02,
F0419,4,sickness,2025-10-03,2025-10-19
F0419,4,sickness,2025-11-02,2025-11-09
F0419,4,sickness,2025-11-24,2025-12-03
F0419,4,calving,2026-02-28,
F0419,3,calving,2026-03-27,
F0419,3,sickness,2026-04-12,2026-04-25
F0419,2,calving,2026-07-07,
F0419,1,sickness,2026-08-27,2026-09-06
F0419,1,sickness,2026-09-11,2026-09-21
F0420,1,sickness,2025-09-25,2025-10-08
F0420,2,calving,2025-11-02,
F0420,1,sickness,2026-02-07,2026-02-22
F0420,1,sickness,2026-03-26,2026-04-09
F0420,2,sickness,2026-03-29,2026-04-07
F0420,1,calving,2026-05-17,
F0420,1,sickness,2026-05-31,2026-06-15
F0421,1,calving,2026-09-28,
F0422,2,sickness,2025-10-01,2025-10-17
F0422,1,calving,2025-11-16,
F0422,2,calving,2026-03-20,
F0422,2,sickness,2026-08-12,2026-08-26
F0423,1,calving,2026-02-03,
F0423,2,calving,2026-06-05,
F0423,1,sickness,2026-06-30,2026-07-14
F0424,1,calving,2026-07-09,
F0425,1,sickness,2025-12-30,2026-01-08
F0425,1,calving,2026-03-18,
F0425,1,sickness,2026-07-23,2026-08-06
F0426,2,calving,2025-11-09,
F0426,1,sickness,2026-01-13,2026-01-22
F0426,1,calving,2026-06-04,
F0426,2,sickness,2026-08-03,2026-08-14
F0426,1,sickness,2026-09-02,2026-09-12
F0427,1,sickness,2025-10-22,2025-11-06
F0427,2,calving,2025-11-22,
F0427,1,calving,2026-07-09,
F0427,1,sickness,2026-09-06,2026-09-23
F0427,2,sickness,2026-09-12,2026-09-26
F0428,2,calving,2025-10-25,
F0428,3,sickness,2026-03-05,2026-03-17
F0428,2,sickness,2026-03-29,2026-04-10
F0428,2,sickness,2026-04-24,2026-04-30
F0428,3,sickness,2026-05-30,2026-06-12
F0428,2,sickness,2026-08-03,2026-08-22
F0428,1,sickness,2026-08-14,2026-08-30
F0428,2,sickness,2026-08-28,2026-09-10
F0428,1,sickness,2026-09-05,2026-09-23
F0429,2,sickness,2025-09-22,2025-10-01
F0429,1,calving,2026-01-16,
F0429,1,sickness,2026-03-09,2026-03-29
F0429,2,calving,2026-04-13,
F0429,1,sickness,2026-04-20,2026-04-30
F0429,3,calving,2026-07-20,
F0429,3,sickness,2026-08-20,2026-09-06
F0429,2,sickness,2026-09-14,2026-09-30
F0430,1,sickness,2025-12-04,2025-12-22
F0430,1,calving,2026-01-13,
F0431,1,sickness,2026-01-18,2026-02-07
F0431,1,calving,2026-06-11,
F0431,2,calving,2026-09-25,
F0432,2,calving,2026-05-04,
F0432,1,calving,2026-07-26,
F0433,2,calving,2025-09-30,
F0433,1,sickness,2025-10-04,2025-10-21
F0433,3,calving,2025-10-08,
F0433,2,sickness,2025-11-08,2025-11-19
F0433,1,calving,2025-12-05,
F0433,3,sickness,2026-07-13,2026-07-25
F0434,1,calving,2025-11-04,
F0435,2,sickness,2025-10-01,2025-10-19
F0435,4,sickness,2025-10-28,2025-11-07
F0435,1,sickness,2025-11-06,2025-11-19
F0435,2,sickness,2025-11-28,2025-12-12
F0435,4,calving,2025-12-07,
F0435,3,sickness,2026-02-07,2026-02-21
F0435,3,calving,2026-02-28,
F0435,4,sickness,2026-03-27,2026-04-13
F0435,3,sickness,2026-04-17,2026-04-23
F0435,1,sickness,2026-06-13,2026-06-21
F0435,2,calving,2026-06-13,
F0435,1,sickness,2026-07-13,2026-07-25
F0435,1,calving,2026-07-13,
F0436,1,calving,2026-02-22,
F0436,1,sickness,2026-03-14,2026-04-01
F0436,1,sickness,2026-06-07,2026-06-26
F0437,1,sickness,2025-10-10,2025-10-24
F0437,1,calving,2026-02-14,
F0437,1,sickness,2026-07-30,2026-08-07
F0438,1,calving,2025-11-04,
F0438,1,sickness,2026-07-06,2026-07-14
F0439,1,calving,2025-10-16,
F0439,1,sickness,2025-10-24,2025-11-12
F0439,1,sickness,2026-03-06,2026-03-21
F0439,1,sickness,2026-08-23,2026-09-09
F0440,1,calving,2025-10-28,
F0440,1,sickness,2026-07-05,2026-07-19
F0440,2,calving,2026-09-01,
F0441,1,sickness,2026-02-08,2026-02-24
F0441,1,calving,2026-03-08,
F0441,1,sickness,2026-06-29,2026-07-17
F0441,2,calving,2026-07-11,
F0442,1,sickness,2025-09-18,2025-10-06
F0442,2,calving,2026-01-17,
F0442,2,sickness,2026-02-06,2026-02-17
F0442,1,sickness,2026-05-24,2026-06-06
F0442,2,sickness,2026-06-14,2026-07-01
F0442,2,sickness,2026-07-05,2026-07-18
F0442,1,sickness,2026-07-23,2026-08-12
F0442,2,sickness,2026-08-07,2026-08-18
F0442,1,calving,2026-09-01,
F0442,2,sickness,2026-09-30,2026-10-03
F0443,1,calving,2026-01-11,
F0443,2,sickness,2026-04-23,2026-05-08
F0443,3,calving,2026-04-24,
F0443,3,sickness,2026-06-06,2026-06-12
F0443,1,sickness,2026-06-14,2026-06-28
F0443,3,sickness,2026-07-03,2026-07-12
F0443,1,sickness,2026-08-02,2026-08-09
F0444,1,calving,2025-11-18,
F0444,1,sickness,2026-02-19,2026-02-27
F0445,1,calving,2026-01-13,
F0445,3,sickness,2026-07-05,2026-07-11
F0445,3,sickness,2026-07-26,2026-08-08
F0445,2,calving,2026-07-29,
F0446,1,sickness,2025-11-02,2025-11-10
F0446,1,sickness,2026-01-02,2026-01-18
F0446,1,calving,2026-01-30,
F0446,1,sickness,2026-05-05,2026-05-13
F0446,1,sickness,2026-08-12,2026-08-26
F0447,1,sickness,2026-01-05,2026-01-14
F0447,1,calving,2026-01-18,
F0447,1,sickness,2026-03-26,2026-04-07
F0448,1,sickness,2025-11-15,2025-12-05
F0448,2,sickness,2026-03-24,2026-04-08
F0448,3,calving,2026-04-05,
F0448,2,calving,2026-04-14,
F0449,1,calving,2025-10-14,
F0449,2,sickness,2025-11-05,2025-11-22
F0449,1,sickness,2026-04-26,2026-05-11
F0449,2,calving,2026-06-18,
F0449,3,calving,2026-07-09,
F0449,3,sickness,2026-08-27,2026-09-04
F0449,3,sickness,2026-09-12,2026-09-20
F0450,3,sickness,2026-02-12,2026-02-19
F0450,3,sickness,2026-05-13,2026-05-29
F0450,1,sickness,2026-07-08,2026-07-28
F0450,2,sickness,2026-07-16,2026-07-24
F0450,3,calving,2026-07-24,
F0450,1,calving,2026-07-31,
F0450,2,calving,2026-08-12,
F0451,1,sickness,2025-10-13,2025-10-31
F0451,1,calving,2025-10-13,
F0451,2,calving,2026-02-16,
F0451,2,sickness,2026-03-02,2026-03-11
F0451,3,sickness,2026-04-02,2026-04-14
F0451,3,sickness,2026-06-01,2026-06-08
F0451,1,sickness,2026-06-14,2026-06-28
F0451,3,calving,2026-09-14,
F0452,3,calving,2025-09-25,
F0452,3,sickness,2026-03-02,2026-03-19
F0452,1,calving,2026-03-12,
F0452,2,calving,2026-03-13,
F0452,2,sickness,2026-07-19,2026-07-28
F0452,2,sickness,2026-08-14,2026-08-25
F0452,1,sickness,2026-08-24,2026-08-30
F0452,2,sickness,2026-08-27,2026-09-02
F0452,3,sickness,2026-09-22,2026-10-01
F0453,1,sickness,2025-10-25,2025-11-10
F0453,2,sickness,2026-02-12,2026-03-02
F0453,2,calving,2026-02-23,
F0453,1,sickness,2026-03-27,2026-04-11
F0453,1,calving,2026-07-08,
F0454,2,calving,2025-12-17,
F0454,1,calving,2025-12-22,
F0454,1,sickness,2026-01-27,2026-02-06
F0454,2,sickness,2026-03-11,2026-03-30
F0454,1,sickness,2026-04-25,2026-05-04
F0454,2,sickness,2026-07-09,2026-07-15
F0454,2,sickness,2026-07-29,2026-08-10
F0455,3,calving,2026-04-14,
F0455,1,calving,2026-05-30,
F0455,1,sickness,2026-06-24,2026-07-06
F0455,4,calving,2026-07-10,
F0455,3,sickness,2026-08-13,2026-09-02
F0455,2,sickness,2026-09-30,2026-10-03
F0456,1,calving,2026-01-03,
F0456,1,sickness,2026-04-04,2026-04-15
F0456,1,sickness,2026-05-15,2026-06-03
F0457,1,sickness,2025-10-03,2025-10-13
F0457,2,calving,2026-05-04,
F0457,1,sickness,2026-07-06,2026-07-26
F0457,2,sickness,2026-07-08,2026-07-20
F0457,1,calving,2026-09-26,
F0457,2,sickness,2026-10-01,2026-10-03
F0458,2,sickness,2026-01-03,2026-01-11
F0458,2,sickness,2026-02-02,2026-02-08
F0458,1,calving,2026-04-26,
F0458,2,sickness,2026-08-09,2026-08-27
F0458,2,calving,2026-08-21,
F0459,2,sickness,2025-10-02,2025-10-11
F0459,4,sickness,2025-11-07,2025-11-21
F0459,2,sickness,2025-12-18,2026-01-04
F0459,1,calving,2025-12-29,
F0459,2,sickness,2026-03-10,2026-03-17
F0459,2,sickness,2026-03-19,2026-04-03
F0459,2,sickness,2026-05-21,2026-05-31
F0460,1,sickness,2025-12-13,2025-12-19
F0460,1,sickness,2026-01-12,2026-01-22
F0460,1,calving,2026-02-11,
F0460,1,sickness,2026-05-22,2026-05-30
F0461,1,calving,2025-10-31,
F0461,2,sickness,2025-12-08,2025-12-18
F0461,1,sickness,2026-02-15,2026-02-26
F0461,2,calving,2026-10-03,
F0462,4,calving,2025-09-20,
F0462,2,calving,2025-10-26,
F0462,5,sickness,2025-11-18,2025-11-25
F0462,1,sickness,2025-11-21,2025-12-08
F0462,4,sickness,2026-01-27,2026-02-03
F0462,2,sickness,2026-01-28,2026-02-14
F0462,3,sickness,2026-02-09,2026-02-27
F0462,4,sickness,2026-03-12,2026-03-20
F0462,5,sickness,2026-04-13,2026-04-20
F0462,5,sickness,2026-04-21,2026-04-28
F0462,2,sickness,2026-05-02,2026-05-13
F0462,2,sickness,2026-06-30,2026-07-16
F0462,3,sickness,2026-07-25,2026-08-04
F0462,2,sickness,2026-08-11,2026-08-25
F0462,4,calving,2026-09-29,
F0463,1,calving,2025-09-24,
F0463,1,sickness,2025-10-08,2025-10-25
F0463,2,calving,2026-01-25,
F0463,2,sickness,2026-02-07,2026-02-25
F0463,3,calving,2026-02-27,
F0463,1,sickness,2026-04-02,2026-04-17
F0463,1,sickness,2026-05-07,2026-05-25
F0463,2,sickness,2026-09-14,2026-09-26
F0464,1,sickness,2025-12-27,2026-01-04
F0464,1,calving,2026-02-18,
F0464,2,sickness,2026-03-14,2026-03-23
F0464,2,calving,2026-04-11,
F0464,2,sickness,2026-05-03,2026-05-18
F0464,2,sickness,2026-07-07,2026-07-17
F0465,3,sickness,2025-11-03,2025-11-13
F0465,1,sickness,2025-11-20,2025-11-29
F0465,2,calving,2026-07-11,
F0465,1,sickness,2026-08-14,2026-08-22
F0465,1,calving,2026-08-17,
F0466,1,sickness,2025-09-30,2025-10-07
F0466,1,sickness,2026-06-08,2026-06-16
F0466,1,calving,2026-09-20,
F0467,2,sickness,2025-10-06,2025-10-21
F0467,3,calving,2025-10-10,
F0467,1,sickness,2025-10-16,2025-10-31
F0467,1,sickness,2025-12-01,2025-12-10
F0467,2,calving,2026-01-23,
F0467,1,calving,2026-01-30,
F0467,1,sickness,2026-02-23,2026-03-10
F0467,3,sickness,2026-04-10,2026-04-30
F0467,1,sickness,2026-07-25,2026-08-14
F0468,1,sickness,2026-06-20,2026-07-07
F0468,1,sickness,2026-07-18,2026-08-07
F0469,1,sickness,2025-10-25,2025-11-06
F0469,1,calving,2026-04-04,
F0469,1,sickness,2026-04-14,2026-04-22
F0469,1,sickness,2026-06-03,2026-06-13
F0469,3,calving,2026-06-28,
F0469,3,sickness,2026-08-02,2026-08-08
F0469,1,sickness,2026-09-18,2026-09-25
F0470,1,calving,2025-11-10,
F0470,1,sickness,2026-02-16,2026-02-27
F0470,1,sickness,2026-04-15,2026-04-25
F0470,1,sickness,2026-05-13,2026-05-24
F0471,2,sickness,2025-11-23,2025-12-02
F0471,2,calving,2025-12-09,
F0471,2,sickness,2026-03-02,2026-03-14
F0471,1,calving,2026-09-12,
F0471,1,sickness,2026-10-02,2026-10-03
F0472,1,sickness,2025-11-08,2025-11-24
F0472,3,calving,2026-02-26,
F0472,1,calving,2026-05-25,
F0472,1,sickness,2026-06-07,2026-06-16
F0472,1,sickness,2026-07-08,2026-07-19
F0472,2,calving,2026-08-07,
F0472,2,sickness,2026-09-25,2026-10-03
F0473,2,sickness,2025-12-06,2025-12-24
F0473,1,calving,2026-01-06,
F0473,3,calving,2026-02-17,
F0473,1,sickness,2026-04-28,2026-05-18
F0473,2,sickness,2026-05-22,2026-06-08
F0473,2,sickness,2026-06-22,2026-07-01
F0473,2,calving,2026-07-10,
F0474,1,calving,2026-07-11,
F0475,2,sickness,2025-09-23,2025-10-02
F0475,2,calving,2025-11-10,
F0475,3,calving,2025-12-11,
F0475,2,sickness,2026-01-08,2026-01-20
F0475,2,sickness,2026-02-28,2026-03-12
F0475,1,sickness,2026-06-08,2026-06-17
F0475,1,sickness,2026-08-01,2026-08-17
F0475,2,sickness,2026-08-05,2026-08-22
F0476,1,calving,2025-10-14,
F0476,2,sickness,2026-02-07,2026-02-23
F0476,1,sickness,2026-05-14,2026-05-23
F0476,2,calving,2026-08-15,
F0476,1,sickness,2026-09-29,2026-10-03
F0477,1,sickness,2025-10-13,2025-10-31
F0477,1,calving,2026-02-10,
F0478,2,sickness,2025-10-17,2025-10-25
F0478,2,sickness,2025-11-30,2025-12-11
F0478,2,sickness,2026-01-11,2026-01-26
F0478,2,calving,2026-03-30,
F0478,1,sickness,2026-04-16,2026-05-04
F0478,1,calving,2026-06-08,
F0478,3,calving,2026-07-07,
F0478,3,sickness,2026-09-07,2026-09-15
F0479,2,calving,2025-09-24,
F0479,4,sickness,2025-09-25,2025-10-03
F0479,3,calving,2025-11-09,
F0479,1,calving,2025-12-27,
F0479,5,calving,2026-01-27,
F0479,4,calving,2026-03-26,
F0479,2,sickness,2026-04-03,2026-04-14
F0479,1,sickness,2026-05-30,2026-06-13
F0479,5,sickness,2026-06-02,2026-06-09
F0479,2,sickness,2026-06-09,2026-06-29
F0479,1,sickness,2026-08-06,2026-08-24
F0479,2,sickness,2026-08-14,2026-08-23
F0480,2,calving,2026-03-13,
F0480,3,sickness,2026-05-09,2026-05-25
F0480,3,sickness,2026-06-05,2026-06-17
F0480,1,sickness,2026-07-16,2026-08-05
F0480,1,calving,2026-08-03,
F0480,3,calving,2026-08-20,
F0480,1,sickness,2026-09-30,2026-10-03
F0481,1,calving,2026-01-28,
F0481,2,calving,2026-02-01,
F0481,2,sickness,2026-05-03,2026-05-23
F0481,2,sickness,2026-06-28,2026-07-12
F0481,1,sickness,2026-07-26,2026-08-13
F0481,1,sickness,2026-09-07,2026-09-13
F0482,1,sickness,2025-09-28,2025-10-14
F0482,1,sickness,2025-10-27,2025-11-03
F0482,1,sickness,2026-01-05,2026-01-15
F0482,1,calving,2026-04-12,
F0483,4,sickness,2025-10-01,2025-10-12
F0483,2,sickness,2026-01-02,2026-01-09
F0483,4,calving,2026-04-05,
F0483,3,calving,2026-04-06,
F0483,1,sickness,2026-04-16,2026-04-23
F0483,2,calving,2026-05-19,
F0483,1,sickness,2026-06-01,2026-06-20
F0483,1,calving,2026-06-02,
F0483,1,sickness,2026-08-05,2026-08-11
F0483,2,sickness,2026-08-14,2026-08-21
F0484,1,sickness,2026-02-01,2026-02-08
F0484,2,sickness,2026-05-16,2026-05-30
F0484,2,sickness,2026-07-23,2026-08-05
F0484,1,calving,2026-09-02,
F0485,2,sickness,2025-11-20,2025-11-26
F0485,2,calving,2026-04-19,
F0485,1,sickness,2026-06-18,2026-07-03
F0485,2,sickness,2026-07-19,2026-08-08
F0485,1,calving,2026-07-30,
F0486,2,sickness,2025-09-21,2025-10-09
F0486,2,calving,2026-04-24,
F0486,3,sickness,2026-05-06,2026-05-16
F0486,3,calving,2026-06-15,
F0486,1,sickness,2026-07-05,2026-07-16
F0486,1,calving,2026-07-20,
F0486,2,sickness,2026-08-31,2026-09-11
F0487,1,sickness,2025-09-22,2025-10-08
F0487,1,sickness,2025-11-26,2025-12-14
F0487,1,calving,2026-04-10,
F0487,2,calving,2026-09-06,
F0488,1,sickness,2025-12-06,2025-12-21
F0488,1,sickness,2026-01-12,2026-01-30
F0488,2,sickness,2026-03-13,2026-03-23
F0488,2,calving,2026-04-09,
F0488,2,sickness,2026-04-25,2026-05-02
F0488,2,sickness,2026-06-13,2026-06-21
F0488,1,sickness,2026-06-30,2026-07-19
F0488,1,calving,2026-07-17,
F0488,2,sickness,2026-08-30,2026-09-15
F0489,1,sickness,2025-10-24,2025-11-13
F0489,1,calving,2026-03-19,
F0489,1,sickness,2026-04-14,2026-05-04
F0490,1,sickness,2026-01-02,2026-01-11
F0491,1,sickness,2025-09-21,2025-09-30
F0491,4,sickness,2025-09-21,2025-10-08
F0491,2,sickness,2025-12-17,2026-01-01
F0491,3,sickness,2025-12-25,2026-01-07
F0491,2,calving,2026-01-29,
F0491,2,sickness,2026-02-08,2026-02-23
F0491,4,sickness,2026-03-13,2026-03-24
F0491,1,calving,2026-03-16,
F0491,2,sickness,2026-04-08,2026-04-23
F0491,3,calving,2026-05-09,
F0491,4,sickness,2026-05-11,2026-05-29
F0491,3,sickness,2026-05-12,2026-05-24
F0491,4,sickness,2026-06-10,2026-06-19
F0491,3,sickness,2026-06-14,2026-06-20
F0491,4,sickness,2026-07-03,2026-07-15
F0491,3,sickness,2026-07-08,2026-07-18
F0491,3,sickness,2026-08-23,2026-09-03
F0491,4,calving,2026-08-23,
F0492,1,calving,2026-02-09,
F0493,1,calving,2025-11-08,
F0493,1,sickness,2025-12-22,2026-01-01
F0493,1,sickness,2026-02-03,2026-02-19
F0493,1,sickness,2026-02-26,2026-03-07
F0493,1,sickness,2026-05-19,2026-06-02
F0494,1,sickness,2025-10-27,2025-11-06
F0494,2,sickness,2025-11-16,2025-11-30
F0494,2,calving,2025-11-26,
F0494,2,sickness,2026-01-16,2026-01-23
F0494,1,calving,2026-02-18,
F0494,1,sickness,2026-06-05,2026-06-14
F0495,2,calving,2026-05-23,
F0495,1,calving,2026-05-24,
F0495,2,sickness,2026-06-05,2026-06-14
F0496,1,sickness,2026-01-31,2026-02-13
F0496,1,calving,2026-04-03,
F0496,1,sickness,2026-05-04,2026-05-20
F0497,1,sickness,2025-09-20,2025-10-09
F0497,1,sickness,2025-10-13,2025-10-25
F0497,1,sickness,2025-11-09,2025-11-26
F0497,1,sickness,2026-03-28,2026-04-13
F0497,1,calving,2026-06-29,
F0497,1,sickness,2026-08-17,2026-08-29
F0497,1,sickness,2026-10-03,2026-10-03
F0498,1,calving,2025-10-22,
F0498,1,sickness,2026-08-21,2026-08-27
F0499,2,sickness,2025-09-19,2025-09-26
F0499,3,sickness,2025-10-02,2025-10-09
F0499,1,calving,2025-12-02,
F0499,1,sickness,2025-12-18,2025-12-24
F0499,3,sickness,2026-03-13,2026-04-02
F0499,3,sickness,2026-06-12,2026-06-21
F0499,1,sickness,2026-06-24,2026-07-04
F0499,1,sickness,2026-07-12,2026-07-22
F0499,2,calving,2026-09-05,
F0499,3,calving,2026-09-19,
F0500,2,sickness,2025-11-11,2025-12-01
F0500,1,calving,2026-02-20,
F0500,4,sickness,2026-03-14,2026-03-20
F0500,2,calving,2026-03-17,
F0500,3,calving,2026-04-09,
F0500,4,calving,2026-04-12,
F0500,3,sickness,2026-06-05,2026-06-14
F0500,1,sickness,2026-07-18,2026-07-24
F0500,3,sickness,2026-07-22,2026-07-30
F0500,4,sickness,2026-08-01,2026-08-10
F0500,4,sickness,2026-08-25,2026-09-02
F0500,4,sickness,2026-10-01,2026-10-03
F0501,2,sickness,2025-11-28,2025-12-12
F0501,1,sickness,2026-04-02,2026-04-21
F0501,1,calving,2026-05-27,
F0501,2,sickness,2026-09-01,2026-09-11
F0501,3,sickness,2026-09-22,2026-10-02
F0502,2,sickness,2025-10-26,2025-11-02
F0502,1,calving,2025-10-28,
F0502,2,sickness,2025-12-01,2025-12-12
F0502,2,calving,2025-12-20,
F0502,3,sickness,2025-12-27,2026-01-05
F0502,2,sickness,2026-02-11,2026-02-20
F0502,5,sickness,2026-02-18,2026-03-03
F0502,4,sickness,2026-02-27,2026-03-12
F0502,4,sickness,2026-03-27,2026-04-04
F0502,3,calving,2026-05-30,
F0502,5,calving,2026-06-02,
F0502,2,sickness,2026-06-05,2026-06-13
F0502,4,calving,2026-06-05,
F0502,3,sickness,2026-07-07,2026-07-25
F0502,5,sickness,2026-08-09,2026-08-17
F0502,1,calving,2026-09-12,
F0502,1,sickness,2026-09-16,2026-09-25
F0502,5,sickness,2026-09-29,2026-10-03
F0503,3,sickness,2026-02-13,2026-03-05
F0503,2,calving,2026-07-05,
F0503,3,calving,2026-08-09,
F0503,3,sickness,2026-09-04,2026-09-10
F0504,1,sickness,2025-10-04,2025-10-21
F0504,2,sickness,2025-11-22,2025-12-09
F0504,2,calving,2026-01-04,
F0504,1,calving,2026-02-24,
F0504,1,sickness,2026-03-30,2026-04-17
F0504,3,calving,2026-05-03,
F0504,2,sickness,2026-07-16,2026-07-30
F0505,1,calving,2026-01-29,
F0505,1,sickness,2026-05-28,2026-06-16
F0505,2,calving,2026-09-05,
F0505,2,sickness,2026-09-12,2026-09-20
F0506,5,calving,2025-12-05,
F0506,1,calving,2025-12-13,
F0506,5,sickness,2026-01-13,2026-01-25
F0506,1,sickness,2026-01-15,2026-01-28
F0506,2,sickness,2026-02-15,2026-02-26
F0506,4,calving,2026-02-20,
F0506,2,calving,2026-03-28,
F0506,3,sickness,2026-03-31,2026-04-19
F0506,4,sickness,2026-04-01,2026-04-13
F0506,3,calving,2026-04-11,
F0506,4,sickness,2026-05-22,2026-06-03
F0506,3,sickness,2026-06-15,2026-06-23
F0506,2,sickness,2026-06-29,2026-07-09
F0506,1,sickness,2026-07-27,2026-08-03
F0506,1,sickness,2026-08-15,2026-09-01
F0507,2,sickness,2025-09-17,2025-10-07
F0507,2,sickness,2025-10-08,2025-10-26
F0507,3,sickness,2026-02-04,2026-02-15
F0507,3,sickness,2026-02-22,2026-03-02
F0507,1,sickness,2026-04-27,2026-05-03
F0507,3,sickness,2026-05-22,2026-06-09
F0507,1,calving,2026-06-15,
F0507,2,calving,2026-07-24,
F0508,3,calving,2025-09-23,
F0508,2,calving,2025-10-04,
F0508,1,sickness,2026-01-22,2026-02-11
F0508,1,sickness,2026-03-27,2026-04-03
F0508,1,calving,2026-07-17,
F0508,3,sickness,2026-09-17,2026-09-26
F0509,5,sickness,2025-11-03,2025-11-13
F0509,1,calving,2025-12-15,
F0509,4,sickness,2025-12-24,2026-01-03
F0509,1,sickness,2026-01-22,2026-02-11
F0509,4,calving,2026-02-04,
F0509,1,sickness,2026-02-25,2026-03-17
F0509,3,sickness,2026-04-25,2026-05-10
F0509,5,sickness,2026-04-28,2026-05-08
F0509,2,calving,2026-05-22,
F0509,5,calving,2026-08-01,
F0509,3,calving,2026-09-07,
F0509,4,sickness,2026-09-07,2026-09-25
F0509,1,sickness,2026-09-09,2026-09-29
F0510,1,sickness,2025-11-07,2025-11-18
F0510,1,calving,2026-01-25,
F0511,1,calving,2026-08-17,
F0512,1,calving,2026-03-24,
F0512,1,sickness,2026-07-29,2026-08-12
F0513,4,calving,2025-11-05,
F0513,2,sickness,2025-11-21,2025-12-06
F0513,1,sickness,2026-01-20,2026-02-03
F0513,1,calving,2026-02-16,
F0513,1,sickness,2026-04-26,2026-05-07
F0513,2,calving,2026-06-18,
F0513,1,sickness,2026-09-14,2026-09-25
F0513,3,sickness,2026-09-15,2026-09-23
F0513,3,calving,2026-09-16,
F0514,1,sickness,2026-01-31,2026-02-16
F0514,1,calving,2026-05-24,
F0514,1,sickness,2026-05-27,2026-06-09
F0515,1,calving,2025-11-22,
F0515,1,sickness,2026-08-02,2026-08-17
F0516,2,sickness,2025-12-08,2025-12-15
F0516,1,calving,2026-04-24,
F0516,2,calving,2026-06-20,
F0516,2,sickness,2026-07-19,2026-08-01
F0517,2,calving,2025-10-04,
F0517,1,calving,2026-01-17,
F0517,2,sickness,2026-08-06,2026-08-13
F0517,1,sickness,2026-08-19,2026-08-31
F0518,1,sickness,2025-11-07,2025-11-14
F0518,1,sickness,2025-12-22,2026-01-02
F0518,1,sickness,2026-02-13,2026-02-25
F0518,3,calving,2026-03-18,
F0518,3,sickness,2026-04-05,2026-04-17
F0518,2,sickness,2026-04-19,2026-05-03
F0518,1,sickness,2026-07-02,2026-07-16
F0518,2,calving,2026-07-08,
F0518,1,sickness,2026-08-14,2026-08-24
F0518,1,sickness,2026-08-26,2026-09-05
F0519,1,sickness,2026-04-22,2026-05-09
F0519,1,calving,2026-08-26,
F0520,3,sickness,2025-10-24,2025-11-09
F0520,3,calving,2025-11-18,
F0520,1,calving,2025-11-29,
F0520,2,sickness,2026-01-21,2026-01-30
F0520,1,sickness,2026-07-01,2026-07-19
F0520,2,calving,2026-07-18,
F0521,1,calving,2025-10-04,
F0521,1,sickness,2026-04-14,2026-04-20
F0521,1,sickness,2026-08-04,2026-08-13
F0522,5,sickness,2025-12-02,2025-12-09
F0522,2,sickness,2025-12-20,2025-12-27
F0522,3,sickness,2026-03-11,2026-03-18
F0522,5,calving,2026-03-25,
F0522,2,calving,2026-04-08,
F0522,1,calving,2026-04-14,
F0522,1,sickness,2026-06-17,2026-06-27
F0522,4,calving,2026-07-15,
F0522,3,sickness,2026-08-02,2026-08-18
F0522,3,sickness,2026-08-22,2026-09-08
F0523,1,calving,2025-10-26,
F0523,2,calving,2026-02-11,
F0523,1,sickness,2026-07-18,2026-08-03
F0524,1,sickness,2026-04-09,2026-04-20
F0524,1,calving,2026-08-29,
F0525,1,sickness,2025-10-23,2025-11-03
F0525,2,calving,2025-11-24,
F0525,1,sickness,2025-12-01,2025-12-14
F0525,3,sickness,2026-01-02,2026-01-15
F0525,2,sickness,2026-01-24,2026-02-11
F0525,1,sickness,2026-03-08,2026-03-24
F0525,3,calving,2026-03-11,
F0525,1,sickness,2026-04-02,2026-04-18
F0525,1,calving,2026-04-19,
F0525,1,sickness,2026-05-28,2026-06-15
F0526,3,sickness,2025-10-01,2025-10-16
F0526,1,calving,2025-10-05,
F0526,1,sickness,2025-11-17,2025-11-29
F0526,2,calving,2026-03-07,
F0526,2,sickness,2026-05-21,2026-05-29
F0526,1,sickness,2026-06-15,2026-06-28
F0526,3,calving,2026-06-27,
F0527,1,sickness,2025-11-15,2025-12-05
F0528,2,calving,2026-04-16,
F0528,2,sickness,2026-06-11,2026-06-19
F0528,1,sickness,2026-09-17,2026-09-29
F0529,1,sickness,2026-01-25,2026-02-03
F0529,1,sickness,2026-05-15,2026-05-26
F0529,1,calving,2026-05-21,
F0529,1,sickness,2026-07-19,2026-08-08
F0530,1,calving,2025-12-18,
F0531,1,sickness,2025-11-23,2025-12-11
F0531,2,sickness,2026-04-27,2026-05-10
F0531,1,calving,2026-05-14,
F0531,4,calving,2026-05-28,
F0531,3,calving,2026-07-26,
F0531,2,sickness,2026-08-23,2026-09-03
F0531,2,calving,2026-09-04,
F0532,1,sickness,2025-10-21,2025-11-07
F0532,1,calving,2026-08-31,
F0533,1,sickness,2025-11-21,2025-11-30
F0533,1,sickness,2026-04-30,2026-05-16
F0533,5,calving,2026-06-13,
F0533,2,calving,2026-06-14,
F0533,4,calving,2026-07-01,
F0533,3,sickness,2026-07-17,2026-08-02
F0534,1,calving,2026-04-22,
F0534,1,sickness,2026-09-25,2026-10-03
F0535,1,sickness,2025-11-20,2025-11-26
F0535,2,calving,2026-08-04,
F0536,1,calving,2025-09-20,
F0536,2,calving,2025-10-21,
F0536,2,sickness,2025-10-22,2025-11-05
F0536,1,sickness,2025-11-11,2025-11-23
F0536,2,sickness,2026-02-19,2026-03-02
F0536,1,sickness,2026-04-19,2026-04-29
F0536,2,sickness,2026-05-12,2026-05-26
F0536,2,sickness,2026-06-30,2026-07-17
F0536,1,calving,2026-09-09,
F0538,2,sickness,2025-10-27,2025-11-02
F0538,1,sickness,2025-12-10,2025-12-19
F0538,1,sickness,2025-12-31,2026-01-19
F0538,1,calving,2026-02-13,
F0538,3,sickness,2026-05-07,2026-05-26
F0538,2,calving,2026-05-29,
F0538,3,calving,2026-05-30,
F0538,3,sickness,2026-06-27,2026-07-17
F0538,1,sickness,2026-09-20,2026-10-03
F0539,1,sickness,2025-12-21,2026-01-08
F0539,1,calving,2025-12-27,
F0539,2,sickness,2026-05-25,2026-06-03
F0539,3,calving,2026-07-15,
F0539,2,calving,2026-07-23,
F0539,1,sickness,2026-09-23,2026-09-29
F0540,1,sickness,2026-03-12,2026-03-31
F0540,1,sickness,2026-04-26,2026-05-07
F0540,1,calving,2026-05-03,
F0540,2,sickness,2026-05-21,2026-06-01
F0540,1,sickness,2026-07-04,2026-07-10
F0541,1,sickness,2025-10-08,2025-10-24
F0542,1,sickness,2026-03-23,2026-04-04
F0542,1,calving,2026-07-19,
F0543,2,sickness,2025-10-12,2025-10-31
F0543,4,sickness,2025-12-28,2026-01-17
F0543,4,sickness,2026-02-03,2026-02-23
F0543,2,sickness,2026-03-20,2026-04-05
F0543,3,sickness,2026-03-26,2026-04-02
F0543,2,sickness,2026-04-22,2026-05-11
F0543,4,sickness,2026-05-21,2026-06-07
F0543,4,calving,2026-05-28,
F0543,1,sickness,2026-05-29,2026-06-06
F0543,1,sickness,2026-06-14,2026-06-27
F0543,4,sickness,2026-07-12,2026-07-18
F0543,3,calving,2026-08-29,
F0543,2,calving,2026-09-18,
F0543,1,calving,2026-09-23,
F0544,1,calving,2026-03-31,
F0544,1,sickness,2026-05-31,2026-06-15
F0544,1,sickness,2026-08-29,2026-09-06
F0544,1,sickness,2026-09-14,2026-09-23
F0545,1,calving,2025-11-26,
F0545,1,sickness,2026-06-30,2026-07-11
F0545,1,sickness,2026-08-04,2026-08-16
F0546,1,calving,2025-10-26,
F0546,1,sickness,2026-03-05,2026-03-24
F0546,1,sickness,2026-05-03,2026-05-13
F0546,1,sickness,2026-06-02,2026-06-16
F0546,2,calving,2026-07-27,
F0546,2,sickness,2026-09-03,2026-09-13
F0547,1,calving,2026-09-04,
F0548,1,sickness,2025-10-20,2025-11-08
F0548,2,sickness,2026-02-14,2026-02-22
F0548,2,calving,2026-03-02,
F0548,2,sickness,2026-03-11,2026-03-29
F0548,1,sickness,2026-04-21,2026-05-11
F0548,2,sickness,2026-05-08,2026-05-22
F0548,2,sickness,2026-05-29,2026-06-15
F0548,1,calving,2026-08-27,
F0549,3,sickness,2025-11-23,2025-12-10
F0549,2,sickness,2025-11-26,2025-12-03
F0549,2,sickness,2025-12-09,2025-12-15
F0549,1,sickness,2026-01-21,2026-01-28
F0549,2,calving,2026-02-23,
F0549,3,calving,2026-04-21,
F0549,4,calving,2026-04-26,
F0549,1,calving,2026-09-10,
F0550,1,calving,2026-06-17,
F0550,1,sickness,2026-06-20,2026-07-10
F0550,1,sickness,2026-07-26,2026-08-02
F0551,1,sickness,2025-09-29,2025-10-14
F0551,1,calving,2026-07-22,
F0552,1,sickness,2026-03-08,2026-03-27
F0552,1,sickness,2026-04-15,2026-04-30
F0552,1,calving,2026-08-26,
F0553,1,sickness,2025-10-05,2025-10-18
F0553,1,calving,2025-10-09,
F0553,2,sickness,2025-10-10,2025-10-24
F0553,1,sickness,2026-03-23,2026-04-03
F0553,1,sickness,2026-08-09,2026-08-28
F0553,2,calving,2026-09-08,
F0554,2,sickness,2025-09-19,2025-10-08
F0554,1,sickness,2025-10-15,2025-10-22
F0554,2,sickness,2026-02-14,2026-02-26
F0554,2,calving,2026-09-27,
F0555,2,sickness,2025-10-26,2025-11-11
F0555,1,sickness,2026-05-16,2026-05-30
F0555,2,calving,2026-06-23,
F0555,1,sickness,2026-07-18,2026-07-24
F0555,1,calving,2026-07-25,
F0555,2,sickness,2026-08-10,2026-08-26
F0556,2,sickness,2025-10-01,2025-10-14
F0556,3,sickness,2025-10-23,2025-11-07
F0556,2,sickness,2025-12-06,2025-12-25
F0556,4,sickness,2026-01-31,2026-02-10
F0556,3,calving,2026-02-12,
F0556,4,calving,2026-02-28,
F0556,1,calving,2026-03-24,
F0556,2,calving,2026-03-25,
F0556,3,sickness,2026-05-29,2026-06-14
F0556,2,sickness,2026-09-07,2026-09-21
F0556,4,sickness,2026-09-27,2026-10-03
F0557,1,calving,2026-03-23,
F0557,1,sickness,2026-04-25,2026-05-05
F0557,2,calving,2026-07-01,
F0557,3,calving,2026-07-10,
F0557,3,sickness,2026-07-20,2026-08-07
F0558,1,sickness,2026-01-05,2026-01-13
F0558,1,calving,2026-10-02,
F0559,1,calving,2025-12-26,
F0560,1,calving,2026-04-18,
F0561,4,calving,2025-12-12,
F0561,1,calving,2025-12-26,
F0561,2,calving,2026-02-02,
F0561,4,sickness,2026-04-14,2026-05-01
F0561,3,sickness,2026-05-14,2026-05-24
F0561,1,sickness,2026-07-22,2026-08-11
F0561,3,calving,2026-07-31,
F0561,1,sickness,2026-09-13,2026-09-24
F0562,1,calving,2025-10-20,
F0562,3,sickness,2025-10-29,2025-11-16
F0562,3,calving,2025-11-27,
F0562,1,sickness,2026-01-01,2026-01-15
F0562,1,sickness,2026-01-17,2026-02-06
F0562,1,sickness,2026-02-13,2026-02-27
F0562,4,sickness,2026-03-03,2026-03-19
F0562,4,calving,2026-04-15,
F0562,1,sickness,2026-05-29,2026-06-08
F0562,3,sickness,2026-08-08,2026-08-20
F0562,1,sickness,2026-09-23,2026-10-03
F0563,1,sickness,2025-09-17,2025-09-23
F0563,2,sickness,2025-10-14,2025-11-02
F0563,1,sickness,2025-11-10,2025-11-17
F0563,1,sickness,2026-02-11,2026-02-21
F0563,2,sickness,2026-02-26,2026-03-15
F0563,1,calving,2026-07-21,
F0564,1,calving,2025-11-05,
F0565,1,calving,2025-12-09,
F0565,1,sickness,2026-06-25,2026-07-01
F0566,1,sickness,2026-01-13,2026-01-25
F0566,1,calving,2026-05-06,
F0566,1,sickness,2026-08-18,2026-09-05
F0567,1,sickness,2025-12-28,2026-01-16
F0567,1,calving,2026-05-06,
F0567,1,sickness,2026-06-30,2026-07-09
F0568,1,sickness,2026-05-19,2026-06-01
F0569,2,sickness,2025-09-20,2025-10-10
F0569,1,sickness,2025-09-25,2025-10-12
F0569,1,calving,2025-10-10,
F0569,2,sickness,2026-03-28,2026-04-04
F0569,1,sickness,2026-04-19,2026-04-29
F0569,3,calving,2026-05-06,
F0569,1,sickness,2026-05-31,2026-06-14
F0569,2,calving,2026-08-11,
F0570,1,sickness,2026-04-23,2026-05-01
F0570,1,sickness,2026-09-06,2026-09-12
F0571,1,calving,2026-01-02,
F0571,1,sickness,2026-01-27,2026-02-05
F0572,2,sickness,2026-05-18,2026-05-29
F0572,2,calving,2026-06-27,
F0572,1,sickness,2026-07-19,2026-07-28
F0572,1,sickness,2026-08-25,2026-09-12
F0572,1,calving,2026-09-21,
F0573,1,sickness,2026-02-23,2026-03-15
F0573,1,calving,2026-04-28,
F0573,2,calving,2026-07-02,
F0573,1,sickness,2026-07-31,2026-08-11
F0573,1,sickness,2026-09-09,2026-09-20
F0574,1,sickness,2025-09-24,2025-10-08
F0574,1,sickness,2026-01-11,2026-01-24
F0574,2,calving,2026-02-17,
F0574,1,calving,2026-07-05,
F0574,2,sickness,2026-07-25,2026-08-03
F0575,3,sickness,2025-09-23,2025-10-13
F0575,4,sickness,2025-12-04,2025-12-11
F0575,1,calving,2026-01-17,
F0575,5,calving,2026-03-02,
F0575,2,sickness,2026-03-29,2026-04-09
F0575,4,calving,2026-03-30,
F0575,3,calving,2026-04-23,
F0575,4,sickness,2026-05-01,2026-05-13
F0575,4,sickness,2026-06-30,2026-07-16
F0575,5,sickness,2026-08-03,2026-08-13
F0575,2,calving,2026-08-29,
F0576,2,sickness,2025-10-08,2025-10-15
F0576,4,sickness,2026-01-03,2026-01-11
F0576,2,sickness,2026-01-31,2026-02-15
F0576,3,calving,2026-02-15,
F0576,1,calving,2026-04-07,
F0576,4,calving,2026-05-12,
F0576,3,sickness,2026-05-22,2026-05-31
F0576,1,sickness,2026-08-22,2026-09-02
F0576,2,sickness,2026-08-26,2026-09-13
F0577,1,sickness,2025-09-29,2025-10-15
F0577,1,sickness,2025-11-27,2025-12-09
F0577,1,sickness,2026-01-01,2026-01-18
F0577,1,calving,2026-04-04,
F0577,1,sickness,2026-09-30,2026-10-03
F0578,4,sickness,2025-11-24,2025-12-09
F0578,4,sickness,2025-12-13,2025-12-21
F0578,2,calving,2025-12-18,
F0578,2,sickness,2026-01-18,2026-01-29
F0578,5,sickness,2026-01-21,2026-02-07
F0578,1,sickness,2026-01-28,2026-02-06
F0578,4,calving,2026-02-13,
F0578,2,sickness,2026-02-17,2026-03-02
F0578,5,sickness,2026-03-16,2026-04-04
F0578,3,sickness,2026-04-22,2026-05-04
F0578,4,sickness,2026-05-17,2026-05-28
F0578,5,calving,2026-06-12,
F0578,3,calving,2026-08-26,
F0579,2,calving,2025-10-30,
F0579,4,calving,2025-11-27,
F0579,1,calving,2026-05-18,
F0579,2,sickness,2026-05-30,2026-06-10
F0579,4,sickness,2026-08-09,2026-08-19
F0579,3,calving,2026-09-19,
F0580,2,sickness,2025-09-25,2025-10-05
F0580,2,sickness,2025-10-16,2025-10-24
F0580,1,sickness,2025-10-28,2025-11-04
F0580,1,calving,2025-11-21,
F0580,2,sickness,2026-03-15,2026-04-03
F0580,1,sickness,2026-04-02,2026-04-22
F0580,2,calving,2026-07-09,
F0580,1,sickness,2026-09-07,2026-09-24
F0581,1,sickness,2025-09-16,2025-09-23
F0581,1,calving,2026-07-25,
F0582,1,calving,2026-03-09,
F0583,1,sickness,2025-12-09,2025-12-18
F0583,1,calving,2026-01-01,
F0583,1,sickness,2026-06-01,2026-06-10
F0583,1,sickness,2026-07-31,2026-08-10
F0583,1,sickness,2026-08-15,2026-08-31
F0584,1,sickness,2025-09-18,2025-09-29
F0584,3,calving,2026-03-22,
F0584,1,calving,2026-04-19,
F0584,1,sickness,2026-06-26,2026-07-08
F0584,2,calving,2026-08-18,
F0585,1,calving,2025-11-15,
F0585,1,sickness,2025-12-07,2025-12-27
F0585,1,sickness,2026-02-06,2026-02-21
F0585,1,sickness,2026-03-12,2026-03-20
F0585,1,sickness,2026-06-04,2026-06-17
F0586,1,calving,2025-09-28,
F0586,4,sickness,2025-12-10,2025-12-24
F0586,3,calving,2026-03-11,
F0586,1,sickness,2026-05-07,2026-05-19
F0586,2,sickness,2026-05-12,2026-05-19
F0586,2,calving,2026-08-02,
F0586,1,sickness,2026-08-10,2026-08-28
F0586,2,sickness,2026-08-28,2026-09-05
F0586,3,sickness,2026-09-17,2026-09-30
F0587,2,calving,2026-01-14,
F0587,1,sickness,2026-02-26,2026-03-04
F0587,1,calving,2026-04-27,
F0587,2,sickness,2026-05-25,2026-06-14
F0587,2,sickness,2026-08-13,2026-08-19
F0588,2,sickness,2025-09-29,2025-10-19
F0588,1,sickness,2026-01-06,2026-01-12
F0588,2,sickness,2026-04-07,2026-04-22
F0588,2,calving,2026-04-12,
F0588,4,calving,2026-05-27,
F0588,1,calving,2026-07-01,
F0588,3,calving,2026-08-05,
F0588,2,sickness,2026-08-23,2026-09-06
F0588,3,sickness,2026-09-20,2026-10-03
F0589,2,sickness,2025-10-07,2025-10-22
F0589,1,calving,2026-07-13,
F0589,2,sickness,2026-09-12,2026-09-26
F0590,3,sickness,2025-10-02,2025-10-13
F0590,2,calving,2025-12-28,
F0590,3,calving,2026-01-30,
F0590,1,sickness,2026-02-13,2026-03-04
F0590,2,sickness,2026-04-18,2026-05-06
F0590,3,sickness,2026-05-07,2026-05-25
F0590,2,sickness,2026-06-15,2026-07-05
F0590,1,calving,2026-08-07,
F0590,2,sickness,2026-08-12,2026-08-23
F0590,1,sickness,2026-09-19,2026-09-29
F0591,1,calving,2026-02-20,
F0591,1,sickness,2026-03-21,2026-04-09
F0592,1,sickness,2026-02-27,2026-03-08
F0592,2,sickness,2026-06-14,2026-06-20
F0592,1,sickness,2026-08-19,2026-09-06
F0593,4,calving,2025-09-24,
F0593,2,calving,2025-10-08,
F0593,3,sickness,2025-10-29,2025-11-10
F0593,3,sickness,2025-12-20,2026-01-08
F0593,4,sickness,2026-05-11,2026-05-17
F0593,3,sickness,2026-06-01,2026-06-16
F0593,4,sickness,2026-06-13,2026-06-28
F0593,1,sickness,2026-06-29,2026-07-12
F0593,2,sickness,2026-08-09,2026-08-15
F0593,3,calving,2026-09-07,
F0594,1,sickness,2026-06-01,2026-06-17
F0594,1,calving,2026-09-29,
F0595,1,sickness,2026-06-15,2026-06-22
F0595,1,sickness,2026-08-31,2026-09-13
F0595,1,calving,2026-09-22,
F0596,1,sickness,2025-10-17,2025-10-31
F0596,2,calving,2025-12-21,
F0596,3,sickness,2026-02-07,2026-02-23
F0596,4,sickness,2026-02-13,2026-02-20
F0596,4,calving,2026-06-12,
F0596,2,sickness,2026-06-15,2026-06-21
F0596,4,sickness,2026-06-29,2026-07-09
F0596,4,sickness,2026-07-14,2026-07-22
F0596,1,calving,2026-08-11,
F0596,3,calving,2026-09-26,
F0597,1,sickness,2025-10-25,2025-11-02
F0597,2,calving,2025-10-26,
F0597,2,sickness,2026-04-16,2026-05-03
F0597,1,calving,2026-07-17,
F0597,2,sickness,2026-08-03,2026-08-12
F0598,1,calving,2026-01-26,
F0599,1,calving,2025-10-23,
F0599,2,sickness,2025-12-14,2025-12-23
F0599,2,calving,2026-03-25,
F0599,2,sickness,2026-04-28,2026-05-08
F0599,1,sickness,2026-05-27,2026-06-03
F0600,1,calving,2025-10-07,
F0600,1,sickness,2025-10-16,2025-10-31
F0600,2,calving,2026-02-15,
F0601,1,calving,2025-11-01,
F0601,2,sickness,2026-03-06,2026-03-25
F0601,1,sickness,2026-03-15,2026-04-02
F0601,3,calving,2026-04-06,
F0601,2,sickness,2026-06-22,2026-07-08
F0601,2,calving,2026-08-08,
F0601,1,calving,2026-09-11,
F0602,2,sickness,2025-11-15,2025-11-21
F0602,2,sickness,2025-12-10,2025-12-20
F0602,1,sickness,2026-02-16,2026-02-24
F0602,2,calving,2026-08-27,
F0602,2,sickness,2026-08-28,2026-09-17
F0603,1,calving,2025-10-25,
F0603,2,sickness,2026-06-16,2026-06-29
F0603,2,calving,2026-07-29,
F0604,2,calving,2025-10-02,
F0604,1,sickness,2025-10-11,2025-10-22
F0604,2,sickness,2025-12-03,2025-12-19
F0604,3,sickness,2026-03-02,2026-03-11
F0604,1,sickness,2026-03-09,2026-03-27
F0604,2,sickness,2026-06-22,2026-06-28
F0604,3,sickness,2026-08-23,2026-09-07
F0604,3,calving,2026-08-23,
F0604,1,calving,2026-09-12,
F0605,1,calving,2026-03-20,
F0606,2,sickness,2025-11-04,2025-11-20
F0606,4,calving,2026-02-13,
F0606,4,sickness,2026-02-26,2026-03-12
F0606,1,sickness,2026-03-03,2026-03-15
F0606,3,sickness,2026-05-15,2026-05-26
F0606,1,calving,2026-06-09,
F0606,2,sickness,2026-07-28,2026-08-07
F0606,3,calving,2026-08-12,
F0606,2,calving,2026-08-13,
F0608,1,sickness,2025-11-25,2025-12-14
F0608,1,calving,2026-04-05,
F0608,1,sickness,2026-06-02,2026-06-15
F0608,1,sickness,2026-08-09,2026-08-16
F0609,2,sickness,2025-10-25,2025-10-31
F0609,2,sickness,2025-11-18,2025-11-27
F0609,1,sickness,2025-12-24,2026-01-06
F0609,2,calving,2026-02-12,
F0609,1,sickness,2026-04-11,2026-04-27
F0610,1,sickness,2025-11-24,2025-12-07
F0610,1,calving,2025-12-28,
F0610,1,sickness,2026-02-17,2026-03-05
F0610,1,sickness,2026-03-15,2026-03-23
F0611,2,calving,2025-09-16,
F0611,3,sickness,2026-01-11,2026-01-21
F0611,2,sickness,2026-03-01,2026-03-21
F0611,3,sickness,2026-04-22,2026-05-10
F0611,3,calving,2026-05-19,
F0611,2,sickness,2026-06-10,2026-06-20
F0611,1,sickness,2026-09-12,2026-09-23
F0611,2,sickness,2026-09-13,2026-09-27
F0611,2,sickness,2026-10-03,2026-10-03
F0612,2,calving,2025-11-04,
F0612,2,sickness,2025-11-20,2025-11-30
F0612,1,sickness,2025-12-01,2025-12-21
F0612,1,sickness,2026-02-14,2026-03-04
F0612,2,sickness,2026-03-01,2026-03-21
F0612,2,sickness,2026-04-10,2026-04-27
F0612,2,sickness,2026-05-31,2026-06-18
F0612,1,calving,2026-09-21,
F0613,3,calving,2025-10-15,
F0613,2,calving,2025-12-06,
F0613,1,calving,2026-01-11,
F0613,1,sickness,2026-05-28,2026-06-09
F0613,1,sickness,2026-06-29,2026-07-09
F0613,2,sickness,2026-08-05,2026-08-14
F0613,3,sickness,2026-08-31,2026-09-13
F0613,3,sickness,2026-09-29,2026-10-03
F0614,1,calving,2026-05-02,
F0614,1,sickness,2026-05-08,2026-05-21
F0615,4,sickness,2025-10-16,2025-10-25
F0615,2,sickness,2026-01-28,2026-02-09
F0615,2,calving,2026-02-19,
F0615,1,sickness,2026-03-02,2026-03-14
F0615,1,calving,2026-05-06,
F0615,2,sickness,2026-05-10,2026-05-17
F0615,3,calving,2026-08-11,
F0615,4,calving,2026-09-02,
F0616,1,calving,2026-07-18,
F0617,1,sickness,2025-10-18,2025-10-25
F0617,1,sickness,2025-11-13,2025-11-20
F0617,1,sickness,2025-12-09,2025-12-27
F0617,2,calving,2026-04-29,
F0617,2,sickness,2026-06-09,2026-06-26
F0617,1,calving,2026-07-18,
F0617,2,sickness,2026-09-26,2026-10-03
F0618,1,sickness,2025-11-09,2025-11-20
F0618,1,sickness,2026-03-30,2026-04-11
F0618,1,sickness,2026-06-11,2026-07-01
F0618,1,sickness,2026-07-08,2026-07-25
F0618,1,calving,2026-09-01,
F0619,1,sickness,2025-10-14,2025-10-28
F0619,1,sickness,2025-11-09,2025-11-16
F0619,1,sickness,2025-11-25,2025-12-02
F0619,1,sickness,2026-03-05,2026-03-14
F0619,1,sickness,2026-07-17,2026-07-30
F0619,1,sickness,2026-08-26,2026-09-08
F0619,1,calving,2026-08-26,
F0620,1,sickness,2026-02-22,2026-03-02
F0620,1,calving,2026-04-21,
F0620,2,calving,2026-08-02,
F0620,2,sickness,2026-08-09,2026-08-20
F0620,1,sickness,2026-08-31,2026-09-07
F0622,1,sickness,2025-11-22,2025-12-07
F0622,1,sickness,2026-07-28,2026-08-06
F0622,1,sickness,2026-10-01,2026-10-03
F0623,1,sickness,2025-12-27,2026-01-03
F0623,1,sickness,2026-02-13,2026-03-04
F0623,2,sickness,2026-03-07,2026-03-24
F0623,2,calving,2026-07-29,
F0623,1,calving,2026-08-06,
F0624,1,sickness,2025-12-13,2025-12-27
F0624,1,calving,2025-12-29,
F0624,2,sickness,2026-01-30,2026-02-16
F0624,2,calving,2026-03-23,
F0624,2,sickness,2026-03-25,2026-04-07
F0624,1,sickness,2026-06-01,2026-06-16
F0625,2,sickness,2025-09-26,2025-10-12
F0625,1,calving,2025-12-12,
F0625,2,sickness,2026-02-13,2026-03-05
F0625,2,calving,2026-06-16,
F0625,1,sickness,2026-07-16,2026-07-24
F0625,2,sickness,2026-08-01,2026-08-16
F0626,4,sickness,2025-09-27,2025-10-17
F0626,2,sickness,2025-11-06,2025-11-26
F0626,1,sickness,2025-11-27,2025-12-13
F0626,4,sickness,2025-11-28,2025-12-05
F0626,1,calving,2026-01-15,
F0626,3,calving,2026-02-18,
F0626,2,sickness,2026-02-24,2026-03-12
F0626,1,sickness,2026-03-19,2026-04-01
F0626,3,sickness,2026-06-26,2026-07-11
F0626,2,sickness,2026-08-06,2026-08-24
F0626,3,sickness,2026-08-18,2026-08-27
F0626,4,sickness,2026-08-25,2026-09-12
F0626,2,calving,2026-09-13,
F0627,2,sickness,2025-10-02,2025-10-21
F0627,1,sickness,2025-10-04,2025-10-21
F0627,1,sickness,2025-12-29,2026-01-06
F0627,1,calving,2026-02-08,
F0627,2,sickness,2026-04-25,2026-05-02
F0627,1,sickness,2026-05-11,2026-05-20
F0627,1,sickness,2026-06-02,2026-06-21
F0627,2,sickness,2026-07-11,2026-07-21
F0627,2,calving,2026-08-23,
F0628,1,sickness,2025-10-27,2025-11-04
F0628,1,sickness,2025-11-26,2025-12-07
F0628,1,sickness,2025-12-29,2026-01-12
F0628,1,sickness,2026-04-07,2026-04-21
F0628,1,sickness,2026-06-14,2026-06-23
F0628,1,calving,2026-07-17,
F0628,1,sickness,2026-08-15,2026-08-24
F0629,1,calving,2025-09-21,
F0629,2,sickness,2025-11-08,2025-11-15
F0629,2,sickness,2025-11-29,2025-12-12
F0629,1,sickness,2026-03-31,2026-04-08
F0629,1,sickness,2026-06-15,2026-06-21
F0629,1,sickness,2026-07-11,2026-07-27
F0629,2,calving,2026-09-28,
F0630,1,calving,2025-12-20,
F0630,1,sickness,2026-03-05,2026-03-22
F0631,1,calving,2026-01-10,
F0632,1,sickness,2025-11-13,2025-11-26
F0632,1,sickness,2025-12-22,2026-01-07
F0632,3,calving,2026-01-29,
F0632,3,sickness,2026-04-11,2026-04-27
F0632,1,calving,2026-05-17,
F0632,1,sickness,2026-07-15,2026-07-28
F0632,3,sickness,2026-07-21,2026-07-28
F0632,2,calving,2026-07-25,
F0633,2,calving,2025-09-24,
F0633,2,sickness,2025-09-30,2025-10-13
F0633,1,sickness,2025-11-08,2025-11-25
F0633,2,sickness,2025-12-03,2025-12-09
F0633,1,sickness,2026-04-12,2026-04-21
F0633,1,calving,2026-07-11,
F0634,1,calving,2026-01-06,
F0634,1,sickness,2026-06-02,2026-06-22
F0634,1,sickness,2026-08-08,2026-08-18
F0635,1,calving,2025-10-07,
F0635,1,sickness,2025-11-03,2025-11-21
F0635,1,sickness,2026-07-16,2026-07-29
F0636,1,calving,2026-01-22,
F0636,2,sickness,2026-02-01,2026-02-16
F0636,2,calving,2026-05-03,
F0636,2,sickness,2026-06-12,2026-06-27
F0637,2,calving,2025-11-25,
F0637,3,calving,2025-12-31,
F0637,1,calving,2026-01-03,
F0637,2,sickness,2026-06-03,2026-06-13
F0637,3,sickness,2026-09-09,2026-09-28
F0637,2,sickness,2026-09-21,2026-09-27
F0638,1,sickness,2026-01-04,2026-01-13
F0638,2,sickness,2026-03-18,2026-03-25
F0638,2,sickness,2026-08-02,2026-08-19
F0638,1,calving,2026-08-08,
F0638,2,calving,2026-08-19,
F0639,1,calving,2026-01-10,
F0639,2,sickness,2026-01-14,2026-01-30
F0639,1,sickness,2026-04-08,2026-04-17
F0639,2,sickness,2026-05-17,2026-05-28
F0639,2,calving,2026-05-18,
F0639,1,sickness,2026-09-01,2026-09-20
F0639,2,sickness,2026-09-05,2026-09-23
F0640,2,sickness,2025-10-21,2025-10-28
F0640,2,calving,2025-11-02,
F0640,1,calving,2025-12-24,
F0640,2,sickness,2026-04-25,2026-05-15
F0640,1,sickness,2026-06-16,2026-07-03
F0641,1,sickness,2026-05-14,2026-05-26
F0642,1,sickness,2025-10-20,2025-11-08
F0642,1,sickness,2025-11-25,2025-12-11
F0642,1,calving,2026-01-19,
F0643,1,calving,2026-08-29,
F0644,1,sickness,2025-12-03,2025-12-09
F0644,2,calving,2026-01-30,
F0644,1,calving,2026-02-16,
F0644,1,sickness,2026-05-22,2026-05-30
F0644,1,sickness,2026-06-25,2026-07-08
F0644,2,sickness,2026-09-11,2026-09-21
F0645,1,sickness,2025-11-12,2025-11-28
F0645,1,sickness,2026-01-08,2026-01-27
F0645,1,calving,2026-07-14,
F0645,1,sickness,2026-09-13,2026-09-22
F0646,1,sickness,2025-10-27,2025-11-05
F0646,1,calving,2026-02-09,
F0646,1,sickness,2026-03-01,2026-03-11
F0646,1,sickness,2026-08-24,2026-09-13
F0646,1,sickness,2026-09-20,2026-09-29
F0647,1,sickness,2025-09-27,2025-10-09
F0647,1,calving,2026-10-03,
F0648,1,calving,2025-12-13,
F0648,1,sickness,2026-02-17,2026-03-02
F0648,1,sickness,2026-10-01,2026-10-03
F0649,1,calving,2026-03-06,
F0649,2,sickness,2026-03-19,2026-04-08
F0649,4,sickness,2026-04-02,2026-04-09
F0649,3,calving,2026-05-12,
F0649,4,sickness,2026-05-27,2026-06-12
F0649,2,sickness,2026-07-01,2026-07-11
F0649,1,sickness,2026-07-02,2026-07-11
F0649,4,sickness,2026-07-07,2026-07-23
F0649,3,sickness,2026-08-09,2026-08-29
F0650,2,calving,2025-09-16,
F0650,1,sickness,2025-12-01,2025-12-09
F0650,2,sickness,2026-01-05,2026-01-20
F0650,1,sickness,2026-01-11,2026-01-27
F0650,2,sickness,2026-02-06,2026-02-15
F0650,1,sickness,2026-04-20,2026-04-29
F0650,1,sickness,2026-07-20,2026-08-06
F0650,1,sickness,2026-08-16,2026-08-26
F0651,1,calving,2026-06-15,
F0651,1,sickness,2026-07-12,2026-07-31
F0651,1,sickness,2026-08-25,2026-09-12
F0652,2,sickness,2026-07-03,2026-07-22
F0652,2,sickness,2026-07-30,2026-08-05
F0652,1,calving,2026-09-28,
F0653,3,sickness,2026-03-13,2026-03-29
F0653,3,sickness,2026-05-04,2026-05-23
F0653,2,sickness,2026-05-29,2026-06-13
F0653,2,calving,2026-06-07,
F0653,1,sickness,2026-07-10,2026-07-29
F0653,1,sickness,2026-09-27,2026-10-03
F0654,1,calving,2025-11-28,
F0654,1,sickness,2026-05-03,2026-05-14
F0654,2,calving,2026-07-10,
F0654,1,sickness,2026-07-18,2026-07-29
F0654,2,sickness,2026-08-07,2026-08-24
F0654,1,sickness,2026-08-20,2026-09-09
F0655,1,sickness,2025-09-28,2025-10-08
F0655,2,sickness,2025-11-11,2025-11-30
F0655,1,sickness,2026-01-11,2026-01-19
F0655,1,sickness,2026-01-20,2026-02-05
F0655,2,sickness,2026-02-16,2026-03-05
F0655,1,sickness,2026-08-29,2026-09-09
F0655,2,calving,2026-09-04,
F0656,1,sickness,2026-03-14,2026-03-31
F0656,1,calving,2026-05-17,
F0656,1,sickness,2026-06-01,2026-06-07
F0656,1,sickness,2026-08-24,2026-08-30
F0657,3,sickness,2025-09-24,2025-10-07
F0657,1,calving,2025-10-30,
F0657,2,calving,2026-05-14,
F0657,2,sickness,2026-07-28,2026-08-06
F0657,1,sickness,2026-08-12,2026-08-19
F0658,2,sickness,2025-12-30,2026-01-08
F0658,2,calving,2026-01-13,
F0658,1,calving,2026-03-22,
F0659,2,sickness,2025-10-23,2025-11-01
F0659,1,sickness,2025-11-05,2025-11-17
F0659,2,sickness,2025-11-07,2025-11-15
F0659,1,sickness,2026-02-02,2026-02-16
F0659,2,calving,2026-04-12,
F0659,1,sickness,2026-06-21,2026-06-28
F0659,2,sickness,2026-08-14,2026-09-02
F0659,1,calving,2026-09-12,
F0659,1,sickness,2026-09-16,2026-10-02
F0660,1,calving,2025-11-06,
F0660,1,sickness,2026-04-20,2026-04-29
F0661,1,sickness,2026-03-08,2026-03-22
F0661,1,sickness,2026-04-09,2026-04-25
F0661,1,calving,2026-07-26,
F0661,1,sickness,2026-08-08,2026-08-14
F0661,1,sickness,2026-08-19,2026-08-29
F0662,3,sickness,2025-10-06,2025-10-16
F0662,1,calving,2025-11-14,
F0662,2,sickness,2026-01-30,2026-02-11
F0662,2,calving,2026-04-13,
F0662,3,calving,2026-09-13,
F0663,1,calving,2026-01-15,
F0663,2,sickness,2026-06-09,2026-06-29
F0663,1,sickness,2026-08-20,2026-08-30
F0664,1,calving,2026-04-10,
F0665,1,sickness,2026-02-23,2026-03-09
F0665,1,calving,2026-05-01,
F0665,1,sickness,2026-09-09,2026-09-20
F0666,1,calving,2026-02-14,
F0666,1,sickness,2026-09-18,2026-10-03
F0667,2,calving,2026-04-22,
F0667,1,sickness,2026-06-09,2026-06-15
F0667,1,sickness,2026-07-16,2026-07-24
F0667,1,calving,2026-08-09,
F0667,2,sickness,2026-09-14,2026-09-29
F0667,1,sickness,2026-09-22,2026-10-03
F0668,1,calving,2026-01-08,
F0668,3,calving,2026-01-28,
F0668,2,calving,2026-08-31,
F0669,1,sickness,2025-11-09,2025-11-23
F0669,2,sickness,2025-11-19,2025-12-01
F0669,1,calving,2026-01-02,
F0669,2,sickness,2026-03-25,2026-04-09
F0669,2,sickness,2026-08-17,2026-09-03
F0669,2,sickness,2026-09-10,2026-09-17
F0669,2,calving,2026-09-11,
F0669,1,sickness,2026-09-22,2026-10-03
F0670,1,calving,2025-11-06,
F0670,2,sickness,2026-03-22,2026-04-03
F0670,2,sickness,2026-04-04,2026-04-18
F0670,1,sickness,2026-05-30,2026-06-11
F0670,2,sickness,2026-07-10,2026-07-19
F0670,2,calving,2026-07-15,
F0671,3,calving,2025-09-24,
F0671,4,sickness,2025-10-13,2025-10-20
F0671,3,sickness,2025-10-29,2025-11-05
F0671,4,calving,2025-11-04,
F0671,4,sickness,2025-12-06,2025-12-16
F0671,2,sickness,2025-12-09,2025-12-16
F0671,3,sickness,2026-01-24,2026-02-03
F0671,2,calving,2026-03-26,
F0671,4,sickness,2026-04-11,2026-04-17
F0671,3,sickness,2026-04-26,2026-05-09
F0671,1,calving,2026-05-01,
F0671,3,sickness,2026-05-11,2026-05-26
F0671,1,sickness,2026-05-24,2026-06-01
F0671,4,sickness,2026-07-07,2026-07-26
F0671,3,calving,2026-09-26,
F0672,3,sickness,2025-10-25,2025-11-02
F0672,3,sickness,2025-11-03,2025-11-15
F0672,2,sickness,2025-11-14,2025-11-22
F0672,1,calving,2025-12-24,
F0672,2,sickness,2026-03-01,2026-03-07
F0672,3,sickness,2026-04-05,2026-04-22
F0672,4,sickness,2026-04-27,2026-05-13
F0672,4,calving,2026-05-09,
F0672,2,calving,2026-05-24,
F0672,4,sickness,2026-07-27,2026-08-03
F0672,1,sickness,2026-08-26,2026-09-01
F0673,3,sickness,2025-10-01,2025-10-21
F0673,2,calving,2026-02-06,
F0673,1,sickness,2026-04-09,2026-04-20
F0673,3,calving,2026-05-30,
F0673,1,calving,2026-09-13,
F0673,3,sickness,2026-10-01,2026-10-03
F0674,2,calving,2025-09-24,
F0674,1,calving,2026-04-19,
F0675,1,sickness,2025-09-26,2025-10-08
F0675,2,sickness,2025-10-12,2025-10-21
F0675,1,sickness,2025-11-12,2025-11-18
F0675,2,calving,2025-11-13,
F0675,4,sickness,2025-12-08,2025-12-24
F0675,2,sickness,2026-01-29,2026-02-12
F0675,4,sickness,2026-02-03,2026-02-15
F0675,1,calving,2026-02-21,
F0675,3,sickness,2026-05-03,2026-05-12
F0675,1,sickness,2026-05-16,2026-06-03
F0675,4,calving,2026-08-21,
F0675,3,calving,2026-09-01,
F0676,3,sickness,2025-10-01,2025-10-07
F0676,2,sickness,2025-10-21,2025-10-31
F0676,1,calving,2026-02-24,
F0676,1,sickness,2026-06-17,2026-06-30
F0676,3,sickness,2026-08-10,2026-08-22
F0676,2,calving,2026-08-31,
F0676,3,sickness,2026-09-07,2026-09-18
F0677,1,sickness,2025-09-18,2025-09-25
F0677,1,sickness,2025-10-04,2025-10-11
F0677,1,sickness,2025-11-01,2025-11-11
F0677,1,sickness,2025-12-19,2026-01-04
F0677,1,calving,2026-06-05,
F0677,1,sickness,2026-08-06,2026-08-25
F0678,2,calving,2025-10-24,
F0678,1,calving,2026-01-16,
F0678,1,sickness,2026-05-15,2026-05-24
F0680,1,calving,2025-11-09,
F0680,1,sickness,2025-12-24,2026-01-07
F0680,1,sickness,2026-05-19,2026-06-01
F0681,1,sickness,2025-12-31,2026-01-16
F0681,1,calving,2026-05-24,
F0681,1,sickness,2026-06-24,2026-06-30
F0682,1,sickness,2025-12-11,2025-12-22
F0683,3,calving,2025-11-23,
F0683,4,sickness,2025-12-09,2025-12-15
F0683,3,sickness,2026-02-10,2026-02-21
F0683,5,sickness,2026-04-06,2026-04-21
F0683,4,calving,2026-04-25,
F0683,2,calving,2026-06-26,
F0683,3,sickness,2026-06-29,2026-07-15
F0683,3,sickness,2026-08-01,2026-08-12
F0683,1,sickness,2026-08-23,2026-09-02
F0683,1,sickness,2026-10-01,2026-10-03
F0684,1,calving,2025-12-20,
F0685,1,calving,2025-10-26,
F0686,1,sickness,2025-11-20,2025-12-07
F0686,1,calving,2026-04-30,
F0686,2,calving,2026-06-28,
F0687,1,sickness,2025-12-27,2026-01-02
F0687,1,calving,2026-02-24,
F0687,1,sickness,2026-03-03,2026-03-09
F0687,1,sickness,2026-08-01,2026-08-21
F0688,1,sickness,2026-04-19,2026-04-27
F0688,1,calving,2026-05-23,
F0689,1,calving,2025-09-30,
F0689,1,calving,2026-09-04,
F0690,1,calving,2025-10-03,
F0690,1,sickness,2026-01-12,2026-01-29
F0690,1,sickness,2026-08-13,2026-08-24
F0691,1,calving,2025-11-11,
F0691,1,sickness,2025-11-29,2025-12-07
F0691,1,sickness,2026-06-02,2026-06-18
F0691,1,calving,2026-09-21,
F0692,2,sickness,2025-10-03,2025-10-15
F0692,2,sickness,2026-01-25,2026-02-08
F0692,1,sickness,2026-03-23,2026-04-08
F0692,1,sickness,2026-04-25,2026-05-10
F0692,2,sickness,2026-07-26,2026-08-14
F0692,1,calving,2026-08-25,
F0692,2,calving,2026-09-01,
F0693,1,sickness,2025-11-30,2025-12-15
F0693,1,sickness,2026-01-31,2026-02-07
F0693,2,sickness,2026-02-25,2026-03-04
F0693,1,calving,2026-03-03,
F0693,2,sickness,2026-03-30,2026-04-10
F0693,2,calving,2026-08-16,
F0694,3,calving,2026-01-09,
F0694,3,sickness,2026-01-18,2026-02-06
F0694,1,sickness,2026-03-10,2026-03-21
F0694,3,sickness,2026-04-15,2026-04-25
F0694,2,calving,2026-07-23,
F0694,4,calving,2026-08-05,
F0694,4,sickness,2026-09-10,2026-09-19
F0695,2,sickness,2025-09-24,2025-10-06
F0695,2,sickness,2025-11-08,2025-11-23
F0695,1,calving,2025-12-28,
F0695,2,calving,2026-01-12,
F0695,2,sickness,2026-02-21,2026-03-11
F0695,3,calving,2026-03-16,
F0695,2,sickness,2026-03-31,2026-04-15
F0695,2,sickness,2026-07-10,2026-07-18
F0695,1,sickness,2026-07-12,2026-07-27
F0696,1,sickness,2026-04-05,2026-04-21
F0696,1,calving,2026-08-30,
F0696,1,sickness,2026-09-01,2026-09-14
F0697,1,sickness,2025-09-24,2025-10-05
F0697,1,sickness,2025-10-21,2025-11-01
F0697,1,calving,2026-03-19,
F0697,1,sickness,2026-04-18,2026-05-07
F0697,1,sickness,2026-07-11,2026-07-30
F0698,2,calving,2025-10-17,
F0698,1,sickness,2025-11-22,2025-12-05
F0698,1,sickness,2026-02-01,2026-02-13
F0698,2,sickness,2026-08-17,2026-08-28
F0699,1,calving,2026-01-03,
F0699,1,sickness,2026-06-08,2026-06-23
F0700,1,calving,2025-11-11,
F0700,1,sickness,2026-08-13,2026-08-29
F0701,1,sickness,2025-11-12,2025-11-26
F0701,1,calving,2025-12-07,
F0701,2,calving,2026-01-31,
F0701,1,sickness,2026-09-05,2026-09-12
F0701,2,sickness,2026-09-10,2026-09-19
F0701,1,sickness,2026-09-14,2026-09-24
F0702,1,sickness,2026-05-02,2026-05-12
F0702,1,sickness,2026-07-17,2026-07-27
F0703,1,calving,2025-10-26,
F0703,1,sickness,2025-11-28,2025-12-16
F0703,1,sickness,2026-05-01,2026-05-15
F0704,1,sickness,2025-10-13,2025-11-02
F0704,1,sickness,2026-01-29,2026-02-14
F0704,1,calving,2026-02-11,
F0704,1,sickness,2026-03-14,2026-04-01
F0704,1,sickness,2026-04-29,2026-05-17
F0705,1,sickness,2025-09-16,2025-09-23
F0705,1,calving,2025-09-30,
F0705,2,sickness,2026-04-09,2026-04-26
F0705,2,sickness,2026-05-02,2026-05-19
F0705,1,sickness,2026-07-04,2026-07-23
F0705,2,calving,2026-09-03,
F0706,2,sickness,2025-09-30,2025-10-11
F0706,2,sickness,2025-10-27,2025-11-05
F0706,1,calving,2026-01-19,
F0706,1,sickness,2026-01-24,2026-01-30
F0706,1,sickness,2026-05-15,2026-06-02
F0706,2,sickness,2026-06-17,2026-06-24
F0707,2,sickness,2025-11-12,2025-12-02
F0707,1,sickness,2025-11-15,2025-11-29
F0707,1,calving,2025-12-02,
F0707,1,sickness,2026-02-25,2026-03-15
F0707,2,calving,2026-05-15,
F0709,2,calving,2025-12-15,
F0709,1,calving,2025-12-27,
F0709,1,sickness,2026-02-08,2026-02-18
F0709,2,sickness,2026-04-08,2026-04-23
F0709,2,sickness,2026-06-11,2026-06-25
F0709,1,sickness,2026-07-10,2026-07-16
F0709,2,sickness,2026-08-05,2026-08-22
F0710,1,sickness,2025-12-06,2025-12-15
F0710,2,sickness,2026-01-27,2026-02-06
F0710,1,sickness,2026-02-22,2026-03-14
F0710,2,calving,2026-02-27,
F0710,2,sickness,2026-06-21,2026-07-06
F0710,2,sickness,2026-08-24,2026-09-13
F0711,1,sickness,2025-10-05,2025-10-12
F0711,1,calving,2025-10-31,
F0711,2,sickness,2025-10-31,2025-11-06
F0711,1,sickness,2025-11-11,2025-11-23
F0711,2,calving,2026-01-10,
F0711,2,sickness,2026-02-01,2026-02-19
F0711,4,calving,2026-03-23,
F0711,4,sickness,2026-05-18,2026-06-04
F0711,3,sickness,2026-05-26,2026-06-14
F0711,3,calving,2026-07-05,
F0712,2,calving,2026-04-05,
F0712,1,calving,2026-04-09,
F0712,1,sickness,2026-05-12,2026-05-26
F0713,1,calving,2026-01-03,
F0713,1,sickness,2026-02-24,2026-03-11
F0713,1,sickness,2026-04-26,2026-05-14
F0713,2,sickness,2026-09-20,2026-10-03
F0714,1,calving,2025-11-24,
F0714,2,calving,2025-12-24,
F0714,2,sickness,2026-04-14,2026-04-21
F0714,2,sickness,2026-07-05,2026-07-20
F0714,1,sickness,2026-08-08,2026-08-19
F0714,2,sickness,2026-09-16,2026-10-02
F0715,1,calving,2025-09-27,
F0715,2,sickness,2025-10-30,2025-11-06
F0715,2,calving,2025-12-29,
F0715,2,sickness,2026-01-18,2026-01-30
F0715,3,sickness,2026-02-09,2026-02-25
F0715,3,sickness,2026-02-27,2026-03-19
F0715,2,sickness,2026-04-02,2026-04-20
F0715,1,sickness,2026-04-18,2026-04-28
F0715,2,sickness,2026-05-22,2026-05-29
F0715,2,sickness,2026-06-01,2026-06-21
F0715,2,sickness,2026-07-09,2026-07-22
F0715,1,sickness,2026-07-15,2026-07-25
F0715,3,calving,2026-08-21,
F0715,1,calving,2026-10-01,
F0716,2,sickness,2025-10-15,2025-10-26
F0716,1,sickness,2026-01-20,2026-01-31
F0716,1,calving,2026-05-11,
F0716,1,sickness,2026-06-16,2026-06-28
F0716,3,calving,2026-07-13,
F0716,2,calving,2026-08-22,
F0716,2,sickness,2026-09-27,2026-10-03
F0717,1,calving,2025-10-22,
F0717,2,sickness,2025-11-05,2025-11-18
F0717,1,sickness,2025-12-17,2025-12-27
F0717,1,sickness,2026-04-07,2026-04-27
F0717,2,sickness,2026-08-17,2026-08-25
F0717,1,calving,2026-08-25,
F0717,2,calving,2026-09-05,
F0718,1,sickness,2025-10-24,2025-11-02
F0718,1,sickness,2025-11-08,2025-11-17
F0718,1,sickness,2026-02-27,2026-03-14
F0718,1,sickness,2026-04-20,2026-05-01
F0718,2,calving,2026-05-15,
F0718,1,calving,2026-06-09,
F0718,1,sickness,2026-06-11,2026-06-22
F0719,2,sickness,2026-04-07,2026-04-17
F0719,1,calving,2026-05-06,
F0719,2,sickness,2026-07-03,2026-07-11
F0719,2,calving,2026-07-26,
F0720,1,calving,2026-07-06,
F0721,1,sickness,2026-08-21,2026-09-08
F0722,1,sickness,2026-01-06,2026-01-21
F0722,1,sickness,2026-04-14,2026-04-24
F0722,1,sickness,2026-09-24,2026-10-01
F0722,1,calving,2026-09-30,
F0723,2,sickness,2026-01-15,2026-01-21
F0723,3,calving,2026-03-06,
F0723,3,sickness,2026-04-21,2026-04-29
F0723,1,calving,2026-05-12,
F0723,2,sickness,2026-06-08,2026-06-15
F0723,2,sickness,2026-07-15,2026-07-30
F0724,1,sickness,2026-05-08,2026-05-26
F0724,1,calving,2026-06-12,
F0724,1,sickness,2026-08-27,2026-09-09
F0725,1,sickness,2026-03-13,2026-03-31
F0725,2,calving,2026-03-27,
F0725,1,sickness,2026-08-31,2026-09-07
F0725,1,calving,2026-09-16,
F0726,1,sickness,2026-01-02,2026-01-12
F0726,3,calving,2026-01-05,
F0726,1,calving,2026-01-25,
F0726,3,sickness,2026-03-10,2026-03-20
F0726,2,calving,2026-03-23,
F0726,2,sickness,2026-07-04,2026-07-20
F0726,2,sickness,2026-08-14,2026-08-31
F0727,1,sickness,2026-03-23,2026-04-11
F0727,1,sickness,2026-06-24,2026-07-05
F0727,1,sickness,2026-08-22,2026-09-07
F0727,1,calving,2026-08-22,
F0728,2,sickness,2025-11-30,2025-12-11
F0728,3,calving,2026-03-02,
F0728,2,calving,2026-03-11,
F0728,3,sickness,2026-04-04,2026-04-14
F0728,1,sickness,2026-05-19,2026-06-05
F0728,3,sickness,2026-06-23,2026-07-05
F0728,4,sickness,2026-07-06,2026-07-21
F0728,4,sickness,2026-07-26,2026-08-09
F0728,4,sickness,2026-08-17,2026-09-05
F0728,4,calving,2026-08-29,
F0728,1,calving,2026-10-03,
F0729,3,sickness,2025-11-19,2025-11-25
F0729,4,calving,2025-12-02,
F0729,3,calving,2025-12-09,
F0729,1,calving,2025-12-30,
F0729,2,sickness,2026-02-08,2026-02-22
F0729,3,sickness,2026-04-24,2026-05-05
F0729,3,sickness,2026-05-11,2026-05-19
F0729,2,calving,2026-06-28,
F0729,3,sickness,2026-08-14,2026-08-21
F0729,4,sickness,2026-08-30,2026-09-12
F0730,2,sickness,2025-09-20,2025-10-08
F0730,3,sickness,2026-02-09,2026-03-01
F0730,1,calving,2026-03-31,
F0730,1,sickness,2026-04-29,2026-05-13
F0730,2,calving,2026-05-19,
F0730,4,sickness,2026-08-11,2026-08-25
F0730,2,sickness,2026-09-08,2026-09-26
F0731,1,sickness,2025-09-21,2025-10-06
F0731,1,calving,2025-10-16,
F0731,1,sickness,2025-12-18,2025-12-26
F0731,2,sickness,2026-06-16,2026-06-27
F0731,2,calving,2026-07-22,
F0731,1,sickness,2026-08-12,2026-08-28
F0731,2,sickness,2026-09-14,2026-10-02
F0731,1,sickness,2026-09-27,2026-10-03
F0732,2,sickness,2025-10-21,2025-11-04
F0732,1,calving,2026-02-28,
F0732,2,sickness,2026-04-05,2026-04-18
F0732,2,sickness,2026-06-23,2026-07-06
F0733,1,sickness,2025-10-04,2025-10-24
F0733,1,calving,2025-10-18,
F0733,2,calving,2026-05-09,
F0734,1,calving,2025-12-13,
F0734,1,sickness,2026-01-24,2026-02-08
F0735,2,sickness,2025-10-31,2025-11-12
F0735,1,calving,2025-11-15,
F0735,1,sickness,2026-03-13,2026-03-28
F0735,1,sickness,2026-05-31,2026-06-18
F0735,1,sickness,2026-08-02,2026-08-12
F0735,2,calving,2026-08-15,
F0735,1,sickness,2026-09-22,2026-09-28
F0736,1,sickness,2025-12-23,2025-12-30
F0736,1,sickness,2026-04-02,2026-04-08
F0736,1,sickness,2026-05-26,2026-06-07
F0736,1,sickness,2026-08-14,2026-08-27
F0736,1,calving,2026-09-26,
F0737,1,calving,2025-11-11,
F0737,2,sickness,2026-06-12,2026-06-27
F0737,2,calving,2026-07-26,
F0737,2,sickness,2026-09-27,2026-10-03
F0738,4,sickness,2025-09-29,2025-10-16
F0738,2,sickness,2025-10-21,2025-11-09
F0738,1,sickness,2025-11-28,2025-12-16
F0738,1,sickness,2026-01-06,2026-01-23
F0738,4,calving,2026-01-30,
F0738,2,sickness,2026-02-27,2026-03-14
F0738,1,sickness,2026-04-13,2026-04-19
F0738,2,calving,2026-07-31,
F0738,4,sickness,2026-08-18,2026-09-06
F0739,1,sickness,2025-12-17,2026-01-01
F0739,4,sickness,2025-12-20,2025-12-30
F0739,3,sickness,2025-12-21,2026-01-02
F0739,2,sickness,2026-01-18,2026-01-26
F0739,1,sickness,2026-01-22,2026-02-09
F0739,4,sickness,2026-01-27,2026-02-08
F0739,1,calving,2026-03-13,
F0739,4,calving,2026-03-28,
F0739,2,calving,2026-05-11,
F0739,3,calving,2026-05-14,
F0739,4,sickness,2026-06-20,2026-07-04
F0739,2,sickness,2026-08-10,2026-08-16
F0739,4,sickness,2026-08-14,2026-09-01
F0740,1,sickness,2025-12-03,2025-12-20
F0740,2,sickness,2026-04-10,2026-04-21
F0740,2,sickness,2026-05-27,2026-06-12
F0740,2,calving,2026-06-20,
F0740,1,calving,2026-06-27,
F0740,1,sickness,2026-09-02,2026-09-11
F0741,1,calving,2025-10-07,
F0742,3,sickness,2025-10-01,2025-10-10
F0742,4,sickness,2025-11-10,2025-11-29
F0742,2,sickness,2025-12-13,2025-12-25
F0742,4,calving,2026-02-21,
F0742,1,calving,2026-04-20,
F0742,2,sickness,2026-04-26,2026-05-04
F0742,2,calving,2026-05-17,
F0742,4,sickness,2026-06-21,2026-06-29
F0742,3,calving,2026-08-08,
F0742,3,sickness,2026-09-03,2026-09-20
F0743,1,sickness,2025-10-23,2025-11-05
F0743,1,sickness,2026-02-07,2026-02-17
F0743,1,sickness,2026-02-18,2026-03-10
F0743,1,sickness,2026-03-23,2026-04-09
F0743,1,sickness,2026-07-04,2026-07-15
F0743,1,calving,2026-08-07,
F0744,2,calving,2026-01-31,
F0744,1,calving,2026-02-06,
F0744,2,sickness,2026-02-18,2026-03-03
F0744,1,sickness,2026-03-07,2026-03-18
F0745,1,sickness,2026-01-18,2026-01-29
F0745,1,calving,2026-07-23,
F0745,2,sickness,2026-09-02,2026-09-12
F0745,1,sickness,2026-09-09,2026-09-23
F0745,2,calving,2026-09-29,
F0746,2,sickness,2026-01-28,2026-02-12
F0746,3,calving,2026-02-05,
F0746,2,calving,2026-02-16,
F0746,1,calving,2026-06-11,
F0747,2,calving,2026-06-10,
F0748,1,calving,2026-01-28,
F0748,1,sickness,2026-06-09,2026-06-17
F0748,1,sickness,2026-08-11,2026-08-23
F0748,1,sickness,2026-09-11,2026-09-22
F0748,1,sickness,2026-10-01,2026-10-03
F0749,1,calving,2025-11-05,
F0749,1,sickness,2025-11-17,2025-11-24
F0749,2,sickness,2025-11-28,2025-12-17
F0749,2,sickness,2026-06-25,2026-07-02
F0749,2,calving,2026-07-20,
F0750,1,calving,2026-01-11,
F0750,2,sickness,2026-02-03,2026-02-09
F0750,1,sickness,2026-04-12,2026-04-18
F0750,1,sickness,2026-07-24,2026-08-01
F0750,2,sickness,2026-08-06,2026-08-26
F0750,2,sickness,2026-10-03,2026-10-03
F0751,1,sickness,2026-02-09,2026-02-18
F0751,1,calving,2026-04-12,
F0751,1,sickness,2026-05-19,2026-06-02
F0752,2,calving,2025-10-27,
F0752,1,calving,2025-11-07,
F0752,3,calving,2025-11-24,
F0752,5,sickness,2025-12-21,2026-01-02
F0752,5,calving,2026-02-27,
F0752,4,sickness,2026-04-08,2026-04-28
F0752,3,sickness,2026-05-11,2026-05-25
F0752,2,sickness,2026-05-22,2026-05-30
F0752,4,calving,2026-06-15,
F0752,3,sickness,2026-06-24,2026-07-14
F0752,3,sickness,2026-07-27,2026-08-09
F0752,2,sickness,2026-09-01,2026-09-07
F0752,1,sickness,2026-09-06,2026-09-26
F0753,3,calving,2025-11-01,
F0753,3,sickness,2025-11-10,2025-11-17
F0753,1,sickness,2026-03-01,2026-03-21
F0753,1,calving,2026-04-12,
F0753,2,sickness,2026-06-19,2026-07-03
F0753,2,calving,2026-07-06,
F0753,3,sickness,2026-09-03,2026-09-19
F0754,1,sickness,2025-11-19,2025-12-03
F0754,1,sickness,2026-02-23,2026-03-13
F0754,1,sickness,2026-03-24,2026-04-01
F0754,2,sickness,2026-04-03,2026-04-17
F0754,2,calving,2026-04-21,
F0754,1,sickness,2026-06-29,2026-07-07
F0754,1,calving,2026-07-17,
F0755,3,calving,2026-05-22,
F0755,2,calving,2026-05-30,
F0755,2,sickness,2026-08-21,2026-08-31
F0755,1,calving,2026-09-17,
F0756,1,sickness,2025-10-17,2025-10-31
F0756,1,calving,2025-12-19,
F0756,1,sickness,2026-02-25,2026-03-13
F0757,3,sickness,2025-10-05,2025-10-25
F0757,2,sickness,2025-10-08,2025-10-28
F0757,3,calving,2025-11-15,
F0757,2,sickness,2026-04-05,2026-04-21
F0757,2,calving,2026-05-07,
F0757,1,sickness,2026-06-28,2026-07-08
F0757,1,calving,2026-06-29,
F0757,4,calving,2026-07-06,
F0757,2,sickness,2026-08-25,2026-09-02
F0757,4,sickness,2026-09-03,2026-09-16
F0757,2,sickness,2026-09-10,2026-09-24
F0757,1,sickness,2026-10-02,2026-10-03
F0758,1,calving,2025-10-04,
F0758,1,sickness,2026-01-22,2026-01-28
F0758,2,sickness,2026-03-12,2026-03-18
F0758,2,calving,2026-03-17,
F0758,1,sickness,2026-08-19,2026-08-29
F0759,2,sickness,2025-11-07,2025-11-24
F0759,1,sickness,2025-11-20,2025-11-29
F0759,1,sickness,2025-12-19,2025-12-29
F0759,2,sickness,2026-03-31,2026-04-06
F0759,1,sickness,2026-05-10,2026-05-26
F0759,1,calving,2026-08-09,
F0759,2,calving,2026-09-15,
F0761,1,calving,2026-08-28,
F0762,1,sickness,2025-10-30,2025-11-12
F0762,1,calving,2025-11-27,
F0762,3,sickness,2026-01-04,2026-01-23
F0762,2,sickness,2026-01-20,2026-02-05
F0762,2,calving,2026-07-09,
F0762,2,sickness,2026-07-23,2026-08-03
F0762,3,sickness,2026-08-01,2026-08-12
F0762,3,calving,2026-09-10,
F0763,1,sickness,2026-06-01,2026-06-19
F0763,1,sickness,2026-09-06,2026-09-17
F0764,2,sickness,2025-09-16,2025-10-03
F0764,1,calving,2026-02-20,
F0764,1,sickness,2026-04-12,2026-04-24
F0764,2,calving,2026-07-05,
F0765,1,sickness,2025-12-14,2025-12-26
F0765,2,sickness,2026-09-27,2026-10-03
F0766,2,sickness,2025-09-30,2025-10-20
F0766,1,sickness,2025-11-16,2025-11-26
F0766,1,sickness,2026-03-15,2026-03-24
F0766,1,calving,2026-05-11,
F0766,1,sickness,2026-06-04,2026-06-19
F0766,3,sickness,2026-08-08,2026-08-23
F0766,1,sickness,2026-08-14,2026-08-22
F0766,3,calving,2026-09-19,
F0767,1,calving,2025-12-01,
F0767,1,sickness,2026-08-10,2026-08-24
F0767,1,sickness,2026-09-03,2026-09-19
F0768,1,sickness,2026-04-06,2026-04-15
F0768,1,calving,2026-06-20,
F0769,1,calving,2025-10-11,
F0769,2,calving,2025-11-01,
F0769,4,calving,2025-11-04,
F0769,4,sickness,2025-12-18,2026-01-01
F0769,4,sickness,2026-01-25,2026-02-11
F0769,2,sickness,2026-02-18,2026-03-01
F0769,3,sickness,2026-07-19,2026-07-30
F0769,3,calving,2026-07-24,
F0769,2,sickness,2026-08-21,2026-09-01
F0770,2,calving,2025-11-02,
F0770,1,calving,2025-12-30,
F0770,1,sickness,2026-01-30,2026-02-14
F0770,2,sickness,2026-04-10,2026-04-24
F0770,2,sickness,2026-05-02,2026-05-12
F0771,1,sickness,2026-02-13,2026-02-23
F0771,1,sickness,2026-04-16,2026-04-23
F0771,1,calving,2026-09-03,
F0772,2,sickness,2025-12-28,2026-01-06
F0772,1,calving,2026-06-15,
F0772,2,calving,2026-06-19,
F0773,3,sickness,2025-11-11,2025-11-17
F0773,3,sickness,2025-12-07,2025-12-16
F0773,1,sickness,2026-04-14,2026-05-04
F0773,2,calving,2026-05-08,
F0773,3,calving,2026-06-16,
F0774,2,sickness,2026-05-22,2026-05-29
F0774,2,calving,2026-06-19,
F0774,1,calving,2026-06-25,
F0774,1,sickness,2026-07-12,2026-07-30
F0774,2,sickness,2026-09-27,2026-10-03
F0775,1,sickness,2026-01-19,2026-01-27
F0775,1,sickness,2026-02-13,2026-02-23
F0775,2,calving,2026-05-08,
F0775,1,calving,2026-07-05,
F0775,2,sickness,2026-08-20,2026-09-03
F0776,2,sickness,2025-11-13,2025-11-28
F0776,1,sickness,2026-01-16,2026-01-25
F0776,2,sickness,2026-01-29,2026-02-04
F0776,2,sickness,2026-05-24,2026-06-10
F0776,1,sickness,2026-07-08,2026-07-21
F0777,2,sickness,2025-11-16,2025-11-29
F0777,1,calving,2026-01-17,
F0777,2,sickness,2026-01-30,2026-02-12
F0777,2,sickness,2026-05-21,2026-06-10
F0777,1,sickness,2026-05-30,2026-06-12
F0777,1,sickness,2026-09-26,2026-10-03
F0778,2,sickness,2025-12-15,2025-12-26
F0778,2,calving,2025-12-17,
F0778,1,calving,2026-03-05,
F0778,2,sickness,2026-06-08,2026-06-21
F0778,1,sickness,2026-09-23,2026-09-30
F0779,1,calving,2026-07-07,
F0780,1,sickness,2025-09-16,2025-09-28
F0780,2,sickness,2025-11-21,2025-12-08
F0780,1,sickness,2025-12-24,2026-01-13
F0780,2,sickness,2026-01-28,2026-02-09
F0780,2,calving,2026-02-19,
F0780,1,sickness,2026-08-08,2026-08-18
F0781,1,calving,2026-04-15,
F0781,2,sickness,2026-04-22,2026-05-01
F0781,2,sickness,2026-09-22,2026-09-28
F0782,1,calving,2026-02-04,
F0782,1,sickness,2026-05-31,2026-06-06
F0783,1,sickness,2025-09-25,2025-10-01
F0783,1,sickness,2026-01-13,2026-01-21
F0783,1,sickness,2026-01-22,2026-02-02
F0783,1,calving,2026-06-17,
F0783,1,sickness,2026-09-20,2026-10-03
F0784,2,sickness,2025-12-18,2025-12-24
F0784,3,sickness,2026-02-14,2026-03-04
F0784,2,calving,2026-03-07,
F0784,1,sickness,2026-04-14,2026-04-21
F0784,1,calving,2026-05-20,
F0785,1,sickness,2026-03-30,2026-04-13
F0785,1,calving,2026-04-08,
F0786,1,sickness,2026-02-22,2026-03-07
F0786,1,calving,2026-09-30,
F0787,1,sickness,2025-10-06,2025-10-25
F0787,1,sickness,2025-12-02,2025-12-09
F0787,1,sickness,2026-04-17,2026-04-24
F0787,1,calving,2026-06-29,
F0788,2,sickness,2025-11-10,2025-11-25
F0788,1,calving,2025-12-10,
F0788,1,sickness,2025-12-25,2026-01-09
F0788,1,sickness,2026-01-30,2026-02-08
F0788,1,sickness,2026-05-21,2026-05-31
F0788,2,calving,2026-06-19,
F0788,2,sickness,2026-08-08,2026-08-24
F0789,2,calving,2025-12-05,
F0789,1,sickness,2025-12-17,2025-12-26
F0789,2,sickness,2026-03-03,2026-03-10
F0789,1,sickness,2026-03-23,2026-04-06
F0789,1,calving,2026-05-24,
F0789,2,sickness,2026-07-14,2026-07-26
F0790,3,sickness,2025-09-25,2025-10-08
F0790,1,sickness,2025-10-14,2025-10-26
F0790,4,calving,2025-11-20,
F0790,1,sickness,2025-12-10,2025-12-19
F0790,1,calving,2025-12-26,
F0790,2,sickness,2026-01-10,2026-01-24
F0790,3,sickness,2026-02-11,2026-02-27
F0790,4,sickness,2026-04-07,2026-04-22
F0790,2,sickness,2026-05-12,2026-06-01
F0790,2,sickness,2026-06-12,2026-06-21
F0790,3,calving,2026-06-14,
F0791,2,calving,2025-12-16,
F0791,3,sickness,2025-12-16,2026-01-02
F0791,1,calving,2026-08-03,
F0791,3,calving,2026-08-28,
F0791,1,sickness,2026-09-20,2026-10-03
F0792,1,sickness,2025-11-07,2025-11-26
F0792,1,calving,2025-12-30,
F0792,1,sickness,2026-07-05,2026-07-16
F0792,1,sickness,2026-08-27,2026-09-13
F0792,1,sickness,2026-09-29,2026-10-03
F0793,2,sickness,2025-10-05,2025-10-13
F0793,2,calving,2025-12-28,
F0793,1,calving,2026-02-28,
F0794,1,sickness,2025-10-29,2025-11-12
F0794,2,sickness,2026-01-25,2026-01-31
F0794,3,sickness,2026-05-08,2026-05-27
F0794,2,calving,2026-06-01,
F0794,2,sickness,2026-06-17,2026-07-05
F0794,3,sickness,2026-08-20,2026-08-31
F0794,1,calving,2026-08-31,
F0794,2,sickness,2026-09-30,2026-10-03
F0795,1,sickness,2025-11-02,2025-11-08
F0795,1,sickness,2026-05-19,2026-05-26
F0795,1,calving,2026-08-06,
F0796,1,sickness,2025-10-16,2025-10-28
F0796,2,sickness,2025-11-16,2025-11-24
F0796,1,sickness,2025-12-26,2026-01-02
F0796,1,calving,2026-01-05,
F0796,2,sickness,2026-02-10,2026-02-19
F0796,1,sickness,2026-03-17,2026-04-04
F0796,1,sickness,2026-04-10,2026-04-22
F0796,1,sickness,2026-05-15,2026-05-29
F0796,2,calving,2026-07-03,
F0796,1,sickness,2026-08-13,2026-08-31
F0796,1,sickness,2026-09-11,2026-09-18
F0797,2,sickness,2025-11-24,2025-12-03
F0797,1,calving,2025-12-02,
F0797,1,sickness,2026-02-12,2026-03-04
F0797,2,calving,2026-04-04,
F0797,2,sickness,2026-09-26,2026-10-03
F0798,3,calving,2025-10-09,
F0798,3,sickness,2025-10-18,2025-10-29
F0798,2,sickness,2025-11-07,2025-11-21
F0798,3,sickness,2026-03-20,2026-03-29
F0798,1,sickness,2026-03-23,2026-04-01
F0798,2,sickness,2026-05-02,2026-05-20
F0798,1,sickness,2026-05-12,2026-05-27
F0798,1,calving,2026-07-06,
F0798,1,sickness,2026-08-04,2026-08-19
F0799,1,sickness,2025-10-01,2025-10-11
F0799,4,calving,2025-10-06,
F0799,4,sickness,2025-10-18,2025-10-30
F0799,2,sickness,2025-11-04,2025-11-12
F0799,2,sickness,2026-01-05,2026-01-20
F0799,4,sickness,2026-01-09,2026-01-22
F0799,3,sickness,2026-04-15,2026-04-27
F0799,4,sickness,2026-04-22,2026-05-11
F0799,3,calving,2026-04-24,
F0799,1,sickness,2026-06-14,2026-06-30
F0799,4,sickness,2026-06-14,2026-07-04
F0799,1,calving,2026-07-17,
F0799,2,calving,2026-08-10,
F0799,1,sickness,2026-09-05,2026-09-20
F0800,3,calving,2026-01-17,
F0800,4,calving,2026-02-14,
F0800,2,sickness,2026-03-02,2026-03-19
F0800,3,sickness,2026-03-02,2026-03-22
F0800,1,sickness,2026-04-06,2026-04-23
F0800,2,calving,2026-04-22,
F0800,4,sickness,2026-07-12,2026-07-31
F0800,4,sickness,2026-09-03,2026-09-14
F0800,1,sickness,2026-10-01,2026-10-03
F0801,1,calving,2025-11-14,
F0802,3,calving,2025-09-17,
F0802,4,sickness,2025-09-22,2025-10-01
F0802,1,sickness,2025-10-26,2025-11-02
F0802,4,sickness,2025-10-31,2025-11-18
F0802,3,sickness,2025-11-30,2025-12-18
F0802,2,sickness,2026-01-16,2026-01-24
F0802,2,calving,2026-04-21,
F0802,4,calving,2026-05-30,
F0802,1,sickness,2026-08-15,2026-09-02
F0802,1,calving,2026-08-17,
F0803,1,sickness,2025-11-04,2025-11-16
F0803,1,sickness,2025-12-20,2026-01-04
F0803,2,sickness,2026-04-23,2026-05-08
F0803,2,calving,2026-05-29,
F0803,2,sickness,2026-06-27,2026-07-08
F0803,1,calving,2026-08-31,
F0804,3,calving,2025-09-22,
F0804,1,sickness,2025-09-30,2025-10-15
F0804,3,sickness,2025-10-16,2025-10-31
F0804,1,calving,2025-10-19,
F0804,1,sickness,2026-01-28,2026-02-09
F0804,1,sickness,2026-02-21,2026-03-10
F0804,3,sickness,2026-03-04,2026-03-20
F0804,2,calving,2026-07-05,
F0804,2,sickness,2026-08-05,2026-08-25
F0805,2,calving,2025-11-23,
F0805,1,calving,2026-01-29,
F0805,1,sickness,2026-08-17,2026-08-30
F0806,5,sickness,2025-09-30,2025-10-08
F0806,4,sickness,2025-10-13,2025-11-02
F0806,3,calving,2025-10-19,
F0806,5,sickness,2026-01-06,2026-01-26
F0806,4,sickness,2026-01-14,2026-01-21
F0806,3,sickness,2026-05-08,2026-05-23
F0806,5,calving,2026-05-12,
F0806,2,sickness,2026-05-31,2026-06-18
F0806,2,calving,2026-08-03,
F0806,4,sickness,2026-09-04,2026-09-20
F0806,3,sickness,2026-09-12,2026-09-27
F0807,1,calving,2026-01-19,
F0807,2,calving,2026-04-14,
F0808,2,sickness,2025-10-13,2025-10-25
F0808,2,sickness,2025-11-09,2025-11-26
F0808,2,calving,2025-12-20,
F0808,1,sickness,2026-02-11,2026-02-27
F0808,1,calving,2026-08-07,
F0808,2,sickness,2026-08-26,2026-09-12
F0809,1,sickness,2025-10-18,2025-10-29
F0809,1,calving,2026-03-18,
F0809,1,sickness,2026-04-17,2026-05-02
F0809,1,sickness,2026-09-05,2026-09-23
F0810,1,calving,2026-05-03,
F0811,1,sickness,2025-12-08,2025-12-17
F0811,1,sickness,2026-05-07,2026-05-25
F0811,1,calving,2026-06-12,
F0812,1,sickness,2025-11-01,2025-11-19
F0812,2,sickness,2026-01-13,2026-01-21
F0812,2,sickness,2026-03-21,2026-04-08
F0812,2,calving,2026-05-19,
F0812,2,sickness,2026-06-28,2026-07-17
F0812,1,calving,2026-08-14,
F0812,2,sickness,2026-09-15,2026-09-25
F0813,3,sickness,2025-10-13,2025-10-27
F0813,3,sickness,2025-11-03,2025-11-12
F0813,2,sickness,2025-11-15,2025-12-04
F0813,3,sickness,2025-11-16,2025-12-04
F0813,2,calving,2025-12-17,
F0813,3,calving,2025-12-29,
F0813,1,calving,2026-01-29,
F0813,2,sickness,2026-06-02,2026-06-14
F0813,3,sickness,2026-07-16,2026-07-26
F0813,2,sickness,2026-09-14,2026-09-22
F0814,1,sickness,2026-01-13,2026-01-21
F0814,1,sickness,2026-04-13,2026-04-22
F0814,1,calving,2026-08-19,
F0815,2,sickness,2025-10-28,2025-11-05
F0815,2,sickness,2026-03-01,2026-03-10
F0815,2,calving,2026-07-04,
F0816,1,calving,2026-09-19,
F0817,2,calving,2025-11-06,
F0817,1,sickness,2025-11-10,2025-11-28
F0817,2,sickness,2026-05-12,2026-05-18
F0817,1,sickness,2026-06-07,2026-06-27
F0817,1,calving,2026-08-01,
F0818,1,calving,2025-12-19,
F0818,1,sickness,2026-03-21,2026-03-31
F0818,1,sickness,2026-06-19,2026-07-03
F0818,1,sickness,2026-10-02,2026-10-03
F0819,1,calving,2025-10-26,
F0819,2,calving,2026-05-15,
F0819,2,sickness,2026-09-18,2026-09-30
F0820,3,calving,2025-10-24,
F0820,2,sickness,2026-03-13,2026-03-23
F0820,4,calving,2026-03-26,
F0820,2,calving,2026-04-21,
F0820,3,sickness,2026-04-22,2026-04-29
F0820,1,calving,2026-05-08,
F0820,2,sickness,2026-07-18,2026-07-24
F0820,3,sickness,2026-08-02,2026-08-11
F0821,3,calving,2025-09-20,
F0821,3,sickness,2025-09-25,2025-10-14
F0821,2,sickness,2025-10-26,2025-11-09
F0821,1,sickness,2026-02-05,2026-02-24
F0821,2,sickness,2026-05-24,2026-06-09
F0821,2,sickness,2026-06-11,2026-06-18
F0821,1,calving,2026-06-12,
F0821,1,sickness,2026-06-27,2026-07-14
F0821,1,sickness,2026-08-15,2026-08-26
F0821,2,calving,2026-08-28,
F0822,2,sickness,2025-09-21,2025-09-30
F0822,2,calving,2025-12-06,
F0822,3,sickness,2026-01-19,2026-02-01
F0822,3,sickness,2026-03-30,2026-04-13
F0822,1,sickness,2026-04-21,2026-05-11
F0822,1,calving,2026-09-05,
F0823,4,sickness,2025-09-21,2025-10-10
F0823,2,sickness,2026-02-24,2026-03-16
F0823,2,calving,2026-03-18,
F0823,1,calving,2026-05-01,
F0823,3,calving,2026-06-26,
F0823,2,sickness,2026-06-28,2026-07-16
F0823,4,calving,2026-07-18,
F0824,1,calving,2025-11-23,
F0824,1,sickness,2026-08-23,2026-09-10
F0825,5,calving,2025-12-18,
F0825,3,sickness,2026-01-05,2026-01-15
F0825,4,calving,2026-01-23,
F0825,5,sickness,2026-01-29,2026-02-14
F0825,1,sickness,2026-02-25,2026-03-07
F0825,3,sickness,2026-02-26,2026-03-17
F0825,1,sickness,2026-04-18,2026-04-25
F0825,3,sickness,2026-06-22,2026-06-30
F0825,2,calving,2026-07-07,
F0825,3,sickness,2026-07-26,2026-08-13
F0825,3,calving,2026-07-28,
F0825,2,sickness,2026-08-09,2026-08-28
F0825,3,sickness,2026-08-26,2026-09-06
F0825,1,sickness,2026-08-29,2026-09-08
F0825,1,calving,2026-09-24,
F0826,3,sickness,2025-09-22,2025-10-12
F0826,2,sickness,2025-10-19,2025-10-31
F0826,1,sickness,2025-10-22,2025-11-08
F0826,3,sickness,2026-03-22,2026-04-02
F0826,2,sickness,2026-04-20,2026-05-01
F0826,2,sickness,2026-05-05,2026-05-15
F0826,1,sickness,2026-05-16,2026-06-01
F0826,3,sickness,2026-05-22,2026-06-04
F0826,3,sickness,2026-09-10,2026-09-30
F0826,2,calving,2026-09-25,
F0826,3,calving,2026-09-28,
F0827,1,calving,2025-11-11,
F0827,1,sickness,2025-12-05,2025-12-23
F0828,2,sickness,2025-12-20,2025-12-26
F0828,2,sickness,2026-04-05,2026-04-25
F0828,2,sickness,2026-07-17,2026-07-28
F0828,1,calving,2026-07-18,
F0828,1,sickness,2026-09-13,2026-09-22
F0829,1,calving,2026-03-13,
F0830,3,sickness,2025-09-22,2025-10-06
F0830,3,sickness,2026-02-06,2026-02-16
F0830,1,calving,2026-04-24,
F0830,3,calving,2026-04-26,
F0830,1,sickness,2026-08-22,2026-09-08
F0830,2,calving,2026-08-31,
F0831,2,sickness,2025-11-27,2025-12-10
F0831,3,sickness,2025-12-27,2026-01-04
F0831,4,sickness,2026-01-10,2026-01-20
F0831,2,sickness,2026-01-13,2026-01-30
F0831,5,calving,2026-01-27,
F0831,2,sickness,2026-02-14,2026-02-22
F0831,5,sickness,2026-02-21,2026-03-04
F0831,2,sickness,2026-04-15,2026-05-02
F0831,2,calving,2026-04-27,
F0831,3,calving,2026-05-01,
F0831,1,sickness,2026-05-09,2026-05-15
F0831,5,sickness,2026-06-25,2026-07-08
F0831,1,sickness,2026-06-30,2026-07-13
F0831,4,calving,2026-08-19,
F0831,3,sickness,2026-09-09,2026-09-19
F0832,1,sickness,2025-10-19,2025-10-31
F0832,1,calving,2026-02-04,
F0832,2,calving,2026-04-17,
F0832,1,sickness,2026-06-12,2026-06-22
F0832,1,sickness,2026-09-28,2026-10-03
F0833,1,calving,2025-12-25,
F0833,1,sickness,2026-06-08,2026-06-17
F0834,1,calving,2026-05-28,
F0834,1,sickness,2026-06-11,2026-06-22
F0835,1,sickness,2025-10-30,2025-11-08
F0835,2,calving,2026-01-20,
F0835,3,sickness,2026-02-15,2026-02-24
F0835,5,calving,2026-04-01,
F0835,2,sickness,2026-04-13,2026-05-02
F0835,1,sickness,2026-05-18,2026-06-01
F0835,1,calving,2026-07-06,
F0835,3,sickness,2026-09-25,2026-10-03
F0835,3,calving,2026-09-26,
F0836,1,sickness,2025-11-13,2025-11-23
F0836,1,sickness,2026-05-08,2026-05-20
F0836,1,calving,2026-07-12,
F0837,3,sickness,2025-11-03,2025-11-20
F0837,1,calving,2025-12-28,
F0837,4,calving,2026-02-15,
F0837,4,sickness,2026-02-25,2026-03-07
F0837,2,sickness,2026-03-07,2026-03-27
F0837,3,sickness,2026-03-19,2026-03-29
F0837,1,sickness,2026-03-30,2026-04-09
F0837,3,calving,2026-04-18,
F0837,3,sickness,2026-04-22,2026-05-01
F0837,1,sickness,2026-05-29,2026-06-16
F0837,2,sickness,2026-06-14,2026-06-29
F0837,5,calving,2026-07-06,
F0838,1,sickness,2025-10-24,2025-11-13
F0838,1,sickness,2026-05-18,2026-06-05
F0838,1,calving,2026-07-14,
F0838,1,sickness,2026-09-28,2026-10-03
F0839,2,calving,2025-11-21,
F0839,2,sickness,2026-01-31,2026-02-16
F0839,2,sickness,2026-03-05,2026-03-16
F0839,2,sickness,2026-05-25,2026-06-12
F0839,1,sickness,2026-09-21,2026-10-02
F0840,1,sickness,2025-09-27,2025-10-06
F0840,1,sickness,2025-11-29,2025-12-06
F0840,1,calving,2026-05-25,
F0840,1,sickness,2026-05-29,2026-06-08
F0840,1,sickness,2026-08-15,2026-08-27
F0841,1,sickness,2025-10-29,2025-11-11
F0841,3,calving,2026-03-29,
F0841,1,sickness,2026-04-04,2026-04-17
F0841,2,calving,2026-04-13,
F0841,2,sickness,2026-04-27,2026-05-16
F0841,3,sickness,2026-06-19,2026-07-07
F0841,1,sickness,2026-07-31,2026-08-13
F0841,3,sickness,2026-08-08,2026-08-15
F0841,1,calving,2026-09-16,
F0842,1,sickness,2026-02-01,2026-02-18
F0842,1,calving,2026-08-09,
F0842,1,sickness,2026-08-13,2026-09-01
F0843,3,calving,2025-09-27,
F0843,5,calving,2025-11-28,
F0843,2,calving,2025-12-20,
F0843,1,sickness,2026-01-06,2026-01-26
F0843,3,sickness,2026-01-06,2026-01-16
F0843,5,sickness,2026-03-14,2026-03-25
F0843,1,sickness,2026-03-26,2026-04-07
F0843,5,sickness,2026-03-29,2026-04-16
F0843,2,sickness,2026-04-09,2026-04-28
F0843,5,sickness,2026-05-27,2026-06-09
F0843,1,sickness,2026-05-28,2026-06-10
F0843,2,sickness,2026-06-03,2026-06-09
F0843,1,calving,2026-06-04,
F0843,4,sickness,2026-06-13,2026-06-26
F0843,1,sickness,2026-07-11,2026-07-29
F0843,4,sickness,2026-08-14,2026-08-27
F0843,3,sickness,2026-08-21,2026-09-01
F0843,4,sickness,2026-08-28,2026-09-14
F0844,1,sickness,2025-11-11,2025-11-21
F0844,3,calving,2025-12-05,
F0844,2,calving,2025-12-07,
F0844,1,sickness,2025-12-10,2025-12-29
F0844,5,sickness,2026-02-20,2026-03-08
F0844,5,calving,2026-03-03,
F0844,2,sickness,2026-03-29,2026-04-05
F0844,3,sickness,2026-04-21,2026-04-27
F0844,1,calving,2026-06-18,
F0844,4,calving,2026-07-19,
F0844,3,sickness,2026-10-02,2026-10-03
F0845,1,sickness,2025-11-26,2025-12-16
F0845,3,calving,2026-01-01,
F0845,3,sickness,2026-02-14,2026-02-21
F0845,2,calving,2026-03-07,
F0845,3,sickness,2026-04-18,2026-05-07
F0845,2,sickness,2026-04-30,2026-05-15
F0845,1,calving,2026-07-29,
F0846,2,sickness,2025-10-09,2025-10-17
F0846,1,sickness,2025-11-28,2025-12-16
F0846,4,calving,2025-11-30,
F0846,2,sickness,2025-12-26,2026-01-01
F0846,1,sickness,2026-01-23,2026-01-30
F0846,1,sickness,2026-02-15,2026-02-26
F0846,2,sickness,2026-04-19,2026-04-28
F0846,2,sickness,2026-06-01,2026-06-07
F0846,2,sickness,2026-07-21,2026-07-27
F0846,4,sickness,2026-07-24,2026-08-06
F0846,2,calving,2026-07-29,
F0846,3,sickness,2026-08-09,2026-08-24
F0847,1,sickness,2026-06-13,2026-06-29
F0848,1,sickness,2025-10-04,2025-10-16
F0848,2,calving,2025-11-02,
F0848,1,calving,2025-12-09,
F0848,2,sickness,2025-12-09,2025-12-15
F0848,2,sickness,2026-04-13,2026-04-29
F0848,1,sickness,2026-09-16,2026-09-23
F0849,1,calving,2025-11-11,
F0849,2,sickness,2026-02-25,2026-03-09
F0849,2,sickness,2026-04-07,2026-04-20
F0849,2,sickness,2026-06-21,2026-06-27
F0850,1,calving,2026-06-09,
F0851,2,sickness,2025-09-20,2025-10-07
F0851,1,sickness,2025-10-06,2025-10-20
F0851,2,calving,2026-02-21,
F0851,1,calving,2026-03-02,
F0851,3,sickness,2026-03-15,2026-03-25
F0851,1,sickness,2026-04-08,2026-04-23
F0851,2,sickness,2026-04-17,2026-04-28
F0851,3,calving,2026-07-15,
F0851,3,sickness,2026-08-10,2026-08-19
F0851,2,sickness,2026-09-27,2026-10-03
F0852,2,calving,2025-09-28,
F0852,2,sickness,2025-10-07,2025-10-24
F0852,2,sickness,2025-12-25,2026-01-12
F0852,2,sickness,2026-02-12,2026-02-26
F0852,3,calving,2026-04-23,
F0852,1,sickness,2026-06-21,2026-07-01
F0852,3,sickness,2026-08-04,2026-08-21
F0852,3,sickness,2026-08-29,2026-09-18
F0853,1,calving,2026-04-22,
F0854,2,sickness,2025-09-30,2025-10-17
F0854,3,calving,2026-02-19,
F0854,1,sickness,2026-04-06,2026-04-24
F0854,1,calving,2026-04-16,
F0854,3,sickness,2026-05-10,2026-05-19
F0854,3,sickness,2026-07-11,2026-07-23
F0854,1,sickness,2026-08-05,2026-08-13
F0854,2,calving,2026-08-16,
F0854,3,sickness,2026-09-17,2026-09-24
F0855,1,sickness,2025-12-06,2025-12-24
F0855,2,calving,2026-02-04,
F0855,2,sickness,2026-03-24,2026-04-12
F0855,2,sickness,2026-05-04,2026-05-11
F0855,3,sickness,2026-05-08,2026-05-16
F0855,1,calving,2026-05-09,
F0855,1,sickness,2026-05-28,2026-06-15
F0855,2,sickness,2026-08-09,2026-08-17
F0856,2,calving,2025-11-29,
F0856,1,calving,2025-12-29,
F0856,2,sickness,2025-12-31,2026-01-14
F0856,2,sickness,2026-09-16,2026-09-23
F0857,3,sickness,2025-10-25,2025-11-09
F0857,4,calving,2025-11-23,
F0857,4,sickness,2025-12-26,2026-01-04
F0857,2,sickness,2026-06-17,2026-06-24
F0857,3,sickness,2026-06-21,2026-07-08
F0857,3,calving,2026-07-08,
F0857,4,sickness,2026-07-28,2026-08-12
F0857,1,calving,2026-08-22,
F0857,2,calving,2026-09-03,
F0858,1,calving,2025-09-26,
F0858,1,sickness,2025-11-28,2025-12-15
F0858,1,sickness,2026-01-02,2026-01-17
F0858,1,sickness,2026-03-03,2026-03-10
F0859,4,calving,2025-11-24,
F0859,4,sickness,2025-12-03,2025-12-20
F0859,1,calving,2025-12-10,
F0859,2,sickness,2025-12-26,2026-01-12
F0859,2,sickness,2026-02-24,2026-03-08
F0859,3,calving,2026-03-19,
F0859,2,calving,2026-05-04,
F0860,2,calving,2025-12-09,
F0860,1,calving,2026-03-27,
F0861,1,calving,2026-05-27,
F0861,1,sickness,2026-07-01,2026-07-09
F0861,1,sickness,2026-08-09,2026-08-19
F0861,1,sickness,2026-09-03,2026-09-16
F0862,4,sickness,2025-11-06,2025-11-25
F0862,3,sickness,2026-01-03,2026-01-09
F0862,1,sickness,2026-01-29,2026-02-07
F0862,4,calving,2026-03-08,
F0862,2,sickness,2026-03-21,2026-04-10
F0862,2,calving,2026-03-24,
F0862,1,calving,2026-04-20,
F0862,2,sickness,2026-04-23,2026-05-09
F0862,3,sickness,2026-07-19,2026-07-30
F0862,3,calving,2026-09-06,
F0863,1,sickness,2026-01-13,2026-01-30
F0863,1,calving,2026-06-29,
F0863,1,sickness,2026-08-08,2026-08-23
F0864,1,calving,2025-10-29,
F0864,1,sickness,2025-12-01,2025-12-18
F0864,2,calving,2026-02-13,
F0864,1,sickness,2026-05-20,2026-06-01
F0864,2,sickness,2026-08-24,2026-09-12
F0865,1,sickness,2025-10-09,2025-10-15
F0865,2,sickness,2026-02-17,2026-02-26
F0865,2,sickness,2026-03-04,2026-03-17
F0865,1,calving,2026-06-08,
F0865,1,sickness,2026-06-26,2026-07-04
F0865,2,calving,2026-07-10,
F0866,2,sickness,2025-11-15,2025-11-28
F0866,1,calving,2025-11-16,
F0866,2,calving,2025-11-24,
F0866,1,sickness,2026-02-09,2026-02-18
F0866,2,sickness,2026-05-06,2026-05-17
F0867,1,sickness,2026-01-20,2026-02-08
F0867,1,calving,2026-04-15,
F0868,2,sickness,2025-09-29,2025-10-17
F0868,2,sickness,2025-11-03,2025-11-23
F0868,2,sickness,2026-01-11,2026-01-25
F0868,1,calving,2026-01-21,
F0868,1,sickness,2026-02-07,2026-02-16
F0868,2,sickness,2026-08-19,2026-09-01
F0869,1,calving,2025-10-25,
F0869,1,sickness,2026-02-04,2026-02-17
F0869,1,sickness,2026-09-01,2026-09-13
F0870,1,sickness,2025-10-26,2025-11-12
F0870,2,calving,2026-01-09,
F0870,1,sickness,2026-01-17,2026-01-28
F0870,1,calving,2026-04-05,
F0870,1,sickness,2026-06-02,2026-06-15
F0871,1,calving,2025-12-24,
F0872,1,sickness,2025-10-15,2025-10-26
F0872,1,calving,2025-10-31,
F0872,1,sickness,2026-08-03,2026-08-13
F0873,2,sickness,2025-10-24,2025-11-05
F0873,1,sickness,2025-11-30,2025-12-17
F0873,3,sickness,2025-12-09,2025-12-28
F0873,1,sickness,2026-01-16,2026-02-01
F0873,2,sickness,2026-05-02,2026-05-13
F0873,3,calving,2026-07-21,
F0873,2,calving,2026-08-23,
F0873,1,calving,2026-09-19,
F0874,1,sickness,2025-12-23,2026-01-04
F0874,1,sickness,2026-03-10,2026-03-20
F0874,1,calving,2026-06-30,
F0875,2,calving,2026-01-19,
F0875,5,calving,2026-01-25,
F0875,3,sickness,2026-02-17,2026-02-26
F0875,1,calving,2026-02-18,
F0875,2,sickness,2026-03-04,2026-03-20
F0875,4,calving,2026-03-17,
F0875,4,sickness,2026-04-28,2026-05-13
F0875,2,sickness,2026-05-05,2026-05-22
F0875,3,calving,2026-06-24,
F0876,2,sickness,2025-11-02,2025-11-08
F0876,1,calving,2025-11-30,
F0876,3,sickness,2026-02-08,2026-02-23
F0876,3,calving,2026-04-16,
F0876,3,sickness,2026-04-20,2026-04-29
F0876,2,sickness,2026-07-05,2026-07-24
F0876,3,sickness,2026-08-01,2026-08-12
F0876,2,sickness,2026-08-24,2026-09-08
F0876,2,calving,2026-09-04,
F0877,2,sickness,2026-01-25,2026-02-05
F0877,1,calving,2026-02-18,
F0877,2,calving,2026-05-11,
F0877,1,sickness,2026-09-01,2026-09-09
F0877,1,sickness,2026-10-02,2026-10-03
F0878,1,calving,2026-01-12,
F0879,2,sickness,2025-12-15,2026-01-02
F0879,2,calving,2026-01-22,
F0879,1,sickness,2026-03-15,2026-03-25
F0879,2,sickness,2026-06-16,2026-07-02
F0879,1,sickness,2026-07-08,2026-07-22
F0880,1,calving,2025-10-11,
F0880,1,sickness,2026-05-17,2026-06-05
F0881,1,sickness,2025-12-02,2025-12-10
F0881,3,sickness,2025-12-06,2025-12-15
F0881,2,sickness,2026-01-13,2026-01-23
F0881,2,calving,2026-01-17,
F0881,3,sickness,2026-02-02,2026-02-14
F0881,1,calving,2026-03-31,
F0881,2,sickness,2026-10-01,2026-10-03
F0882,1,calving,2025-11-28,
F0882,2,calving,2026-05-08,
F0882,2,sickness,2026-08-01,2026-08-14
F0883,1,sickness,2026-01-02,2026-01-21
F0884,1,calving,2025-12-28,
F0884,1,sickness,2026-06-20,2026-07-02
F0885,1,sickness,2026-02-02,2026-02-20
F0885,1,sickness,2026-08-05,2026-08-25
F0886,1,sickness,2025-09-29,2025-10-11
F0886,2,sickness,2025-11-08,2025-11-24
F0886,1,sickness,2026-02-25,2026-03-06
F0886,2,calving,2026-04-02,
F0886,2,sickness,2026-05-28,2026-06-15
F0886,1,sickness,2026-08-01,2026-08-15
F0886,1,calving,2026-08-06,
F0886,1,sickness,2026-09-05,2026-09-13
F0887,1,sickness,2026-06-20,2026-07-10
F0888,2,calving,2025-11-07,
F0888,2,sickness,2026-01-06,2026-01-22
F0888,2,sickness,2026-06-13,2026-06-21
F0889,1,sickness,2025-12-01,2025-12-10
F0889,2,sickness,2026-01-17,2026-01-23
F0889,3,calving,2026-05-15,
F0889,1,calving,2026-06-01,
F0890,1,sickness,2026-01-27,2026-02-14
F0890,1,calving,2026-01-27,
F0891,1,sickness,2025-11-20,2025-11-30
F0891,1,calving,2026-05-11,
F0892,1,sickness,2025-11-17,2025-11-28
F0892,1,calving,2026-03-19,
F0892,1,sickness,2026-07-05,2026-07-18
F0893,2,calving,2025-10-26,
F0893,1,calving,2025-12-09,
F0893,2,sickness,2026-02-24,2026-03-16
F0893,2,sickness,2026-03-19,2026-04-04
F0893,1,sickness,2026-07-10,2026-07-27
F0894,2,sickness,2025-12-14,2025-12-24
F0894,1,calving,2026-01-16,
F0894,1,sickness,2026-05-16,2026-05-31
F0894,2,sickness,2026-08-20,2026-08-31
F0895,2,sickness,2025-11-26,2025-12-12
F0895,2,sickness,2025-12-15,2025-12-29
F0895,1,sickness,2026-07-11,2026-07-26
F0895,2,sickness,2026-08-04,2026-08-19
F0895,2,calving,2026-08-23,
F0895,1,calving,2026-09-28,
F0896,1,sickness,2026-01-25,2026-02-05
F0896,1,sickness,2026-09-28,2026-10-03
F0897,2,sickness,2025-09-24,2025-10-11
F0897,3,calving,2025-10-18,
F0897,2,sickness,2025-11-04,2025-11-21
F0897,2,sickness,2025-12-14,2025-12-25
F0897,3,sickness,2026-01-21,2026-01-29
F0897,1,calving,2026-01-25,
F0897,1,sickness,2026-03-18,2026-03-27
F0897,2,calving,2026-03-21,
F0897,3,sickness,2026-07-28,2026-08-04
F0897,1,sickness,2026-09-17,2026-09-23
F0898,3,sickness,2025-12-28,2026-01-07
F0898,2,sickness,2026-02-08,2026-02-17
F0898,1,sickness,2026-02-13,2026-02-26
F0898,3,sickness,2026-04-14,2026-04-28
F0898,4,sickness,2026-05-09,2026-05-24
F0898,3,calving,2026-05-21,
F0898,4,calving,2026-07-05,
F0898,4,sickness,2026-08-29,2026-09-13
F0898,2,calving,2026-09-13,
F0898,2,sickness,2026-09-17,2026-10-01
F0899,1,sickness,2025-09-21,2025-10-06
F0899,2,sickness,2025-10-31,2025-11-07
F0899,2,sickness,2026-01-25,2026-02-03
F0899,2,sickness,2026-02-12,2026-02-18
F0899,3,calving,2026-04-18,
F0899,1,calving,2026-06-28,
F0899,1,sickness,2026-07-15,2026-07-26
F0899,2,calving,2026-08-24,
F0899,3,sickness,2026-09-11,2026-09-21
F0900,1,sickness,2025-10-13,2025-10-21
F0900,1,sickness,2025-12-29,2026-01-17
F0900,1,calving,2026-02-06,
F0900,1,sickness,2026-04-29,2026-05-16
F0902,1,sickness,2026-01-14,2026-01-21
F0902,1,sickness,2026-05-27,2026-06-11
F0902,1,calving,2026-08-09,
F0903,1,sickness,2026-01-05,2026-01-20
F0903,1,sickness,2026-01-24,2026-02-08
F0903,1,sickness,2026-02-20,2026-03-05
F0903,2,sickness,2026-05-23,2026-06-03
F0903,1,calving,2026-06-15,
F0903,1,sickness,2026-06-18,2026-07-02
F0903,2,calving,2026-07-18,
F0903,2,sickness,2026-07-20,2026-07-26
F0903,2,sickness,2026-08-19,2026-08-28
F0903,1,sickness,2026-09-08,2026-09-20
F0904,1,sickness,2026-04-04,2026-04-12
F0904,1,calving,2026-06-12,
F0904,2,sickness,2026-07-04,2026-07-23
F0904,1,sickness,2026-09-03,2026-09-18
F0905,2,sickness,2025-09-25,2025-10-13
F0905,2,calving,2025-10-01,
F0905,2,sickness,2025-11-17,2025-11-29
F0905,3,sickness,2025-11-19,2025-12-06
F0905,1,sickness,2026-01-20,2026-01-30
F0905,5,calving,2026-05-29,
F0905,1,calving,2026-06-08,
F0905,1,sickness,2026-09-19,2026-10-03
F0905,3,calving,2026-10-02,
F0906,1,sickness,2026-01-18,2026-01-31
F0906,1,calving,2026-05-28,
F0907,1,calving,2026-08-25,
F0908,1,sickness,2026-03-12,2026-03-29
F0908,1,sickness,2026-04-02,2026-04-17
F0908,1,calving,2026-05-20,
F0909,2,sickness,2025-09-18,2025-10-03
F0909,3,sickness,2025-10-17,2025-10-23
F0909,1,sickness,2025-11-16,2025-11-22
F0909,2,sickness,2026-02-25,2026-03-03
F0909,2,calving,2026-03-08,
F0909,1,calving,2026-05-22,
F0909,1,sickness,2026-06-26,2026-07-03
F0909,3,calving,2026-07-16,
F0909,3,sickness,2026-08-04,2026-08-13
F0910,1,calving,2026-03-26,
F0910,1,sickness,2026-04-02,2026-04-13
F0910,1,sickness,2026-09-20,2026-10-03
F0911,2,sickness,2025-10-25,2025-11-01
F0911,2,sickness,2025-12-01,2025-12-18
F0911,1,sickness,2026-05-02,2026-05-13
F0911,2,calving,2026-05-24,
F0911,1,calving,2026-07-27,
F0912,1,sickness,2025-09-21,2025-09-28
F0912,2,calving,2025-11-11,
F0912,1,calving,2026-01-11,
F0912,2,sickness,2026-02-28,2026-03-20
F0912,1,sickness,2026-07-05,2026-07-23
F0912,3,sickness,2026-07-29,2026-08-04
F0912,2,sickness,2026-08-19,2026-08-29
F0912,1,sickness,2026-09-18,2026-10-03
F0913,2,sickness,2025-12-12,2025-12-24
F0913,2,calving,2025-12-31,
F0913,2,sickness,2026-04-28,2026-05-16
F0913,1,sickness,2026-06-26,2026-07-10
F0913,1,calving,2026-07-30,
F0915,1,calving,2026-04-24,
F0916,2,sickness,2025-12-04,2025-12-14
F0916,1,sickness,2026-04-02,2026-04-18
F0916,2,sickness,2026-06-26,2026-07-08
F0916,1,sickness,2026-07-30,2026-08-18
F0916,2,sickness,2026-08-25,2026-09-06
F0917,1,calving,2025-12-01,
F0917,1,sickness,2026-02-14,2026-03-01
F0918,2,sickness,2025-11-18,2025-12-05
F0918,2,calving,2026-04-06,
F0918,1,sickness,2026-05-08,2026-05-15
F0918,1,sickness,2026-05-28,2026-06-14
F0918,1,calving,2026-05-29,
F0918,2,sickness,2026-06-08,2026-06-18
F0918,2,sickness,2026-07-05,2026-07-13
F0919,1,sickness,2025-09-18,2025-09-25
F0919,1,calving,2026-09-10,
F0920,1,calving,2025-09-28,
F0920,2,calving,2025-11-19,
F0920,1,sickness,2025-12-02,2025-12-20
F0920,2,sickness,2025-12-06,2025-12-24
F0920,2,sickness,2026-01-31,2026-02-10
F0920,3,sickness,2026-03-16,2026-03-26
F0920,2,sickness,2026-05-27,2026-06-04
F0920,3,calving,2026-05-29,
F0920,1,calving,2026-08-31,
F0920,1,sickness,2026-09-02,2026-09-19
F0921,1,calving,2025-12-19,
F0921,2,calving,2026-03-24,
F0921,1,sickness,2026-08-04,2026-08-24
F0922,1,calving,2025-10-09,
F0923,2,sickness,2025-10-27,2025-11-14
F0923,1,sickness,2025-11-15,2025-11-28
F0923,3,calving,2025-11-20,
F0923,1,sickness,2026-01-02,2026-01-08
F0923,2,sickness,2026-02-02,2026-02-12
F0923,2,sickness,2026-03-04,2026-03-22
F0923,1,sickness,2026-07-11,2026-07-29
F0923,1,sickness,2026-09-09,2026-09-16
F0923,1,sickness,2026-09-20,2026-10-03
F0924,1,calving,2025-11-18,
F0924,1,sickness,2026-04-09,2026-04-20
F0924,2,calving,2026-05-16,
F0925,1,calving,2025-09-21,
F0925,3,sickness,2025-09-21,2025-10-01
F0925,4,calving,2025-11-12,
F0925,5,sickness,2025-11-12,2025-12-01
F0925,4,sickness,2025-11-28,2025-12-08
F0925,2,calving,2025-12-20,
F0925,1,sickness,2025-12-29,2026-01-12
F0925,3,sickness,2026-01-08,2026-01-19
F0925,4,sickness,2026-01-13,2026-01-24
F0925,1,sickness,2026-03-14,2026-03-27
F0925,5,sickness,2026-04-10,2026-04-22
F0925,5,sickness,2026-05-02,2026-05-10
F0925,3,sickness,2026-05-06,2026-05-23
F0925,5,sickness,2026-05-12,2026-05-25
F0925,5,sickness,2026-06-15,2026-06-24
F0925,3,calving,2026-08-10,
F0925,5,sickness,2026-08-10,2026-08-28
F0925,4,sickness,2026-09-16,2026-10-02
F0925,3,sickness,2026-09-20,2026-10-03
F0926,3,sickness,2026-01-14,2026-01-20
F0926,2,calving,2026-02-07,
F0926,2,sickness,2026-02-21,2026-02-27
F0926,1,calving,2026-04-19,
F0926,3,calving,2026-07-19,
F0927,3,sickness,2025-10-18,2025-10-29
F0927,2,calving,2026-05-06,
F0927,3,sickness,2026-05-23,2026-06-09
F0927,1,calving,2026-06-26,
F0927,3,calving,2026-08-07,
F0928,1,sickness,2026-01-26,2026-02-04
F0928,1,sickness,2026-03-28,2026-04-11
F0928,1,calving,2026-05-02,
F0929,2,sickness,2025-09-23,2025-10-07
F0929,1,sickness,2025-09-25,2025-10-12
F0929,1,sickness,2025-11-05,2025-11-17
F0929,2,sickness,2025-11-27,2025-12-06
F0929,2,calving,2026-05-13,
F0929,1,sickness,2026-05-14,2026-05-23
F0929,1,calving,2026-06-05,
F0929,1,sickness,2026-07-23,2026-08-12
F0929,2,sickness,2026-09-14,2026-10-02
F0930,4,sickness,2025-11-03,2025-11-13
F0930,2,sickness,2025-12-30,2026-01-17
F0930,1,sickness,2026-01-09,2026-01-20
F0930,3,sickness,2026-02-20,2026-03-06
F0930,1,calving,2026-03-18,
F0930,4,calving,2026-03-31,
F0930,2,sickness,2026-04-16,2026-04-29
F0930,4,sickness,2026-04-29,2026-05-12
F0930,1,sickness,2026-07-15,2026-07-31
F0930,3,calving,2026-08-22,
F0930,2,sickness,2026-08-24,2026-09-04
F0930,2,calving,2026-09-15,
F0930,3,sickness,2026-10-01,2026-10-03
F0931,1,sickness,2025-10-24,2025-10-31
F0931,1,calving,2026-04-13,
F0931,1,sickness,2026-05-13,2026-06-01
F0931,1,sickness,2026-07-06,2026-07-18
F0932,1,sickness,2025-09-18,2025-10-02
F0932,1,sickness,2025-12-10,2025-12-22
F0932,1,calving,2026-02-17,
F0932,2,sickness,2026-09-11,2026-10-01
F0932,2,calving,2026-09-11,
F0933,2,sickness,2025-10-16,2025-11-04
F0933,1,sickness,2025-11-20,2025-12-05
F0933,2,calving,2025-12-31,
F0933,1,sickness,2026-03-24,2026-04-12
F0933,1,calving,2026-06-19,
F0934,1,sickness,2025-12-03,2025-12-15
F0934,1,calving,2026-08-08,
F0934,1,sickness,2026-09-09,2026-09-24
F0935,1,calving,2025-11-25,
F0935,2,calving,2026-02-27,
F0935,1,sickness,2026-04-10,2026-04-29
F0935,1,sickness,2026-07-17,2026-08-01
F0936,1,sickness,2026-02-11,2026-03-01
F0936,1,sickness,2026-03-11,2026-03-19
F0937,1,calving,2026-01-31,
F0937,1,sickness,2026-08-21,2026-09-09
F0938,1,sickness,2025-09-16,2025-10-06
F0938,3,calving,2026-04-20,
F0938,3,sickness,2026-04-24,2026-05-04
F0938,2,calving,2026-05-27,
F0939,1,calving,2025-11-05,
F0939,1,sickness,2025-12-24,2026-01-13
F0939,3,sickness,2025-12-25,2026-01-14
F0939,3,calving,2025-12-29,
F0939,3,sickness,2026-04-07,2026-04-13
F0939,3,sickness,2026-05-05,2026-05-19
F0939,3,sickness,2026-06-28,2026-07-11
F0939,4,calving,2026-07-27,
F0939,2,calving,2026-09-04,
F0939,1,sickness,2026-10-03,2026-10-03
F0940,2,sickness,2026-02-01,2026-02-11
F0940,1,calving,2026-02-05,
F0940,2,sickness,2026-06-11,2026-06-18
F0940,2,calving,2026-07-08,
F0940,1,sickness,2026-07-28,2026-08-04
F0940,1,sickness,2026-09-17,2026-10-03
F0941,1,sickness,2025-09-29,2025-10-17
F0941,2,sickness,2026-01-12,2026-01-19
F0941,2,calving,2026-02-22,
F0941,1,calving,2026-03-07,
F0941,1,sickness,2026-04-24,2026-05-10
F0941,2,sickness,2026-05-14,2026-05-22
F0941,1,sickness,2026-05-15,2026-05-28
F0941,2,sickness,2026-06-04,2026-06-16
F0942,1,sickness,2025-12-17,2025-12-31
F0943,1,sickness,2025-09-22,2025-10-07
F0943,2,sickness,2026-02-13,2026-02-24
F0943,1,calving,2026-07-29,
F0943,2,calving,2026-08-28,
F0944,1,calving,2025-11-12,
F0945,1,sickness,2026-03-16,2026-03-27
F0945,1,calving,2026-08-26,
F0946,1,sickness,2026-05-21,2026-05-29
F0946,1,calving,2026-06-15,
F0947,1,sickness,2026-05-22,2026-05-29
F0948,2,sickness,2025-11-25,2025-12-03
F0948,3,calving,2025-12-04,
F0948,3,sickness,2026-03-04,2026-03-20
F0948,1,calving,2026-03-27,
F0948,2,calving,2026-04-22,
F0948,2,sickness,2026-07-24,2026-08-11
F0948,3,sickness,2026-07-26,2026-08-12
F0949,1,calving,2025-12-17,
F0949,3,sickness,2026-04-22,2026-05-03
F0949,2,calving,2026-07-05,
F0949,1,sickness,2026-08-20,2026-09-06
F0949,1,sickness,2026-09-29,2026-10-03
F0950,2,sickness,2025-11-20,2025-11-29
F0950,1,sickness,2026-01-23,2026-02-11
F0950,2,calving,2026-05-29,
F0950,1,calving,2026-08-02,
F0950,2,sickness,2026-09-26,2026-10-03
F0951,1,sickness,2025-11-19,2025-12-01
F0951,3,calving,2025-12-02,
F0951,2,sickness,2025-12-23,2026-01-10
F0951,1,calving,2026-01-29,
F0951,1,sickness,2026-04-11,2026-04-18
F0951,2,sickness,2026-05-07,2026-05-20
F0951,1,sickness,2026-06-24,2026-07-06
F0951,2,calving,2026-09-10,
F0952,2,sickness,2025-10-10,2025-10-20
F0952,3,sickness,2026-01-23,2026-01-31
F0952,3,sickness,2026-03-07,2026-03-21
F0952,2,calving,2026-04-23,
F0952,1,sickness,2026-04-25,2026-05-15
F0952,3,sickness,2026-07-27,2026-08-15
F0952,1,calving,2026-07-30,
F0952,3,calving,2026-09-21,
F0952,2,sickness,2026-09-28,2026-10-03
F0953,1,calving,2026-02-19,
F0953,1,sickness,2026-07-01,2026-07-14
F0954,1,sickness,2026-01-28,2026-02-05
F0954,1,calving,2026-08-28,
F0954,1,sickness,2026-09-28,2026-10-03
F0955,2,sickness,2025-10-10,2025-10-17
F0955,1,calving,2025-11-11,
F0955,3,calving,2025-11-22,
F0955,1,sickness,2025-11-29,2025-12-15
F0955,2,calving,2026-01-24,
F0955,3,sickness,2026-06-13,2026-06-22
F0955,4,sickness,2026-06-29,2026-07-10
F0955,4,sickness,2026-07-27,2026-08-13
F0955,4,sickness,2026-10-01,2026-10-03
F0956,1,sickness,2026-03-09,2026-03-19
F0957,2,sickness,2025-11-09,2025-11-15
F0957,2,sickness,2025-11-18,2025-12-04
F0957,1,calving,2025-12-02,
F0957,1,sickness,2025-12-17,2026-01-03
F0957,2,sickness,2026-02-02,2026-02-08
F0957,2,calving,2026-02-11,
F0957,2,sickness,2026-02-20,2026-03-06
F0957,2,sickness,2026-04-03,2026-04-10
F0957,3,calving,2026-04-19,
F0957,2,sickness,2026-07-16,2026-08-03
F0957,3,sickness,2026-09-19,2026-09-30
F0958,1,sickness,2026-01-01,2026-01-15
F0958,1,sickness,2026-05-22,2026-05-30
F0958,1,calving,2026-06-30,
F0959,1,sickness,2025-12-29,2026-01-13
F0959,1,calving,2026-07-28,
F0960,3,sickness,2025-09-19,2025-10-08
F0960,1,sickness,2025-09-23,2025-09-30
F0960,1,calving,2025-10-17,
F0960,2,calving,2025-11-02,
F0960,3,sickness,2026-02-10,2026-02-24
F0960,3,calving,2026-05-26,
F0960,2,sickness,2026-07-23,2026-08-09
F0961,1,sickness,2025-11-30,2025-12-19
F0961,1,calving,2025-12-29,
F0961,2,sickness,2026-01-06,2026-01-17
F0961,2,calving,2026-05-17,
F0961,2,sickness,2026-05-23,2026-06-08
F0961,1,sickness,2026-07-23,2026-08-08
F0961,2,sickness,2026-09-15,2026-09-25
F0962,1,calving,2025-11-13,
F0962,1,sickness,2026-03-12,2026-03-21
F0962,1,sickness,2026-09-17,2026-10-03
F0963,1,calving,2025-09-18,
F0963,2,sickness,2025-10-27,2025-11-16
F0963,2,sickness,2026-03-03,2026-03-23
F0963,1,sickness,2026-04-14,2026-04-27
F0963,1,sickness,2026-06-05,2026-06-13
F0963,2,calving,2026-06-17,
F0964,1,sickness,2025-12-07,2025-12-22
F0964,1,sickness,2026-02-24,2026-03-13
F0964,1,calving,2026-06-04,
F0964,1,sickness,2026-07-16,2026-07-26
F0965,1,calving,2026-01-09,
F0965,1,sickness,2026-07-16,2026-07-25
F0966,1,sickness,2026-06-04,2026-06-17
F0967,1,calving,2026-04-13,
F0967,1,sickness,2026-09-27,2026-10-03
F0968,1,sickness,2025-09-21,2025-10-04
F0968,4,sickness,2025-10-18,2025-10-25
F0968,2,calving,2025-10-27,
F0968,2,sickness,2026-01-06,2026-01-13
F0968,3,sickness,2026-01-14,2026-01-25
F0968,3,sickness,2026-04-16,2026-05-04
F0968,1,calving,2026-05-21,
F0968,4,calving,2026-06-13,
F0968,3,sickness,2026-07-12,2026-07-22
F0968,3,calving,2026-07-18,
F0968,1,sickness,2026-08-06,2026-08-15
F0968,1,sickness,2026-09-10,2026-09-28
F0969,3,calving,2025-09-16,
F0969,2,sickness,2025-09-27,2025-10-14
F0969,1,sickness,2026-05-20,2026-05-26
F0969,3,sickness,2026-06-08,2026-06-17
F0969,1,calving,2026-07-17,
F0969,2,calving,2026-08-05,
F0969,2,sickness,2026-08-19,2026-09-01
F0969,3,sickness,2026-09-03,2026-09-19
F0970,1,sickness,2025-10-08,2025-10-18
F0970,1,sickness,2025-11-19,2025-11-30
F0970,1,calving,2026-02-20,
F0971,1,sickness,2025-11-26,2025-12-03
F0971,1,sickness,2026-06-03,2026-06-16
F0971,1,calving,2026-08-14,
F0972,3,sickness,2025-09-23,2025-10-04
F0972,4,sickness,2025-12-04,2025-12-10
F0972,4,calving,2025-12-19,
F0972,2,calving,2025-12-22,
F0972,5,calving,2026-03-02,
F0972,3,sickness,2026-03-31,2026-04-16
F0972,1,calving,2026-05-13,
F0972,2,sickness,2026-05-26,2026-06-04
F0972,2,sickness,2026-07-14,2026-08-03
F0972,3,calving,2026-08-12,
F0972,4,sickness,2026-08-15,2026-09-02
F0973,1,sickness,2025-10-01,2025-10-12
F0973,1,calving,2026-01-03,
F0973,1,sickness,2026-03-08,2026-03-20
F0973,1,sickness,2026-09-20,2026-10-01
F0974,2,calving,2025-10-07,
F0974,1,sickness,2025-10-23,2025-11-02
F0974,3,sickness,2025-11-05,2025-11-11
F0974,3,sickness,2025-12-27,2026-01-10
F0974,3,calving,2026-05-16,
F0974,1,calving,2026-07-09,
F0974,2,sickness,2026-08-08,2026-08-24
F0974,3,sickness,2026-09-30,2026-10-03
F0975,1,calving,2026-03-28,
F0975,1,sickness,2026-08-22,2026-08-29
F0976,1,sickness,2025-11-14,2025-11-26
F0976,2,sickness,2025-11-29,2025-12-06
F0976,2,sickness,2025-12-08,2025-12-21
F0976,1,calving,2026-04-11,
F0976,1,sickness,2026-07-26,2026-08-03
F0976,2,calving,2026-09-19,
F0977,1,sickness,2025-11-20,2025-12-08
F0977,1,sickness,2026-02-25,2026-03-07
F0977,1,calving,2026-07-14,
F0978,2,sickness,2025-09-22,2025-10-10
F0978,1,sickness,2025-12-06,2025-12-13
F0978,1,calving,2025-12-16,
F0978,2,calving,2026-01-30,
F0978,1,sickness,2026-04-04,2026-04-23
F0978,2,sickness,2026-04-17,2026-05-06
F0979,1,sickness,2025-12-29,2026-01-18
F0979,1,calving,2026-06-14,
F0980,1,calving,2025-11-07,
F0980,1,sickness,2026-01-15,2026-01-29
F0980,2,sickness,2026-05-18,2026-06-02
F0981,1,sickness,2026-05-07,2026-05-21
F0981,1,calving,2026-06-20,
F0981,1,sickness,2026-07-31,2026-08-10
F0982,2,sickness,2026-06-03,2026-06-14
F0982,1,sickness,2026-06-18,2026-06-25
F0982,2,sickness,2026-06-26,2026-07-02
F0982,2,sickness,2026-08-25,2026-09-03
F0982,1,sickness,2026-08-28,2026-09-15
F0982,2,calving,2026-09-27,
F0983,2,calving,2026-05-24,
F0983,2,sickness,2026-07-30,2026-08-06
F0984,2,sickness,2025-09-28,2025-10-06
F0984,3,sickness,2025-11-03,2025-11-15
F0984,1,sickness,2025-11-22,2025-12-01
F0984,3,calving,2026-02-12,
F0984,1,sickness,2026-03-26,2026-04-08
F0984,3,sickness,2026-05-18,2026-06-02
F0984,1,sickness,2026-05-24,2026-06-06
F0984,1,calving,2026-07-03,
F0984,2,sickness,2026-08-31,2026-09-17
F0984,4,calving,2026-09-24,
F0985,1,calving,2026-04-05,
F0986,1,calving,2025-11-18,
F0987,1,calving,2026-08-04,
F0988,1,sickness,2025-09-24,2025-10-10
F0988,1,calving,2026-01-03,
F0988,1,sickness,2026-03-10,2026-03-30
F0989,3,sickness,2025-09-17,2025-10-03
F0989,2,sickness,2026-01-01,2026-01-14
F0989,1,sickness,2026-01-28,2026-02-04
F0989,2,calving,2026-01-30,
F0989,3,sickness,2026-02-06,2026-02-13
F0989,2,sickness,2026-02-24,2026-03-05
F0989,2,sickness,2026-04-13,2026-04-28
F0989,3,sickness,2026-05-22,2026-06-07
F0990,2,calving,2025-11-20,
F0990,2,sickness,2026-02-20,2026-03-05
F0990,1,sickness,2026-06-03,2026-06-21
F0990,1,calving,2026-08-30,
F0991,1,sickness,2025-10-12,2025-10-23
F0991,1,calving,2026-08-30,
F0991,1,sickness,2026-09-10,2026-09-25
F0992,1,calving,2025-11-04,
F0992,2,sickness,2025-11-09,2025-11-25
F0992,3,calving,2026-03-15,
F0992,3,sickness,2026-04-21,2026-05-04
F0992,1,sickness,2026-06-17,2026-06-25
F0992,2,calving,2026-07-08,
F0992,1,sickness,2026-07-09,2026-07-22
F0992,3,sickness,2026-07-14,2026-07-22
F0992,3,sickness,2026-08-13,2026-08-26
F0992,1,sickness,2026-08-15,2026-08-24
F0992,2,sickness,2026-09-08,2026-09-21
F0993,1,calving,2025-12-02,
F0994,1,sickness,2025-09-29,2025-10-16
F0994,3,sickness,2026-03-01,2026-03-15
F0994,2,calving,2026-03-10,
F0994,2,sickness,2026-04-09,2026-04-23
F0994,1,calving,2026-07-09,
F0994,2,sickness,2026-07-13,2026-07-23
F0994,3,calving,2026-07-25,
F0994,2,sickness,2026-09-06,2026-09-14
F0995,4,sickness,2025-10-11,2025-10-26
F0995,5,sickness,2025-11-19,2025-11-29
F0995,2,sickness,2025-12-01,2025-12-18
F0995,4,calving,2025-12-19,
F0995,1,sickness,2026-01-03,2026-01-09
F0995,2,calving,2026-02-08,
F0995,3,sickness,2026-02-17,2026-03-06
F0995,4,sickness,2026-04-20,2026-05-05
F0995,4,sickness,2026-05-06,2026-05-26
F0995,1,calving,2026-06-01,
F0995,3,calving,2026-06-20,
F0995,4,sickness,2026-07-07,2026-07-23
F0995,5,calving,2026-10-01,
F0996,1,sickness,2025-11-22,2025-11-29
F0996,1,sickness,2026-03-08,2026-03-18
F0996,1,sickness,2026-08-23,2026-09-11
F0996,1,calving,2026-08-27,
F0997,1,calving,2026-01-04,
F0998,1,sickness,2025-09-18,2025-10-06
F0998,1,calving,2026-08-11,
F0999,3,calving,2025-10-04,
F0999,1,sickness,2025-10-06,2025-10-16
F0999,2,sickness,2025-11-10,2025-11-21
F0999,4,calving,2025-11-21,
F0999,3,sickness,2026-01-13,2026-01-20
F0999,1,calving,2026-02-08,
F0999,4,sickness,2026-03-21,2026-04-09
F0999,2,calving,2026-03-29,
F0999,2,sickness,2026-07-18,2026-07-30
F0999,3,sickness,2026-07-31,2026-08-19
F1000,1,calving,2026-01-07,
F1000,1,sickness,2026-05-28,2026-06-06
F1001,1,sickness,2026-01-29,2026-02-13
F1001,1,calving,2026-07-31,
F1001,1,sickness,2026-09-18,2026-09-27
F1002,3,sickness,2025-10-14,2025-10-26
F1002,2,sickness,2025-10-23,2025-11-11
F1002,1,calving,2026-01-25,
F1002,3,sickness,2026-02-20,2026-03-01
F1002,3,calving,2026-03-23,
F1002,3,sickness,2026-06-14,2026-07-04
F1002,1,sickness,2026-06-21,2026-07-11
F1002,2,calving,2026-06-28,
F1002,2,sickness,2026-08-08,2026-08-27
F1002,1,sickness,2026-09-19,2026-09-28
F1003,1,calving,2026-04-10,
F1003,1,sickness,2026-05-06,2026-05-14
F1003,1,sickness,2026-05-19,2026-06-05
F1003,1,sickness,2026-09-24,2026-10-03
F1004,2,sickness,2025-10-18,2025-10-25
F1004,2,sickness,2026-01-14,2026-01-30
F1004,1,sickness,2026-03-08,2026-03-17
F1004,2,calving,2026-05-01,
F1004,1,calving,2026-05-06,
F1005,1,sickness,2025-12-17,2025-12-25
F1005,1,calving,2026-01-03,
F1005,1,sickness,2026-07-14,2026-07-26
F1006,3,calving,2025-10-03,
F1006,3,sickness,2025-10-10,2025-10-20
F1006,1,sickness,2026-01-02,2026-01-11
F1006,2,calving,2026-03-03,
F1006,1,calving,2026-03-29,
F1006,2,sickness,2026-04-25,2026-05-05
F1006,3,sickness,2026-05-25,2026-06-11
F1007,1,sickness,2026-03-26,2026-04-07
F1008,1,sickness,2025-09-20,2025-10-04
F1008,1,sickness,2025-10-06,2025-10-13
F1008,1,sickness,2025-11-24,2025-12-03
F1008,1,sickness,2026-01-11,2026-01-28
F1008,2,sickness,2026-04-15,2026-04-24
F1008,2,sickness,2026-06-16,2026-07-05
F1008,2,calving,2026-07-25,
F1008,1,calving,2026-08-22,
F1009,4,sickness,2025-09-19,2025-10-02
F1009,2,sickness,2025-10-06,2025-10-16
F1009,4,sickness,2025-12-14,2026-01-01
F1009,2,sickness,2026-02-20,2026-03-01
F1009,4,sickness,2026-02-24,2026-03-09
F1009,1,calving,2026-03-14,
F1009,2,calving,2026-06-20,
F1009,4,calving,2026-06-22,
F1009,1,sickness,2026-08-23,2026-09-10
F1009,3,calving,2026-09-24,
F1011,2,sickness,2025-09-27,2025-10-11
F1011,2,calving,2025-12-03,
F1011,1,calving,2025-12-12,
F1011,2,sickness,2026-05-03,2026-05-11
F1011,2,sickness,2026-08-04,2026-08-17
F1012,2,sickness,2026-03-18,2026-04-02
F1012,2,calving,2026-09-07,
F1012,1,calving,2026-10-01,
F1013,2,calving,2026-01-31,
F1013,1,calving,2026-02-07,
F1013,2,sickness,2026-06-04,2026-06-21
F1013,1,sickness,2026-09-15,2026-09-25
F1013,2,sickness,2026-09-15,2026-09-21
F1014,3,sickness,2025-09-23,2025-10-08
F1014,2,sickness,2026-03-31,2026-04-17
F1014,1,sickness,2026-05-01,2026-05-19
F1014,3,calving,2026-05-23,
F1014,1,calving,2026-07-21,
F1015,2,sickness,2025-10-08,2025-10-14
F1015,1,sickness,2025-10-10,2025-10-23
F1015,1,calving,2026-04-19,
F1015,1,sickness,2026-04-27,2026-05-14
F1015,2,calving,2026-07-31,
F1016,1,sickness,2026-03-06,2026-03-16
F1016,1,calving,2026-05-29,
F1016,1,sickness,2026-07-20,2026-08-05
F1017,1,sickness,2025-11-13,2025-11-23
F1017,1,calving,2026-05-27,
F1018,1,calving,2026-06-22,
F1019,2,calving,2025-09-16,
F1019,2,sickness,2026-02-19,2026-03-01
F1019,1,sickness,2026-03-12,2026-03-21
F1019,2,sickness,2026-05-26,2026-06-04
F1019,1,calving,2026-06-22,
F1020,1,sickness,2026-05-31,2026-06-14
F1021,1,sickness,2026-03-07,2026-03-22
F1021,1,sickness,2026-08-29,2026-09-04
F1022,1,sickness,2025-09-27,2025-10-13
F1022,2,sickness,2026-01-06,2026-01-19
F1022,1,calving,2026-02-10,
F1022,3,calving,2026-02-12,
F1022,3,sickness,2026-02-28,2026-03-17
F1022,2,calving,2026-03-11,
F1022,1,sickness,2026-04-25,2026-05-05
F1022,1,sickness,2026-06-17,2026-06-24
F1022,2,sickness,2026-07-21,2026-07-27
F1022,3,sickness,2026-08-04,2026-08-18
F1023,2,sickness,2025-10-17,2025-10-25
F1023,3,calving,2025-10-29,
F1023,1,sickness,2025-11-25,2025-12-02
F1023,3,sickness,2025-12-11,2025-12-28
F1023,4,sickness,2025-12-26,2026-01-02
F1023,1,sickness,2026-01-09,2026-01-29
F1023,1,sickness,2026-03-16,2026-03-25
F1023,1,calving,2026-04-26,
F1023,2,calving,2026-05-05,
F1023,2,sickness,2026-06-04,2026-06-21
F1023,3,sickness,2026-07-05,2026-07-20
F1023,2,sickness,2026-08-25,2026-09-12
F1023,1,sickness,2026-09-05,2026-09-23
F1024,1,sickness,2025-11-14,2025-12-03
F1024,1,calving,2026-02-12,
F1024,1,sickness,2026-03-02,2026-03-13
F1025,2,sickness,2026-03-11,2026-03-27
F1025,1,calving,2026-07-17,
F1025,2,calving,2026-07-25,
F1026,1,sickness,2026-02-08,2026-02-26
F1026,1,sickness,2026-06-08,2026-06-19
F1026,1,calving,2026-06-23,
F1026,1,sickness,2026-07-12,2026-07-23
F1026,1,sickness,2026-09-27,2026-10-03
F1027,1,sickness,2026-02-05,2026-02-12
F1028,1,sickness,2026-05-24,2026-06-13
F1029,1,sickness,2025-10-12,2025-10-31
F1029,2,calving,2025-12-24,
F1029,1,sickness,2026-08-14,2026-08-29
F1029,1,calving,2026-08-14,
F1030,2,calving,2025-12-08,
F1030,1,sickness,2026-01-15,2026-01-24
F1030,1,calving,2026-03-29,
F1030,2,sickness,2026-04-22,2026-05-01
F1030,2,sickness,2026-05-02,2026-05-13
F1030,1,sickness,2026-08-17,2026-09-01
F1030,1,sickness,2026-09-12,2026-09-29
F1031,1,sickness,2025-11-19,2025-11-27
F1031,1,calving,2026-04-17,
F1032,1,sickness,2026-01-28,2026-02-17
F1032,2,sickness,2026-02-25,2026-03-11
F1032,2,calving,2026-05-10,
F1032,1,sickness,2026-06-03,2026-06-10
F1032,1,sickness,2026-09-16,2026-09-24
F1032,1,calving,2026-09-18,
F1033,1,sickness,2026-01-04,2026-01-24
F1033,1,calving,2026-04-21,
F1034,1,sickness,2025-10-11,2025-10-21
F1034,1,sickness,2025-12-22,2026-01-10
F1034,2,sickness,2026-07-05,2026-07-17
F1034,1,calving,2026-07-24,
F1034,2,calving,2026-08-22,
F1035,1,sickness,2025-09-16,2025-09-25
F1035,2,calving,2026-01-23,
F1035,1,calving,2026-06-24,
F1036,2,sickness,2025-10-28,2025-11-13
F1036,2,calving,2026-05-11,
F1036,1,sickness,2026-06-12,2026-06-27
F1037,1,sickness,2025-09-28,2025-10-16
F1037,1,sickness,2025-12-17,2025-12-28
F1037,1,calving,2026-02-16,
F1039,1,sickness,2025-11-04,2025-11-14
F1039,2,calving,2026-03-05,
F1039,2,sickness,2026-04-28,2026-05-05
F1040,2,sickness,2025-10-29,2025-11-09
F1040,3,calving,2025-12-27,
F1040,2,calving,2026-02-13,
F1040,1,calving,2026-09-26,
F1041,1,calving,2025-10-08,
F1041,2,calving,2026-04-15,
F1042,2,calving,2025-11-14,
F1042,1,calving,2026-02-24,
F1042,1,sickness,2026-04-30,2026-05-10
F1042,2,sickness,2026-08-07,2026-08-25
F1043,1,sickness,2025-11-10,2025-11-27
F1043,1,calving,2026-07-30,
F1044,1,sickness,2026-05-10,2026-05-18
F1044,1,sickness,2026-05-25,2026-06-06
F1045,1,sickness,2025-12-30,2026-01-18
F1045,1,calving,2026-07-28,
F1046,2,sickness,2025-10-29,2025-11-06
F1046,1,sickness,2025-11-02,2025-11-14
F1046,2,calving,2026-01-26,
F1046,4,calving,2026-03-12,
F1046,1,sickness,2026-03-21,2026-04-07
F1046,4,sickness,2026-05-10,2026-05-22
F1046,3,sickness,2026-05-28,2026-06-03
F1046,3,sickness,2026-06-05,2026-06-19
F1046,1,calving,2026-06-21,
F1046,4,sickness,2026-07-16,2026-07-26
F1047,2,sickness,2025-09-25,2025-10-15
F1047,1,sickness,2025-10-07,2025-10-26
F1047,1,sickness,2025-11-15,2025-11-28
F1047,2,sickness,2025-12-09,2025-12-17
F1047,2,sickness,2026-05-29,2026-06-13
F1047,1,sickness,2026-06-21,2026-07-02
F1047,2,sickness,2026-06-30,2026-07-07
F1047,1,calving,2026-08-11,
F1047,2,calving,2026-08-17,
F1047,2,sickness,2026-08-27,2026-09-10
F1048,1,sickness,2025-11-16,2025-12-02
F1048,1,sickness,2025-12-31,2026-01-06
F1048,1,calving,2026-02-25,
F1049,2,sickness,2025-10-12,2025-10-18
F1049,1,sickness,2026-01-28,2026-02-08
F1049,2,calving,2026-02-05,
F1049,1,calving,2026-02-18,
F1050,1,calving,2025-11-04,
F1050,1,sickness,2025-12-16,2025-12-31
F1050,5,sickness,2026-02-11,2026-02-22
F1050,2,sickness,2026-03-08,2026-03-28
F1050,4,sickness,2026-04-13,2026-04-22
F1050,3,calving,2026-06-17,
F1050,4,calving,2026-06-18,
F1050,1,sickness,2026-07-25,2026-08-07
F1050,2,sickness,2026-07-29,2026-08-18
F1050,2,calving,2026-09-14,
F1050,5,sickness,2026-09-28,2026-10-03
F1051,2,sickness,2025-09-25,2025-10-10
F1051,1,sickness,2026-04-25,2026-05-07
F1051,3,sickness,2026-06-22,2026-07-10
F1051,2,calving,2026-08-26,
F1051,1,sickness,2026-09-02,2026-09-09
F1052,1,sickness,2025-11-11,2025-11-23
F1052,1,sickness,2026-01-27,2026-02-10
F1052,1,calving,2026-05-09,
F1052,1,sickness,2026-05-27,2026-06-04
F1052,1,sickness,2026-06-25,2026-07-06
F1052,1,sickness,2026-09-23,2026-09-30
F1053,1,sickness,2026-01-12,2026-01-26
F1053,2,sickness,2026-01-23,2026-01-29
F1053,1,calving,2026-04-24,
F1053,2,sickness,2026-06-11,2026-06-30
F1053,1,sickness,2026-06-27,2026-07-11
F1053,2,sickness,2026-09-13,2026-09-30
F1054,2,sickness,2026-01-19,2026-02-01
F1054,2,sickness,2026-03-21,2026-04-02
F1054,1,sickness,2026-06-22,2026-07-03
F1054,2,calving,2026-08-08,
F1054,2,sickness,2026-08-09,2026-08-25
F1054,1,calving,2026-09-01,
F1055,1,calving,2025-10-03,
F1055,1,sickness,2025-12-15,2025-12-30
F1055,1,sickness,2026-07-20,2026-07-31
F1056,1,sickness,2025-12-07,2025-12-22
F1057,1,sickness,2026-01-13,2026-01-21
F1057,3,sickness,2026-02-14,2026-02-25
F1057,1,calving,2026-03-06,
F1057,3,sickness,2026-04-02,2026-04-19
F1057,2,calving,2026-04-28,
F1057,3,sickness,2026-06-03,2026-06-09
F1057,3,sickness,2026-07-18,2026-08-07
F1057,3,calving,2026-08-01,
F1057,3,sickness,2026-09-17,2026-10-03
F1058,2,sickness,2025-10-02,2025-10-08
F1058,3,sickness,2025-10-15,2025-10-24
F1058,4,calving,2025-10-30,
F1058,1,calving,2025-11-26,
F1058,2,sickness,2025-12-11,2025-12-26
F1058,1,sickness,2025-12-19,2025-12-26
F1058,1,sickness,2026-01-21,2026-01-29
F1058,3,sickness,2026-02-09,2026-02-21
F1058,2,calving,2026-05-12,
F1058,1,sickness,2026-08-28,2026-09-14
F1058,3,calving,2026-09-05,
F1059,1,sickness,2025-11-24,2025-12-14
F1059,1,sickness,2026-03-01,2026-03-16
F1059,1,calving,2026-07-24,
F1060,2,sickness,2025-09-28,2025-10-10
F1060,3,sickness,2025-10-22,2025-11-07
F1060,3,calving,2025-11-16,
F1060,1,sickness,2025-12-07,2025-12-15
F1060,2,sickness,2026-01-24,2026-02-04
F1060,1,sickness,2026-02-11,2026-02-24
F1060,1,sickness,2026-03-04,2026-03-24
F1060,1,sickness,2026-05-29,2026-06-10
F1060,2,calving,2026-06-27,
F1060,1,calving,2026-08-28,
F1061,1,sickness,2025-10-06,2025-10-20
F1061,1,sickness,2025-10-25,2025-11-07
F1061,1,sickness,2026-04-18,2026-05-03
F1061,1,calving,2026-08-25,
F1062,2,calving,2026-02-06,
F1062,2,sickness,2026-03-27,2026-04-12
F1062,1,sickness,2026-05-20,2026-05-29
F1062,1,calving,2026-07-17,
F1062,2,sickness,2026-09-29,2026-10-03
F1063,1,calving,2025-09-29,
F1063,1,sickness,2025-12-05,2025-12-11
F1063,2,calving,2026-01-07,
F1063,3,sickness,2026-02-08,2026-02-19
F1063,1,sickness,2026-03-22,2026-04-10
F1063,2,sickness,2026-04-23,2026-04-29
F1063,3,calving,2026-09-26,
F1064,1,calving,2025-10-08,
F1064,2,sickness,2026-01-27,2026-02-09
F1064,2,sickness,2026-07-14,2026-08-01
F1064,1,calving,2026-09-10,
F1065,1,calving,2026-08-02,
F1066,1,sickness,2025-09-24,2025-10-04
F1066,1,calving,2026-04-24,
F1067,1,calving,2026-01-07,
F1067,1,sickness,2026-05-16,2026-05-27
F1067,1,sickness,2026-08-29,2026-09-10
F1068,2,sickness,2025-11-26,2025-12-02
F1068,1,sickness,2026-01-16,2026-01-30
F1068,2,sickness,2026-02-02,2026-02-10
F1068,2,sickness,2026-03-18,2026-04-02
F1068,2,calving,2026-05-31,
F1068,3,sickness,2026-07-07,2026-07-18
F1068,3,calving,2026-07-11,
F1069,1,calving,2025-11-12,
F1070,1,sickness,2026-03-03,2026-03-16
F1070,1,calving,2026-04-01,
F1071,3,calving,2025-10-04,
F1071,2,calving,2025-11-19,
F1071,1,calving,2026-02-16,
F1071,3,sickness,2026-02-19,2026-03-09
F1072,1,calving,2026-03-24,
F1072,1,sickness,2026-06-28,2026-07-08
F1072,1,sickness,2026-08-26,2026-09-01
F1073,1,sickness,2025-12-26,2026-01-14
F1073,1,calving,2026-01-02,
F1073,1,sickness,2026-06-10,2026-06-20
F1074,1,calving,2025-10-04,
F1074,1,sickness,2026-05-14,2026-05-28
F1075,2,sickness,2025-10-25,2025-11-06
F1075,3,calving,2025-11-07,
F1075,2,sickness,2025-11-23,2025-11-30
F1075,1,sickness,2026-01-24,2026-02-09
F1075,1,calving,2026-01-24,
F1075,4,calving,2026-02-13,
F1075,2,sickness,2026-03-14,2026-03-22
F1075,5,calving,2026-05-25,
F1076,3,sickness,2025-09-20,2025-10-09
F1076,3,sickness,2025-12-07,2025-12-15
F1076,2,calving,2025-12-15,
F1076,1,calving,2025-12-20,
F1076,1,sickness,2025-12-27,2026-01-04
F1076,3,sickness,2026-02-28,2026-03-16
F1076,1,sickness,2026-04-14,2026-04-29
F1076,3,calving,2026-04-27,
F1076,3,sickness,2026-06-22,2026-07-03
F1076,1,sickness,2026-07-13,2026-07-23
F1076,2,sickness,2026-07-27,2026-08-02
F1077,2,calving,2025-11-20,
F1077,1,calving,2025-12-06,
F1077,3,sickness,2025-12-10,2025-12-25
F1077,5,sickness,2025-12-30,2026-01-09
F1077,5,calving,2026-02-06,
F1077,3,calving,2026-02-12,
F1077,2,sickness,2026-03-04,2026-03-22
F1077,4,calving,2026-03-29,
F1077,4,sickness,2026-05-26,2026-06-08
F1077,3,sickness,2026-06-10,2026-06-18
F1077,4,sickness,2026-08-02,2026-08-10
F1077,5,sickness,2026-09-05,2026-09-15
F1077,5,sickness,2026-09-27,2026-10-03
F1078,1,sickness,2026-08-02,2026-08-19
F1078,1,calving,2026-09-17,
F1079,1,sickness,2026-09-16,2026-09-25
F1080,1,calving,2025-09-27,
F1081,1,sickness,2026-01-13,2026-01-29
F1081,1,sickness,2026-01-31,2026-02-10
F1081,1,calving,2026-04-07,
F1082,1,sickness,2025-12-14,2025-12-27
F1082,2,calving,2026-03-16,
F1082,2,sickness,2026-06-14,2026-06-25
F1082,1,calving,2026-07-18,
F1082,4,sickness,2026-07-23,2026-08-01
F1082,4,sickness,2026-08-19,2026-08-27
F1082,3,calving,2026-08-27,
F1082,4,calving,2026-09-21,
F1083,1,sickness,2025-10-25,2025-11-12
F1083,1,calving,2026-01-14,
F1083,1,sickness,2026-08-15,2026-08-26
F1083,1,sickness,2026-09-08,2026-09-28
F1084,1,sickness,2025-11-10,2025-11-18
F1084,1,calving,2025-11-17,
F1084,1,sickness,2026-05-13,2026-05-30
F1085,2,calving,2026-08-14,
F1085,1,sickness,2026-09-28,2026-10-03
F1086,2,calving,2025-10-20,
F1086,2,sickness,2025-12-03,2025-12-23
F1086,4,calving,2026-02-03,
F1086,1,sickness,2026-02-09,2026-02-25
F1086,4,sickness,2026-05-12,2026-05-25
F1086,1,sickness,2026-05-13,2026-05-21
F1086,2,sickness,2026-06-03,2026-06-22
F1086,3,calving,2026-07-23,
F1086,1,calving,2026-08-17,
F1086,2,calving,2026-08-30,
F1086,1,sickness,2026-09-19,2026-10-03
F1086,2,sickness,2026-09-22,2026-10-03
F1087,1,sickness,2026-04-05,2026-04-14
F1087,1,calving,2026-04-24,
F1088,1,sickness,2025-10-15,2025-11-04
F1088,2,sickness,2025-12-04,2025-12-11
F1088,2,calving,2026-04-11,
F1088,2,sickness,2026-08-07,2026-08-26
F1088,1,calving,2026-08-23,
F1089,1,calving,2026-01-08,
F1089,1,sickness,2026-08-17,2026-09-03
F1090,1,sickness,2026-09-18,2026-10-03
F1091,2,calving,2026-03-06,
F1091,1,calving,2026-05-18,
F1091,1,sickness,2026-06-26,2026-07-06
F1092,1,sickness,2026-05-13,2026-05-27
F1092,1,calving,2026-05-22,
F1092,1,sickness,2026-06-14,2026-06-26
F1093,1,sickness,2026-02-01,2026-02-13
F1093,1,sickness,2026-04-30,2026-05-10
F1093,1,calving,2026-06-11,
F1093,1,sickness,2026-08-27,2026-09-13
F1094,1,sickness,2025-11-22,2025-11-30
F1094,1,sickness,2026-07-14,2026-07-27
F1094,1,sickness,2026-08-03,2026-08-11
F1095,2,calving,2026-05-31,
F1095,2,sickness,2026-06-30,2026-07-18
F1095,1,calving,2026-07-10,
F1096,1,sickness,2025-10-15,2025-10-25
F1096,2,calving,2025-12-06,
F1096,1,calving,2026-01-03,
F1096,1,sickness,2026-01-31,2026-02-14
F1096,2,sickness,2026-02-26,2026-03-10
F1096,1,sickness,2026-03-05,2026-03-15
F1096,2,sickness,2026-04-29,2026-05-10
F1097,2,calving,2025-09-24,
F1097,1,calving,2025-11-05,
F1097,1,sickness,2026-09-19,2026-09-29
F1098,1,calving,2026-06-24,
F1099,3,sickness,2025-12-02,2025-12-19
F1099,3,sickness,2026-02-14,2026-02-21
F1099,2,sickness,2026-03-06,2026-03-14
F1099,2,calving,2026-04-24,
F1099,2,sickness,2026-05-03,2026-05-13
F1099,2,sickness,2026-07-14,2026-07-29
F1099,1,sickness,2026-08-06,2026-08-19
F1099,2,sickness,2026-08-07,2026-08-18
F1099,3,sickness,2026-08-26,2026-09-06
F1100,4,sickness,2025-10-05,2025-10-25
F1100,2,sickness,2025-11-30,2025-12-12
F1100,5,calving,2025-12-23,
F1100,2,calving,2026-01-08,
F1100,3,sickness,2026-02-17,2026-03-02
F1100,3,calving,2026-03-01,
F1100,4,sickness,2026-03-18,2026-04-07
F1100,5,sickness,2026-04-23,2026-05-08
F1100,1,sickness,2026-04-29,2026-05-09
F1100,4,sickness,2026-05-25,2026-06-14
F1100,1,sickness,2026-06-10,2026-06-21
F1100,4,calving,2026-06-14,
F1100,5,sickness,2026-06-27,2026-07-04
F1100,1,sickness,2026-08-10,2026-08-25
F1100,2,sickness,2026-08-10,2026-08-24
F1100,1,calving,2026-08-14,
F1100,3,sickness,2026-09-03,2026-09-10
F1101,3,sickness,2025-09-22,2025-10-11
F1101,3,calving,2025-10-09,
F1101,2,calving,2026-01-18,
F1101,1,sickness,2026-05-24,2026-06-06
F1101,1,calving,2026-07-31,
F1102,1,sickness,2025-12-25,2026-01-10
F1102,1,calving,2026-06-30,
F1102,1,sickness,2026-07-20,2026-07-29
F1102,3,sickness,2026-07-23,2026-07-30
F1103,1,sickness,2025-12-17,2025-12-31
F1103,1,calving,2026-02-04,
F1104,1,sickness,2026-03-21,2026-04-10
F1104,1,calving,2026-05-19,
F1105,1,calving,2025-09-17,
F1105,2,sickness,2025-10-23,2025-11-09
F1105,4,sickness,2025-11-06,2025-11-23
F1105,3,sickness,2025-11-12,2025-11-20
F1105,5,sickness,2025-12-06,2025-12-24
F1105,2,calving,2026-01-19,
F1105,5,sickness,2026-02-13,2026-02-26
F1105,2,sickness,2026-03-30,2026-04-07
F1105,4,sickness,2026-04-20,2026-05-02
F1105,2,sickness,2026-06-06,2026-06-19
F1105,3,calving,2026-06-08,
F1105,5,calving,2026-08-24,
F1105,4,calving,2026-09-09,
F1105,1,calving,2026-10-01,
F1106,1,sickness,2025-09-24,2025-10-14
F1106,1,calving,2026-02-11,
F1106,1,sickness,2026-05-05,2026-05-16
F1107,2,calving,2025-09-23,
F1107,4,calving,2025-11-18,
F1107,1,sickness,2025-11-29,2025-12-11
F1107,1,calving,2025-12-12,
F1107,5,calving,2025-12-12,
F1107,3,sickness,2026-01-08,2026-01-28
F1107,5,sickness,2026-02-07,2026-02-27
F1107,3,calving,2026-02-16,
F1107,2,sickness,2026-03-27,2026-04-10
F1107,1,sickness,2026-04-06,2026-04-25
F1107,5,sickness,2026-04-18,2026-04-27
F1107,2,sickness,2026-06-01,2026-06-08
F1107,3,sickness,2026-08-14,2026-08-30
F1107,5,sickness,2026-08-16,2026-08-22
F1107,1,sickness,2026-09-25,2026-10-02
F1108,2,sickness,2025-09-21,2025-10-08
F1108,2,sickness,2025-11-07,2025-11-19
F1108,2,sickness,2026-03-17,2026-04-06
F1108,1,calving,2026-04-21,
F1108,2,calving,2026-07-28,
F1108,1,sickness,2026-09-13,2026-09-30
F1109,1,calving,2026-04-30,
F1110,1,calving,2025-10-24,
F1110,2,sickness,2025-12-03,2025-12-14
F1110,4,sickness,2025-12-20,2026-01-02
F1110,2,calving,2025-12-26,
F1110,4,sickness,2026-02-17,2026-03-06
F1110,1,sickness,2026-03-30,2026-04-08
F1110,2,sickness,2026-04-22,2026-05-07
F1110,2,sickness,2026-05-17,2026-05-24
F1110,4,calving,2026-06-28,
F1110,2,sickness,2026-06-30,2026-07-16
F1110,3,calving,2026-08-17,
F1110,3,sickness,2026-08-22,2026-08-30
F1110,3,sickness,2026-09-06,2026-09-15
F1111,1,calving,2026-03-22,
F1112,2,sickness,2025-12-08,2025-12-20
F1112,2,sickness,2025-12-21,2026-01-02
F1112,2,sickness,2026-02-15,2026-02-27
F1112,2,sickness,2026-03-26,2026-04-04
F1112,1,calving,2026-04-10,
F1112,2,sickness,2026-05-16,2026-06-02
F1113,2,calving,2026-01-01,
F1113,1,calving,2026-01-12,
F1113,3,sickness,2026-01-12,2026-01-23
F1113,3,calving,2026-03-08,
F1113,2,sickness,2026-03-21,2026-04-06
F1113,2,sickness,2026-07-16,2026-07-23
F1114,1,calving,2026-01-01,
F1115,1,calving,2025-09-28,
F1115,1,sickness,2025-09-30,2025-10-07
F1115,1,sickness,2026-03-22,2026-04-08
F1115,1,sickness,2026-08-01,2026-08-08
F1116,1,sickness,2026-03-08,2026-03-21
F1116,1,calving,2026-04-12,
F1116,1,sickness,2026-04-15,2026-04-30
F1117,1,sickness,2025-09-25,2025-10-04
F1117,1,calving,2025-10-03,
F1117,4,sickness,2025-10-07,2025-10-19
F1117,3,calving,2025-12-08,
F1117,4,sickness,2025-12-18,2025-12-30
F1117,4,calving,2026-05-05,
F1117,3,sickness,2026-05-28,2026-06-14
F1117,1,sickness,2026-06-12,2026-06-27
F1117,2,calving,2026-09-13,
F1118,1,sickness,2025-12-16,2026-01-03
F1118,1,sickness,2026-01-15,2026-02-04
F1118,2,calving,2026-02-01,
F1118,1,calving,2026-04-03,
F1118,1,sickness,2026-04-10,2026-04-27
F1118,2,sickness,2026-06-05,2026-06-12
F1118,2,sickness,2026-08-15,2026-08-23
F1119,3,sickness,2025-10-15,2025-11-04
F1119,3,sickness,2025-11-26,2025-12-05
F1119,3,calving,2025-12-05,
F1119,4,sickness,2025-12-09,2025-12-29
F1119,4,calving,2026-01-23,
F1119,3,sickness,2026-02-03,2026-02-10
F1119,1,sickness,2026-02-05,2026-02-19
F1119,2,calving,2026-02-08,
F1119,2,sickness,2026-03-04,2026-03-15
F1119,1,sickness,2026-03-15,2026-03-24
F1119,4,sickness,2026-04-11,2026-04-24
F1119,2,sickness,2026-05-18,2026-05-25
F1119,2,sickness,2026-07-07,2026-07-20
F1119,1,calving,2026-07-24,
F1119,4,sickness,2026-08-01,2026-08-13
F1120,2,calving,2025-11-20,
F1120,3,calving,2026-01-14,
F1120,1,calving,2026-02-01,
F1120,2,sickness,2026-04-03,2026-04-20
F1120,2,sickness,2026-07-10,2026-07-19
F1121,1,calving,2025-12-01,
F1122,1,calving,2025-11-14,
F1122,1,sickness,2026-04-07,2026-04-18
F1123,1,calving,2026-05-20,
F1123,2,calving,2026-06-17,
F1124,1,sickness,2025-10-19,2025-11-05
F1124,4,sickness,2025-11-22,2025-11-28
F1124,1,calving,2025-11-27,
F1124,3,calving,2025-12-01,
F1124,2,calving,2026-04-04,
F1124,2,sickness,2026-06-28,2026-07-12
F1124,3,sickness,2026-09-26,2026-10-03
F1125,1,calving,2026-05-13,
F1125,1,sickness,2026-06-02,2026-06-16
F1126,2,calving,2025-12-01,
F1126,2,sickness,2025-12-18,2026-01-06
F1126,1,sickness,2025-12-23,2025-12-31
F1126,2,sickness,2026-06-24,2026-07-03
F1126,1,sickness,2026-09-15,2026-10-02
F1127,1,sickness,2026-01-24,2026-02-08
F1127,1,sickness,2026-02-17,2026-03-09
F1127,2,calving,2026-03-06,
F1127,2,sickness,2026-03-13,2026-03-31
F1127,2,sickness,2026-09-12,2026-09-21
F1127,1,calving,2026-09-19,
F1128,1,sickness,2025-10-07,2025-10-16
F1128,1,sickness,2026-08-08,2026-08-19
F1128,1,sickness,2026-09-22,2026-10-03
F1129,4,sickness,2025-09-19,2025-10-04
F1129,1,calving,2025-09-25,
F1129,2,calving,2026-02-09,
F1129,3,calving,2026-02-12,
F1129,2,sickness,2026-04-09,2026-04-16
F1129,1,sickness,2026-04-25,2026-05-11
F1130,1,sickness,2025-11-16,2025-11-27
F1130,1,sickness,2026-04-12,2026-04-27
F1130,1,sickness,2026-07-21,2026-08-10
F1130,1,calving,2026-07-26,
F1131,5,sickness,2025-10-19,2025-11-01
F1131,2,sickness,2025-12-11,2025-12-29
F1131,5,calving,2025-12-26,
F1131,3,sickness,2026-02-11,2026-02-21
F1131,4,sickness,2026-02-23,2026-03-14
F1131,5,sickness,2026-03-29,2026-04-11
F1131,4,sickness,2026-04-22,2026-05-07
F1131,1,calving,2026-05-28,
F1131,4,sickness,2026-05-29,2026-06-16
F1131,4,calving,2026-06-04,
F1131,2,calving,2026-06-12,
F1131,3,calving,2026-06-24,
F1131,2,sickness,2026-06-28,2026-07-12
F1131,1,sickness,2026-07-03,2026-07-13
F1131,5,sickness,2026-09-11,2026-10-01
F1131,2,sickness,2026-09-23,2026-10-03
F1132,2,sickness,2025-10-25,2025-11-07
F1132,4,sickness,2025-11-08,2025-11-22
F1132,3,sickness,2025-11-16,2025-11-28
F1132,1,calving,2026-01-21,
F1132,4,sickness,2026-03-29,2026-04-06
F1132,1,sickness,2026-04-03,2026-04-19
F1132,2,calving,2026-04-14,
F1132,4,sickness,2026-04-19,2026-05-09
F1132,3,calving,2026-04-27,
F1132,4,sickness,2026-07-30,2026-08-13
F1133,1,sickness,2025-12-31,2026-01-11
F1133,1,sickness,2026-01-14,2026-01-21
F1133,1,sickness,2026-02-04,2026-02-22
F1133,2,calving,2026-03-02,
F1133,1,sickness,2026-09-04,2026-09-13
F1133,1,calving,2026-09-12,
F1134,2,calving,2025-10-03,
F1134,2,sickness,2026-06-05,2026-06-25
F1134,1,sickness,2026-07-24,2026-08-02
F1134,1,calving,2026-08-06,
F1134,1,sickness,2026-08-18,2026-09-07
F1135,1,sickness,2025-12-10,2025-12-22
F1135,1,calving,2026-01-06,
F1135,1,sickness,2026-01-11,2026-01-30
F1136,1,sickness,2025-12-09,2025-12-16
F1136,2,sickness,2025-12-20,2026-01-06
F1136,1,sickness,2026-06-06,2026-06-15
F1136,1,sickness,2026-07-03,2026-07-10
F1136,2,calving,2026-07-06,
F1137,1,calving,2026-06-01,
F1138,2,sickness,2025-10-11,2025-10-30
F1138,2,sickness,2026-03-07,2026-03-24
F1138,1,sickness,2026-04-15,2026-04-26
F1138,2,sickness,2026-06-06,2026-06-13
F1138,2,calving,2026-06-10,
F1138,1,sickness,2026-07-17,2026-07-24
F1138,1,calving,2026-09-05,
F1139,5,sickness,2025-09-24,2025-10-02
F1139,2,sickness,2025-10-28,2025-11-14
F1139,1,sickness,2025-11-11,2025-11-18
F1139,5,calving,2025-11-11,
F1139,4,calving,2026-01-19,
F1139,5,sickness,2026-02-18,2026-03-03
F1139,1,sickness,2026-04-18,2026-04-27
F1139,3,calving,2026-05-19,
F1139,5,sickness,2026-06-07,2026-06-16
F1139,2,calving,2026-08-05,
F1139,1,calving,2026-08-21,
F1139,3,sickness,2026-08-30,2026-09-11
F1139,2,sickness,2026-09-20,2026-10-03
F1140,1,calving,2025-11-05,
F1140,2,sickness,2026-01-28,2026-02-09
F1140,1,sickness,2026-03-07,2026-03-22
F1140,1,sickness,2026-07-15,2026-07-28
F1141,1,calving,2026-09-21,
F1142,2,sickness,2026-02-06,2026-02-18
F1142,1,sickness,2026-03-10,2026-03-28
F1142,2,calving,2026-04-05,
F1143,1,sickness,2025-09-28,2025-10-07
F1143,2,sickness,2026-05-08,2026-05-14
F1143,1,sickness,2026-06-14,2026-06-22
F1143,2,calving,2026-07-14,
F1143,1,calving,2026-08-09,
F1144,1,sickness,2025-10-28,2025-11-12
F1144,1,calving,2026-06-26,
F1144,1,sickness,2026-09-07,2026-09-16
F1145,1,sickness,2025-10-13,2025-11-02
F1145,1,calving,2025-12-04,
F1145,1,sickness,2026-05-12,2026-05-24
F1146,1,calving,2026-07-24,
F1146,1,sickness,2026-08-03,2026-08-22
F1147,1,sickness,2025-10-07,2025-10-17
F1147,1,sickness,2025-11-05,2025-11-15
F1147,1,calving,2025-12-02,
F1148,1,sickness,2025-10-13,2025-10-28
F1148,3,sickness,2025-10-14,2025-10-24
F1148,4,calving,2025-12-05,
F1148,3,sickness,2025-12-07,2025-12-21
F1148,3,calving,2025-12-07,
F1148,3,sickness,2026-02-23,2026-03-06
F1148,4,sickness,2026-04-11,2026-04-23
F1148,3,sickness,2026-06-13,2026-07-02
F1148,2,sickness,2026-06-19,2026-06-30
F1148,2,sickness,2026-07-05,2026-07-17
F1148,3,sickness,2026-07-05,2026-07-24
F1148,2,calving,2026-08-13,
F1148,2,sickness,2026-09-16,2026-10-03
F1149,1,sickness,2026-02-14,2026-03-06
F1149,2,calving,2026-03-30,
F1149,1,calving,2026-05-15,
F1149,1,sickness,2026-05-18,2026-05-30
F1150,1,sickness,2025-12-02,2025-12-10
F1150,2,sickness,2025-12-29,2026-01-06
F1150,1,calving,2026-05-28,
F1150,1,sickness,2026-06-15,2026-07-05
F1150,2,calving,2026-07-05,
F1151,1,sickness,2025-10-25,2025-11-04
F1151,1,sickness,2026-01-31,2026-02-17
F1151,1,calving,2026-05-22,
F1152,1,sickness,2025-10-24,2025-11-02
F1152,1,sickness,2025-11-06,2025-11-12
F1152,1,calving,2026-05-10,
F1153,1,sickness,2025-09-22,2025-09-30
F1153,1,calving,2025-09-30,
F1153,1,sickness,2026-05-01,2026-05-12
F1154,1,sickness,2025-10-05,2025-10-12
F1154,2,sickness,2025-12-13,2026-01-02
F1154,1,sickness,2026-02-02,2026-02-09
F1154,2,calving,2026-03-10,
F1154,1,calving,2026-04-06,
F1154,2,sickness,2026-04-12,2026-05-01
F1154,2,sickness,2026-06-11,2026-06-18
F1154,1,sickness,2026-08-11,2026-08-24
F1155,1,sickness,2025-10-02,2025-10-11
F1155,1,calving,2026-02-24,
F1155,1,sickness,2026-04-18,2026-04-28
F1156,1,sickness,2025-11-09,2025-11-15
F1156,1,calving,2025-12-02,
F1156,3,sickness,2026-02-14,2026-02-24
F1156,3,calving,2026-02-21,
F1156,4,sickness,2026-03-09,2026-03-27
F1156,4,calving,2026-03-28,
F1156,1,sickness,2026-05-29,2026-06-07
F1156,2,calving,2026-07-24,
F1156,4,sickness,2026-07-25,2026-08-07
F1156,2,sickness,2026-08-04,2026-08-10
F1156,2,sickness,2026-08-20,2026-09-03
F1157,1,calving,2026-01-11,
F1157,1,sickness,2026-02-09,2026-02-27
F1157,2,calving,2026-09-03,
F1157,2,sickness,2026-09-16,2026-10-01
F1158,1,sickness,2025-10-24,2025-11-09
F1158,1,sickness,2026-02-13,2026-02-25
F1158,2,calving,2026-05-24,
F1158,2,sickness,2026-06-13,2026-06-30
F1158,1,sickness,2026-06-23,2026-06-29
F1158,1,sickness,2026-07-23,2026-07-29
F1158,1,calving,2026-09-09,
F1159,1,sickness,2025-10-21,2025-11-10
F1159,1,sickness,2026-01-22,2026-02-07
F1159,3,sickness,2026-03-29,2026-04-10
F1159,3,calving,2026-04-01,
F1159,1,sickness,2026-04-03,2026-04-17
F1159,1,calving,2026-04-07,
F1159,3,sickness,2026-05-21,2026-05-30
F1159,1,sickness,2026-09-26,2026-10-03
F1160,1,sickness,2026-05-29,2026-06-09
F1161,1,sickness,2025-12-23,2025-12-30
F1161,1,sickness,2026-03-28,2026-04-14
F1162,1,sickness,2026-05-22,2026-06-03
F1162,1,calving,2026-07-01,
F1163,1,sickness,2025-12-21,2026-01-03
F1163,1,sickness,2026-03-16,2026-04-03
F1163,2,sickness,2026-04-17,2026-05-02
F1163,2,calving,2026-07-23,
F1163,2,sickness,2026-08-17,2026-08-29
F1163,1,calving,2026-08-24,
F1164,1,sickness,2025-11-28,2025-12-09
F1164,1,sickness,2025-12-12,2025-12-23
F1164,2,sickness,2025-12-30,2026-01-06
F1164,3,sickness,2026-01-31,2026-02-11
F1164,1,sickness,2026-02-28,2026-03-08
F1164,2,sickness,2026-03-01,2026-03-16
F1164,3,calving,2026-03-04,
F1164,4,calving,2026-03-07,
F1164,1,calving,2026-03-19,
F1164,1,sickness,2026-04-04,2026-04-23
F1164,2,calving,2026-06-07,
F1164,3,sickness,2026-06-19,2026-06-26
F1164,5,sickness,2026-08-26,2026-09-15
F1164,1,sickness,2026-08-31,2026-09-08
F1165,1,sickness,2025-09-21,2025-10-08
F1165,1,sickness,2025-11-18,2025-12-08
F1165,1,calving,2026-06-11,
F1166,2,sickness,2025-10-18,2025-10-24
F1166,2,sickness,2025-11-30,2025-12-13
F1166,2,calving,2025-12-13,
F1166,3,sickness,2025-12-26,2026-01-13
F1166,1,sickness,2026-01-04,2026-01-21
F1166,3,calving,2026-01-17,
F1166,1,sickness,2026-04-30,2026-05-15
F1166,1,calving,2026-05-25,
F1166,1,sickness,2026-07-12,2026-07-31
F1166,1,sickness,2026-08-04,2026-08-11
F1167,1,calving,2025-10-13,
F1167,1,sickness,2026-08-12,2026-08-29
F1168,1,calving,2025-11-20,
F1168,2,calving,2026-01-13,
F1168,2,sickness,2026-05-28,2026-06-09
F1169,1,calving,2025-09-22,
F1169,2,sickness,2025-11-05,2025-11-14
F1169,2,calving,2026-01-24,
F1169,2,sickness,2026-03-07,2026-03-24
F1169,2,sickness,2026-05-26,2026-06-01
F1169,1,sickness,2026-06-24,2026-07-08
F1169,2,sickness,2026-07-12,2026-08-01
F1169,2,sickness,2026-08-26,2026-09-10
F1170,1,sickness,2026-02-20,2026-03-08
F1170,1,calving,2026-08-08,
F1171,3,sickness,2025-10-13,2025-10-22
F1171,4,sickness,2025-11-23,2025-12-09
F1171,1,sickness,2025-12-17,2025-12-26
F1171,4,calving,2026-02-12,
F1171,5,calving,2026-02-17,
F1171,1,calving,2026-04-21,
F1171,4,sickness,2026-05-18,2026-06-07
F1171,2,sickness,2026-06-14,2026-06-23
F1171,2,sickness,2026-08-02,2026-08-09
F1171,4,sickness,2026-08-07,2026-08-26
F1171,3,calving,2026-08-09,
F1171,2,calving,2026-09-07,
F1172,1,sickness,2025-09-17,2025-10-05
F1172,1,sickness,2025-12-04,2025-12-13
F1172,1,sickness,2025-12-21,2025-12-28
F1172,1,calving,2026-06-09,
F1173,1,sickness,2025-10-01,2025-10-07
F1173,1,calving,2026-05-23,
F1175,5,sickness,2025-09-27,2025-10-10
F1175,1,sickness,2025-10-06,2025-10-26
F1175,5,sickness,2025-10-16,2025-10-23
F1175,1,calving,2025-11-06,
F1175,3,calving,2026-01-12,
F1175,2,sickness,2026-04-10,2026-04-30
F1175,2,calving,2026-05-17,
F1175,1,sickness,2026-07-31,2026-08-12
F1175,5,sickness,2026-08-15,2026-08-31
F1175,4,calving,2026-09-25,
F1176,1,sickness,2025-11-12,2025-11-30
F1176,1,sickness,2025-12-30,2026-01-19
F1176,2,calving,2026-01-30,
F1176,1,calving,2026-02-02,
F1176,2,sickness,2026-02-11,2026-02-20
F1176,3,sickness,2026-02-28,2026-03-10
F1176,3,calving,2026-03-06,
F1176,3,sickness,2026-03-14,2026-03-25
F1176,3,sickness,2026-07-08,2026-07-18
F1176,3,sickness,2026-08-21,2026-08-29
F1176,2,sickness,2026-09-22,2026-10-03
F1177,2,sickness,2025-12-24,2026-01-09
F1177,3,sickness,2026-01-01,2026-01-16
F1177,2,calving,2026-01-26,
F1177,3,sickness,2026-02-01,2026-02-18
F1177,2,sickness,2026-04-08,2026-04-25
F1177,3,calving,2026-04-30,
F1177,1,sickness,2026-06-07,2026-06-15
F1177,1,calving,2026-08-28,
F1177,3,sickness,2026-09-02,2026-09-11
F1178,1,sickness,2026-04-21,2026-04-28
F1178,1,sickness,2026-07-13,2026-07-30
F1178,1,calving,2026-09-04,
F1179,2,sickness,2025-09-30,2025-10-11
F1179,2,calving,2025-10-23,
F1179,1,calving,2026-03-22,
F1179,1,sickness,2026-07-28,2026-08-06
F1180,1,sickness,2025-12-05,2025-12-17
F1180,1,sickness,2026-04-30,2026-05-14
F1180,1,sickness,2026-06-15,2026-07-05
F1180,1,calving,2026-06-21,
F1180,1,sickness,2026-09-12,2026-09-29
F1181,1,sickness,2025-09-21,2025-10-01
F1181,1,sickness,2025-10-15,2025-10-29
F1181,1,calving,2025-12-05,
F1181,2,sickness,2025-12-09,2025-12-19
F1181,2,sickness,2026-01-20,2026-01-28
F1181,1,sickness,2026-01-23,2026-02-03
F1181,2,sickness,2026-05-15,2026-05-28
F1181,2,calving,2026-08-29,
F1182,2,sickness,2025-11-05,2025-11-16
F1182,2,sickness,2026-01-13,2026-01-25
F1182,2,sickness,2026-02-02,2026-02-16
F1182,1,calving,2026-03-30,
F1182,2,sickness,2026-04-15,2026-04-25
F1182,2,calving,2026-08-18,
F1183,1,sickness,2025-11-12,2025-11-21
F1183,1,sickness,2025-11-28,2025-12-17
F1183,1,sickness,2026-09-27,2026-10-03
F1184,1,sickness,2025-10-17,2025-10-29
F1184,1,sickness,2026-04-07,2026-04-20
F1184,1,calving,2026-09-12,
F1185,1,calving,2025-10-03,
F1186,2,sickness,2025-10-04,2025-10-19
F1186,1,calving,2025-10-08,
F1186,1,sickness,2026-01-04,2026-01-10
F1186,2,sickness,2026-01-29,2026-02-05
F1186,1,sickness,2026-02-24,2026-03-03
F1186,2,calving,2026-06-08,
F1186,1,calving,2026-08-18,
F1187,3,sickness,2025-11-02,2025-11-09
F1187,2,sickness,2025-11-06,2025-11-22
F1187,1,calving,2025-11-21,
F1187,3,sickness,2025-11-24,2025-12-02
F1187,4,sickness,2025-11-25,2025-12-06
F1187,2,calving,2025-11-29,
F1187,3,calving,2026-01-31,
F1187,1,sickness,2026-04-13,2026-05-02
F1187,4,sickness,2026-05-21,2026-06-03
F1187,1,sickness,2026-06-03,2026-06-18
F1187,2,sickness,2026-06-25,2026-07-11
F1187,4,calving,2026-06-26,
F1187,1,sickness,2026-08-03,2026-08-19
F1187,1,sickness,2026-09-09,2026-09-22
F1188,1,sickness,2025-10-07,2025-10-16
F1188,1,calving,2025-12-01,
F1188,2,calving,2026-04-15,
F1188,1,sickness,2026-04-17,2026-04-27
F1188,1,sickness,2026-07-18,2026-07-28
F1188,1,sickness,2026-08-30,2026-09-08
F1189,2,calving,2026-01-12,
F1189,3,calving,2026-02-03,
F1189,2,sickness,2026-02-05,2026-02-23
F1189,1,sickness,2026-03-18,2026-04-06
F1189,3,sickness,2026-05-18,2026-06-01
F1189,1,calving,2026-08-01,
F1189,1,sickness,2026-08-10,2026-08-19
F1189,2,sickness,2026-09-19,2026-10-03
F1190,2,sickness,2025-11-06,2025-11-16
F1190,1,calving,2025-12-30,
F1190,3,calving,2026-01-02,
F1190,4,calving,2026-01-17,
F1190,2,calving,2026-01-18,
F1190,5,calving,2026-04-24,
F1190,5,sickness,2026-05-02,2026-05-11
F1190,3,sickness,2026-06-16,2026-06-23
F1190,1,sickness,2026-07-19,2026-07-29
F1190,2,sickness,2026-09-22,2026-09-29
F1190,3,sickness,2026-10-02,2026-10-03
F1191,1,sickness,2025-09-28,2025-10-16
F1191,2,calving,2025-11-10,
F1191,2,sickness,2025-11-24,2025-12-02
F1191,1,calving,2025-12-05,
F1191,2,sickness,2026-01-27,2026-02-11
F1191,1,sickness,2026-03-24,2026-04-07
F1191,2,sickness,2026-05-26,2026-06-12
F1191,2,sickness,2026-08-08,2026-08-28
F1191,2,sickness,2026-09-05,2026-09-11
F1191,1,sickness,2026-09-19,2026-10-03
F1192,2,sickness,2025-11-28,2025-12-17
F1192,1,calving,2025-12-04,
F1192,1,sickness,2026-03-26,2026-04-08
F1192,2,calving,2026-07-04,
F1192,2,sickness,2026-08-27,2026-09-10
F1192,2,sickness,2026-09-17,2026-10-03
F1193,3,sickness,2025-09-18,2025-10-02
F1193,3,sickness,2025-10-15,2025-10-26
F1193,2,sickness,2025-12-23,2026-01-12
F1193,3,sickness,2026-02-05,2026-02-19
F1193,1,sickness,2026-03-26,2026-04-12
F1193,3,calving,2026-04-26,
F1193,2,calving,2026-05-29,
F1193,4,sickness,2026-06-08,2026-06-18
F1193,4,calving,2026-06-11,
F1193,1,calving,2026-06-12,
F1193,2,sickness,2026-08-08,2026-08-26
F1193,2,sickness,2026-09-15,2026-09-28
F1194,1,calving,2025-09-19,
F1194,1,sickness,2025-09-24,2025-10-04
F1194,1,sickness,2025-12-03,2025-12-18
F1194,2,calving,2026-03-08,
F1194,1,sickness,2026-04-08,2026-04-23
F1194,1,sickness,2026-06-24,2026-07-14
F1195,1,sickness,2025-10-02,2025-10-12
F1195,2,sickness,2025-10-07,2025-10-18
F1195,1,sickness,2025-12-26,2026-01-05
F1195,2,calving,2026-04-22,
F1195,1,sickness,2026-09-17,2026-10-01
F1195,1,calving,2026-09-22,
F1196,2,sickness,2025-11-15,2025-11-23
F1196,1,sickness,2025-11-26,2025-12-07
F1196,2,calving,2025-12-01,
F1196,1,calving,2025-12-12,
F1196,2,sickness,2026-07-10,2026-07-21
F1197,4,calving,2025-10-04,
F1197,3,calving,2025-10-10,
F1197,2,sickness,2026-06-21,2026-06-27
F1197,4,sickness,2026-09-10,2026-09-27
F1198,1,sickness,2026-05-16,2026-06-05
F1198,1,sickness,2026-07-29,2026-08-16
F1198,1,sickness,2026-09-20,2026-10-03
F1198,1,calving,2026-10-01,
F1199,4,sickness,2025-10-24,2025-11-11
F1199,5,sickness,2025-12-05,2025-12-21
F1199,5,calving,2026-01-17,
F1199,4,sickness,2026-03-02,2026-03-10
F1199,3,sickness,2026-03-17,2026-03-24
F1199,3,sickness,2026-05-12,2026-05-22
F1199,1,calving,2026-05-14,
F1199,3,calving,2026-06-17,
F1199,4,calving,2026-07-14,
F1199,3,sickness,2026-07-20,2026-07-31
F1199,1,sickness,2026-07-31,2026-08-19
F1199,1,sickness,2026-08-26,2026-09-01
F1200,1,sickness,2025-09-18,2025-10-05
F1200,1,calving,2025-09-24,
F1200,1,sickness,2025-10-25,2025-11-04
F1200,1,sickness,2025-12-24,2026-01-13
F1200,2,sickness,2025-12-29,2026-01-14
F1200,2,calving,2026-04-02,
F1200,1,sickness,2026-04-12,2026-04-29
F1200,1,sickness,2026-05-02,2026-05-14
F1201,5,sickness,2025-11-11,2025-11-19
F1201,1,sickness,2025-12-16,2025-12-30
F1201,3,sickness,2025-12-28,2026-01-13
F1201,4,sickness,2026-01-03,2026-01-18
F1201,2,calving,2026-02-09,
F1201,3,sickness,2026-02-20,2026-03-07
F1201,5,sickness,2026-03-04,2026-03-22
F1201,4,calving,2026-03-13,
F1201,1,sickness,2026-05-28,2026-06-14
F1201,1,sickness,2026-06-24,2026-07-11
F1201,1,sickness,2026-07-26,2026-08-01
F1201,5,sickness,2026-09-16,2026-09-26
F1202,1,calving,2025-11-27,
F1202,1,sickness,2026-02-18,2026-03-01
F1202,1,sickness,2026-03-18,2026-03-28
F1203,1,calving,2026-06-09,
F1203,2,calving,2026-06-14,
F1203,2,sickness,2026-07-10,2026-07-26
F1203,1,sickness,2026-08-10,2026-08-25
F1204,1,sickness,2026-03-27,2026-04-11
F1205,3,sickness,2025-11-14,2025-11-28
F1205,2,sickness,2025-12-17,2026-01-03
F1205,3,calving,2025-12-31,
F1205,1,calving,2026-01-27,
F1205,2,calving,2026-03-05,
F1205,1,sickness,2026-04-15,2026-04-25
F1205,2,sickness,2026-05-20,2026-06-04
F1206,2,sickness,2025-09-23,2025-10-02
F1206,1,sickness,2025-10-18,2025-11-05
F1206,1,calving,2026-01-25,
F1206,3,sickness,2026-02-07,2026-02-25
F1206,1,sickness,2026-03-09,2026-03-26
F1206,3,calving,2026-03-13,
F1206,2,sickness,2026-07-18,2026-08-07
F1206,2,sickness,2026-08-16,2026-08-30
F1207,1,calving,2026-01-25,
F1208,4,calving,2025-10-27,
F1208,3,sickness,2025-11-21,2025-12-09
F1208,3,calving,2026-02-03,
F1208,4,sickness,2026-02-16,2026-03-02
F1208,1,sickness,2026-02-19,2026-03-04
F1208,1,sickness,2026-03-08,2026-03-19
F1208,1,calving,2026-03-25,
F1208,4,sickness,2026-05-25,2026-05-31
F1208,2,calving,2026-08-11,
F1209,2,sickness,2026-02-05,2026-02-12
F1209,1,calving,2026-02-15,
F1209,2,calving,2026-04-18,
F1209,2,sickness,2026-05-25,2026-06-02
F1209,2,sickness,2026-07-04,2026-07-22
F1209,1,sickness,2026-09-20,2026-10-03
F1209,2,sickness,2026-09-28,2026-10-03
F1210,1,calving,2026-01-11,
F1210,1,sickness,2026-08-09,2026-08-15
F1211,1,calving,2025-10-26,
F1211,1,sickness,2026-02-03,2026-02-19
F1211,2,sickness,2026-04-14,2026-04-28
F1211,1,sickness,2026-06-27,2026-07-03
F1211,2,calving,2026-09-11,
F1212,1,sickness,2025-10-09,2025-10-26
F1212,2,sickness,2025-11-09,2025-11-22
F1212,1,calving,2025-11-30,
F1212,2,sickness,2026-02-22,2026-03-13
F1212,1,sickness,2026-04-15,2026-05-04
F1212,1,sickness,2026-08-22,2026-09-03
F1212,2,sickness,2026-09-12,2026-09-19
F1213,1,sickness,2025-12-14,2025-12-26
F1213,2,sickness,2026-01-31,2026-02-09
F1213,1,sickness,2026-03-10,2026-03-19
F1213,2,sickness,2026-03-18,2026-03-31
F1213,2,sickness,2026-05-29,2026-06-07
F1213,1,calving,2026-07-07,
F1213,2,sickness,2026-08-15,2026-08-21
F1214,2,sickness,2025-12-14,2025-12-20
F1214,2,sickness,2026-03-03,2026-03-22
F1214,1,sickness,2026-03-10,2026-03-26
F1214,1,sickness,2026-07-04,2026-07-17
F1214,2,calving,2026-07-22,
F1214,1,calving,2026-09-05,
F1215,1,sickness,2025-10-05,2025-10-20
F1215,3,sickness,2025-10-20,2025-11-02
F1215,2,sickness,2025-10-26,2025-11-03
F1215,3,calving,2025-11-27,
F1215,2,calving,2025-12-19,
F1215,3,sickness,2026-02-04,2026-02-19
F1215,1,sickness,2026-02-16,2026-02-28
F1215,1,sickness,2026-04-24,2026-05-14
F1215,1,sickness,2026-05-16,2026-05-25
F1215,2,sickness,2026-08-21,2026-09-06
F1216,1,calving,2025-12-17,
F1216,1,sickness,2026-03-03,2026-03-13
F1217,1,sickness,2026-02-26,2026-03-04
F1217,1,sickness,2026-03-10,2026-03-16
F1217,1,calving,2026-06-30,
F1218,2,sickness,2026-01-11,2026-01-20
F1218,2,sickness,2026-04-08,2026-04-15
F1218,2,calving,2026-05-13,
F1218,1,sickness,2026-06-02,2026-06-14
F1218,1,sickness,2026-09-04,2026-09-17
F1219,2,sickness,2025-09-20,2025-09-28
F1219,2,calving,2025-09-21,
F1219,1,sickness,2025-09-28,2025-10-15
F1219,3,calving,2025-11-17,
F1219,1,calving,2026-02-03,
F1219,1,sickness,2026-02-19,2026-03-08
F1219,2,sickness,2026-05-31,2026-06-16
F1219,3,sickness,2026-08-29,2026-09-15
F1219,2,calving,2026-09-20,
F1220,3,calving,2025-11-02,
F1220,4,sickness,2025-11-30,2025-12-12
F1220,2,calving,2026-01-12,
F1220,3,sickness,2026-02-01,2026-02-20
F1220,1,calving,2026-02-04,
F1220,1,sickness,2026-02-13,2026-02-20
F1220,2,sickness,2026-03-17,2026-04-01
F1220,4,sickness,2026-03-18,2026-03-31
F1220,4,calving,2026-04-23,
F1220,1,sickness,2026-06-12,2026-06-28
F1220,3,sickness,2026-07-02,2026-07-13
F1220,1,sickness,2026-07-18,2026-07-31
F1220,1,sickness,2026-09-06,2026-09-13
F1220,3,calving,2026-09-16,
F1220,4,sickness,2026-09-30,2026-10-03
F1221,1,calving,2026-09-16,
F1222,1,sickness,2025-11-15,2025-11-22
F1222,1,sickness,2025-11-27,2025-12-03
F1222,1,sickness,2026-01-20,2026-02-05
F1222,1,sickness,2026-05-25,2026-06-06
F1222,1,calving,2026-06-17,
F1223,1,sickness,2026-03-03,2026-03-17
F1223,1,sickness,2026-05-19,2026-06-03
F1223,1,calving,2026-06-23,
F1223,1,sickness,2026-09-22,2026-09-30
F1224,3,calving,2025-10-09,
F1224,2,calving,2025-10-31,
F1224,1,sickness,2025-11-17,2025-11-26
F1224,3,sickness,2025-11-24,2025-12-03
F1224,1,calving,2025-11-28,
F1224,1,sickness,2026-03-23,2026-04-03
F1224,2,sickness,2026-04-08,2026-04-14
F1224,1,sickness,2026-06-04,2026-06-19
F1224,2,sickness,2026-06-10,2026-06-16
F1225,2,sickness,2025-10-02,2025-10-13
F1225,2,sickness,2025-11-06,2025-11-18
F1225,2,calving,2025-11-25,
F1225,1,sickness,2025-12-28,2026-01-11
F1225,1,sickness,2026-03-21,2026-04-09
F1225,1,sickness,2026-04-12,2026-04-29
F1225,1,calving,2026-05-12,
F1225,2,sickness,2026-05-21,2026-05-29
F1225,2,sickness,2026-07-12,2026-07-28
F1226,1,sickness,2026-04-18,2026-05-02
F1226,1,calving,2026-08-01,
F1226,1,sickness,2026-10-01,2026-10-03
F1227,1,sickness,2025-11-10,2025-11-27
F1227,1,calving,2026-08-02,
F1228,1,sickness,2025-09-27,2025-10-09
F1228,1,sickness,2026-06-22,2026-07-05
F1229,2,sickness,2025-09-23,2025-10-13
F1229,2,sickness,2026-03-07,2026-03-17
F1229,2,sickness,2026-05-02,2026-05-18
F1229,2,calving,2026-08-14,
F1229,1,calving,2026-08-15,
F1229,2,sickness,2026-09-22,2026-10-03
F1230,2,calving,2026-01-30,
F1230,1,sickness,2026-02-06,2026-02-23
F1230,1,calving,2026-02-11,
F1230,1,sickness,2026-06-26,2026-07-13
F1230,2,sickness,2026-07-06,2026-07-24
F1231,2,calving,2025-09-18,
F1231,1,calving,2026-03-30,
F1231,1,sickness,2026-05-15,2026-06-01
F1231,2,calving,2026-09-08,
F1232,1,sickness,2025-10-21,2025-11-04
F1232,1,sickness,2026-04-02,2026-04-12
F1232,2,sickness,2026-05-25,2026-06-06
F1232,1,sickness,2026-08-21,2026-08-29
F1232,1,calving,2026-09-02,
F1233,2,sickness,2025-09-25,2025-10-10
F1233,2,calving,2025-10-19,
F1233,1,calving,2026-03-19,
F1233,3,sickness,2026-05-04,2026-05-12
F1233,3,calving,2026-05-28,
F1234,1,sickness,2026-01-18,2026-01-26
F1235,1,sickness,2025-09-16,2025-09-23
F1235,1,sickness,2025-10-01,2025-10-12
F1235,1,calving,2025-12-18,
F1235,2,calving,2026-01-29,
F1236,1,sickness,2025-12-15,2025-12-31
F1236,1,calving,2026-09-02,
F1237,1,sickness,2025-09-16,2025-09-25
F1237,1,calving,2026-02-10,
F1237,1,sickness,2026-06-25,2026-07-08
F1237,1,sickness,2026-08-09,2026-08-19
F1238,3,sickness,2025-11-16,2025-11-27
F1238,4,calving,2026-03-29,
F1238,1,sickness,2026-05-28,2026-06-10
F1238,4,sickness,2026-06-02,2026-06-21
F1238,2,calving,2026-07-09,
F1238,1,calving,2026-09-17,
F1239,1,sickness,2025-11-21,2025-11-30
F1239,1,calving,2026-05-01,
F1240,1,sickness,2025-10-13,2025-10-28
F1240,1,calving,2026-05-31,
F1240,1,sickness,2026-09-15,2026-10-03
F1241,2,sickness,2026-02-04,2026-02-19
F1241,2,calving,2026-09-09,
F1241,1,calving,2026-09-11,
F1242,3,calving,2025-09-20,
F1242,4,calving,2025-10-13,
F1242,4,sickness,2025-10-25,2025-11-04
F1242,1,sickness,2025-10-27,2025-11-16
F1242,2,calving,2025-12-13,
F1242,2,sickness,2026-01-02,2026-01-19
F1242,1,sickness,2026-04-15,2026-04-22
F1242,1,sickness,2026-08-10,2026-08-23
F1242,2,sickness,2026-09-10,2026-09-27
F1243,1,sickness,2026-02-20,2026-03-12
F1243,1,sickness,2026-05-15,2026-06-04
F1243,1,calving,2026-06-29,
F1244,1,sickness,2026-02-15,2026-02-21
F1244,1,calving,2026-04-01,
F1244,1,sickness,2026-05-29,2026-06-08
F1244,1,sickness,2026-06-10,2026-06-21
F1245,1,calving,2026-05-09,
F1245,2,calving,2026-06-03,
F1246,1,calving,2026-05-04,
F1247,1,calving,2025-10-06,
F1247,1,sickness,2026-03-05,2026-03-22
F1248,1,calving,2025-11-12,
F1248,1,sickness,2026-02-10,2026-02-27
F1249,1,sickness,2025-10-21,2025-11-02
F1249,1,sickness,2026-05-25,2026-06-10
F1249,1,calving,2026-09-05,
F1250,1,sickness,2025-09-25,2025-10-06
F1251,2,calving,2025-11-26,
F1251,1,sickness,2026-07-19,2026-08-05
F1251,2,calving,2026-09-24,
F1251,1,calving,2026-09-26,
F1252,2,sickness,2025-10-21,2025-10-29
F1252,2,sickness,2025-11-11,2025-11-22
F1252,1,calving,2026-01-22,
F1252,2,calving,2026-01-27,
F1252,2,sickness,2026-06-23,2026-07-02
F1252,2,sickness,2026-08-30,2026-09-17
F1253,1,calving,2025-09-22,
F1253,2,sickness,2025-12-25,2026-01-05
F1253,1,sickness,2026-05-17,2026-05-31
F1253,2,sickness,2026-08-11,2026-08-24
F1253,2,calving,2026-08-21,
F1253,2,sickness,2026-09-04,2026-09-21
F1253,2,sickness,2026-09-22,2026-10-03
F1254,1,sickness,2025-10-27,2025-11-08
F1254,3,calving,2025-11-20,
F1254,2,calving,2025-12-10,
F1254,1,sickness,2025-12-18,2025-12-25
F1254,4,sickness,2026-01-17,2026-01-26
F1254,1,sickness,2026-02-04,2026-02-21
F1254,5,calving,2026-02-13,
F1254,3,sickness,2026-02-19,2026-02-26
F1254,1,calving,2026-06-07,
F1254,3,sickness,2026-07-16,2026-07-26
F1254,2,sickness,2026-07-25,2026-08-05
F1254,3,sickness,2026-07-30,2026-08-18
F1254,1,sickness,2026-09-01,2026-09-08
F1254,4,sickness,2026-09-19,2026-10-02
F1255,1,calving,2026-07-11,
F1256,1,calving,2026-02-08,
F1257,1,sickness,2026-03-11,2026-03-17
F1257,2,sickness,2026-05-14,2026-05-31
F1257,1,sickness,2026-07-06,2026-07-18
F1257,2,calving,2026-07-10,
F1258,2,calving,2025-10-12,
F1258,1,calving,2025-12-05,
F1258,3,calving,2026-04-07,
F1258,1,sickness,2026-04-11,2026-05-01
F1258,3,sickness,2026-04-12,2026-04-28
F1258,1,sickness,2026-05-10,2026-05-18
F1258,2,sickness,2026-07-09,2026-07-20
F1258,1,sickness,2026-08-22,2026-09-08
F1258,1,sickness,2026-09-10,2026-09-30
F1259,4,sickness,2026-01-06,2026-01-24
F1259,3,sickness,2026-01-23,2026-02-08
F1259,3,calving,2026-03-04,
F1259,2,sickness,2026-04-08,2026-04-27
F1259,4,calving,2026-04-10,
F1259,1,calving,2026-04-29,
F1259,3,sickness,2026-06-17,2026-06-25
F1259,1,sickness,2026-07-24,2026-08-12
F1259,2,calving,2026-09-25,
F1260,3,sickness,2025-09-20,2025-10-07
F1260,4,sickness,2025-11-03,2025-11-17
F1260,2,calving,2025-12-28,
F1260,4,sickness,2026-01-21,2026-01-30
F1260,2,sickness,2026-05-26,2026-06-05
F1260,4,sickness,2026-06-09,2026-06-21
F1260,4,sickness,2026-07-12,2026-07-18
F1260,1,calving,2026-07-14,
F1260,4,calving,2026-07-22,
F1260,3,calving,2026-07-28,
F1261,1,calving,2025-10-13,
F1261,1,sickness,2026-03-16,2026-03-23
F1261,2,calving,2026-04-26,
F1262,1,calving,2026-08-30,
F1263,1,sickness,2025-10-11,2025-10-29
F1263,1,calving,2026-03-18,
F1263,1,sickness,2026-07-01,2026-07-17
F1263,1,sickness,2026-07-28,2026-08-06
F1264,1,sickness,2025-11-13,2025-11-28
F1264,2,calving,2025-12-01,
F1264,1,sickness,2026-02-08,2026-02-23
F1264,1,sickness,2026-05-28,2026-06-17
F1264,1,calving,2026-07-12,
F1264,2,sickness,2026-08-26,2026-09-14
F1265,3,calving,2025-09-19,
F1265,1,calving,2025-09-22,
F1265,2,sickness,2025-09-23,2025-10-07
F1265,1,sickness,2025-10-18,2025-11-03
F1265,3,sickness,2025-11-29,2025-12-18
F1265,2,sickness,2025-12-02,2025-12-20
F1265,2,sickness,2025-12-24,2026-01-05
F1265,3,sickness,2025-12-27,2026-01-06
F1265,2,calving,2026-03-23,
F1265,2,sickness,2026-07-05,2026-07-12
F1265,3,sickness,2026-07-18,2026-07-25
F1265,3,calving,2026-10-01,
F1266,1,sickness,2026-07-21,2026-08-03
F1266,1,calving,2026-09-23,
F1267,2,sickness,2025-09-23,2025-10-01
F1267,3,sickness,2025-10-09,2025-10-15
F1267,2,calving,2025-11-09,
F1267,3,sickness,2025-12-16,2026-01-01
F1267,1,sickness,2025-12-27,2026-01-09
F1267,3,sickness,2026-01-15,2026-01-23
F1267,3,sickness,2026-02-10,2026-02-23
F1267,3,calving,2026-03-15,
F1267,4,calving,2026-07-15,
F1267,1,calving,2026-09-27,
F1268,1,sickness,2026-01-25,2026-02-01
F1268,2,sickness,2026-02-15,2026-02-28
F1268,1,calving,2026-06-01,
F1268,1,sickness,2026-08-12,2026-08-27
F1269,4,sickness,2025-09-28,2025-10-04
F1269,1,sickness,2025-12-25,2026-01-02
F1269,2,calving,2026-01-01,
F1269,3,sickness,2026-01-12,2026-01-18
F1269,2,sickness,2026-01-17,2026-02-05
F1269,4,sickness,2026-03-28,2026-04-04
F1269,1,calving,2026-04-08,
F1269,3,calving,2026-06-06,
F1269,1,sickness,2026-08-12,2026-08-24
F1269,4,sickness,2026-08-28,2026-09-11
F1269,4,calving,2026-09-17,
F1270,3,sickness,2025-11-04,2025-11-11
F1270,2,sickness,2026-01-03,2026-01-23
F1270,2,sickness,2026-04-17,2026-04-30
F1270,2,calving,2026-06-07,
F1270,3,calving,2026-08-20,
F1270,1,sickness,2026-08-30,2026-09-12
F1271,1,sickness,2025-10-24,2025-11-11
F1271,1,calving,2025-12-22,
F1271,1,sickness,2026-06-03,2026-06-18
F1272,2,sickness,2025-10-02,2025-10-16
F1272,1,sickness,2025-11-22,2025-12-01
F1272,1,sickness,2025-12-13,2025-12-25
F1272,1,calving,2025-12-18,
F1272,2,sickness,2026-01-09,2026-01-24
F1272,2,calving,2026-02-19,
F1272,2,sickness,2026-02-25,2026-03-06
F1272,2,sickness,2026-03-24,2026-04-10
F1272,3,sickness,2026-03-29,2026-04-10
F1272,3,calving,2026-05-26,
F1272,3,sickness,2026-06-16,2026-06-28
F1272,3,sickness,2026-07-15,2026-08-01
F1272,3,sickness,2026-08-12,2026-09-01
F1272,3,sickness,2026-09-05,2026-09-25
F1273,1,calving,2025-10-30,
F1273,3,calving,2025-11-01,
F1273,3,sickness,2025-11-12,2025-11-19
F1273,3,sickness,2025-12-02,2025-12-09
F1273,1,sickness,2025-12-07,2025-12-18
F1273,4,calving,2025-12-14,
F1273,5,sickness,2025-12-16,2025-12-27
F1273,3,sickness,2026-01-09,2026-01-20
F1273,4,sickness,2026-02-07,2026-02-16
F1273,5,sickness,2026-02-16,2026-02-28
F1273,4,sickness,2026-02-17,2026-03-03
F1273,1,sickness,2026-04-18,2026-04-25
F1273,5,sickness,2026-05-03,2026-05-16
F1273,2,calving,2026-05-10,
F1273,1,sickness,2026-05-15,2026-05-28
F1273,3,sickness,2026-06-12,2026-06-27
F1273,5,calving,2026-06-21,
F1273,5,sickness,2026-06-27,2026-07-13
F1273,3,sickness,2026-06-29,2026-07-08
F1273,3,sickness,2026-08-01,2026-08-17
F1273,1,sickness,2026-08-05,2026-08-24
F1273,4,sickness,2026-08-23,2026-09-12
F1273,5,sickness,2026-10-02,2026-10-03
F1274,1,calving,2026-01-16,
F1274,1,sickness,2026-04-11,2026-04-29
F1274,1,sickness,2026-05-14,2026-05-21
F1274,1,sickness,2026-06-21,2026-07-11
F1274,1,sickness,2026-08-24,2026-09-13
F1275,2,sickness,2025-11-07,2025-11-26
F1275,1,sickness,2025-11-16,2025-12-04
F1275,1,sickness,2026-02-19,2026-02-25
F1275,2,calving,2026-06-24,
F1275,2,sickness,2026-06-28,2026-07-06
F1275,2,sickness,2026-07-17,2026-07-24
F1275,1,calving,2026-08-21,
F1275,1,sickness,2026-09-01,2026-09-11
F1275,1,sickness,2026-09-28,2026-10-03
F1276,2,calving,2025-10-28,
F1276,3,sickness,2025-12-11,2025-12-20
F1276,5,sickness,2026-04-11,2026-05-01
F1276,1,sickness,2026-04-15,2026-04-21
F1276,3,calving,2026-04-29,
F1276,2,sickness,2026-05-23,2026-06-09
F1276,1,sickness,2026-06-11,2026-06-20
F1276,2,sickness,2026-06-24,2026-07-13
F1276,5,calving,2026-07-12,
F1276,2,sickness,2026-07-24,2026-07-31
F1276,3,sickness,2026-07-24,2026-08-06
F1276,1,calving,2026-07-25,
F1276,3,sickness,2026-08-07,2026-08-18
F1277,1,sickness,2025-10-06,2025-10-14
F1277,1,calving,2026-01-20,
F1277,1,sickness,2026-06-16,2026-07-06
F1278,2,sickness,2026-03-04,2026-03-11
F1278,1,sickness,2026-05-28,2026-06-05
F1278,1,calving,2026-06-04,
F1278,2,sickness,2026-08-16,2026-08-26
F1279,1,sickness,2026-08-29,2026-09-10
F1279,1,sickness,2026-09-27,2026-10-03
F1280,1,sickness,2026-03-03,2026-03-19
F1280,1,sickness,2026-03-28,2026-04-17
F1280,1,calving,2026-04-22,
F1280,1,sickness,2026-08-11,2026-08-19
F1280,2,calving,2026-08-22,
F1281,3,sickness,2025-09-19,2025-10-04
F1281,3,calving,2025-10-30,
F1281,2,sickness,2026-01-11,2026-01-27
F1281,5,sickness,2026-02-03,2026-02-13
F1281,3,sickness,2026-02-21,2026-03-03
F1281,5,calving,2026-05-19,
F1281,4,calving,2026-06-11,
F1281,2,calving,2026-07-07,
F1281,1,calving,2026-07-21,
F1281,5,sickness,2026-08-07,2026-08-25
F1281,2,sickness,2026-09-10,2026-09-29
F1281,3,sickness,2026-09-15,2026-10-03
F1281,3,calving,2026-09-16,
F1282,1,sickness,2025-10-31,2025-11-11
F1282,1,sickness,2025-11-15,2025-11-28
F1282,1,sickness,2025-12-24,2026-01-04
F1282,1,sickness,2026-02-09,2026-02-25
F1282,1,calving,2026-02-28,
F1282,2,calving,2026-04-20,
F1282,2,sickness,2026-05-29,2026-06-09
F1283,1,calving,2025-09-18,
F1283,1,sickness,2026-08-31,2026-09-18
F1284,2,calving,2025-11-10,
F1284,2,sickness,2026-03-07,2026-03-18
F1284,2,sickness,2026-06-08,2026-06-19
F1284,2,sickness,2026-07-09,2026-07-27
F1284,2,calving,2026-09-14,
F1285,1,sickness,2025-11-30,2025-12-18
F1285,1,calving,2026-03-30,
F1285,1,sickness,2026-05-05,2026-05-23
F1286,2,sickness,2025-10-19,2025-11-01
F1286,1,calving,2025-10-31,
F1286,2,sickness,2026-01-02,2026-01-17
F1286,1,sickness,2026-04-05,2026-04-14
F1286,3,sickness,2026-04-17,2026-04-25
F1286,3,sickness,2026-06-27,2026-07-12
F1286,3,sickness,2026-08-01,2026-08-12
F1286,2,sickness,2026-08-20,2026-08-26
F1286,3,calving,2026-09-12,
F1286,2,calving,2026-10-03,
F1287,1,calving,2025-11-30,
F1287,1,sickness,2026-03-16,2026-03-25
F1287,1,sickness,2026-09-23,2026-10-03
F1288,1,sickness,2025-10-12,2025-10-24
F1288,2,calving,2025-11-18,
F1288,3,calving,2025-12-31,
F1288,1,calving,2026-01-13,
F1288,1,sickness,2026-03-17,2026-04-06
F1288,2,sickness,2026-03-25,2026-04-01
F1288,2,sickness,2026-10-01,2026-10-03
F1289,2,sickness,2025-10-27,2025-11-02
F1289,2,calving,2025-10-28,
F1289,1,sickness,2025-10-30,2025-11-10
F1289,1,sickness,2025-12-06,2025-12-20
F1289,1,calving,2026-01-01,
F1289,2,sickness,2026-06-28,2026-07-08
F1289,2,sickness,2026-09-19,2026-09-26
F1290,1,calving,2026-08-03,
F1291,1,sickness,2026-01-16,2026-01-31
F1291,1,calving,2026-01-17,
F1291,1,sickness,2026-05-16,2026-05-24
F1292,1,sickness,2025-10-11,2025-10-17
F1292,1,calving,2025-10-13,
F1292,1,sickness,2026-01-18,2026-01-28
F1292,2,calving,2026-03-02,
F1293,2,sickness,2025-10-17,2025-10-28
F1293,3,calving,2025-10-22,
F1293,3,sickness,2026-01-24,2026-02-10
F1293,4,sickness,2026-02-03,2026-02-21
F1293,2,calving,2026-04-15,
F1293,1,sickness,2026-06-28,2026-07-09
F1293,1,calving,2026-08-28,
F1294,1,calving,2026-03-07,
F1294,2,calving,2026-05-29,
F1295,1,calving,2026-04-14,
F1295,1,sickness,2026-09-14,2026-09-24
F1296,1,sickness,2025-12-18,2026-01-05
F1296,1,sickness,2026-06-03,2026-06-10
F1296,1,sickness,2026-07-14,2026-07-23
F1297,1,sickness,2025-12-28,2026-01-11
F1297,1,calving,2026-04-18,
F1298,1,calving,2025-11-27,
F1298,1,sickness,2026-01-02,2026-01-16
F1299,1,sickness,2026-04-24,2026-05-06
F1300,1,calving,2026-02-09,
F1300,1,sickness,2026-09-09,2026-09-25
F1301,1,sickness,2026-08-08,2026-08-26
F1301,1,calving,2026-09-25,
F1302,2,sickness,2025-12-20,2026-01-08
F1302,2,calving,2026-06-03,
F1302,2,sickness,2026-06-06,2026-06-12
F1302,1,calving,2026-07-08,
F1303,1,sickness,2025-09-20,2025-10-10
F1303,2,sickness,2025-11-19,2025-12-06
F1303,2,calving,2026-02-14,
F1303,3,sickness,2026-03-20,2026-03-29
F1303,2,sickness,2026-04-24,2026-05-03
F1303,3,calving,2026-07-14,
F1303,1,sickness,2026-08-15,2026-09-04
F1303,2,sickness,2026-08-21,2026-08-30
F1303,1,calving,2026-10-02,
F1304,1,sickness,2025-10-03,2025-10-14
F1304,2,sickness,2025-11-12,2025-11-19
F1304,1,sickness,2025-12-23,2026-01-10
F1304,2,calving,2026-02-02,
F1304,1,sickness,2026-04-15,2026-05-05
F1304,1,sickness,2026-05-11,2026-05-24
F1304,3,sickness,2026-05-28,2026-06-10
F1304,1,calving,2026-08-11,
F1304,3,calving,2026-09-24,
F1305,1,calving,2026-02-13,
F1305,1,sickness,2026-03-04,2026-03-11
F1305,1,sickness,2026-06-02,2026-06-14
F1306,1,sickness,2025-12-22,2026-01-11
F1306,4,sickness,2026-01-02,2026-01-15
F1306,2,calving,2026-01-04,
F1306,1,sickness,2026-02-16,2026-02-24
F1306,1,sickness,2026-03-18,2026-04-07
F1306,2,sickness,2026-06-12,2026-06-30
F1306,3,calving,2026-07-03,
F1306,2,sickness,2026-07-15,2026-07-28
F1307,2,sickness,2025-09-18,2025-09-28
F1307,1,sickness,2025-10-05,2025-10-24
F1307,1,calving,2025-11-20,
F1307,4,sickness,2025-12-11,2025-12-25
F1307,4,sickness,2026-01-05,2026-01-14
F1307,2,sickness,2026-02-08,2026-02-22
F1307,1,sickness,2026-03-10,2026-03-28
F1307,2,sickness,2026-03-18,2026-04-04
F1307,3,calving,2026-04-12,
F1307,4,sickness,2026-05-15,2026-05-25
F1307,1,sickness,2026-06-02,2026-06-21
F1307,2,calving,2026-06-04,
F1307,1,sickness,2026-06-25,2026-07-13
F1307,4,calving,2026-09-21,
F1308,2,sickness,2025-10-22,2025-11-02
F1308,1,sickness,2026-03-12,2026-03-22
F1308,2,calving,2026-04-16,
F1308,1,sickness,2026-06-24,2026-07-09
F1308,1,calving,2026-07-18,
F1309,3,calving,2025-11-11,
F1309,3,sickness,2025-12-22,2026-01-05
F1309,1,sickness,2026-01-03,2026-01-12
F1309,1,calving,2026-01-17,
F1309,2,calving,2026-02-02,
F1309,3,sickness,2026-02-05,2026-02-13
F1309,3,sickness,2026-03-29,2026-04-11
F1309,2,sickness,2026-04-03,2026-04-14
F1309,1,sickness,2026-07-10,2026-07-21
F1309,3,sickness,2026-08-05,2026-08-11
F1309,2,sickness,2026-08-12,2026-08-21
F1310,1,calving,2026-02-04,
F1310,1,sickness,2026-07-10,2026-07-26
F1311,1,sickness,2025-11-25,2025-12-01
F1311,1,calving,2026-07-01,
F1312,1,calving,2025-12-18,
F1312,1,sickness,2026-07-01,2026-07-14
F1313,1,calving,2025-10-06,
F1313,2,sickness,2025-11-29,2025-12-17
F1313,2,calving,2026-07-27,
F1314,2,sickness,2026-02-11,2026-02-26
F1314,1,sickness,2026-02-14,2026-02-27
F1314,2,calving,2026-06-03,
F1314,1,sickness,2026-06-16,2026-06-23
F1314,2,sickness,2026-07-07,2026-07-27
F1314,1,calving,2026-08-24,
F1315,1,sickness,2025-10-29,2025-11-07
F1315,1,sickness,2025-12-13,2025-12-25
F1315,1,sickness,2026-02-27,2026-03-09
F1315,1,calving,2026-03-30,
F1315,1,sickness,2026-09-29,2026-10-03
F1316,1,calving,2025-11-02,
F1316,2,sickness,2025-11-18,2025-12-05
F1316,2,calving,2025-12-25,
F1316,1,sickness,2026-02-09,2026-02-26
F1316,1,sickness,2026-03-27,2026-04-14
F1317,1,sickness,2025-09-25,2025-10-14
F1317,1,calving,2025-10-25,
F1317,1,sickness,2026-01-23,2026-02-08
F1317,1,sickness,2026-02-16,2026-03-06
F1317,1,sickness,2026-07-01,2026-07-17
F1317,1,sickness,2026-09-16,2026-09-28
F1318,1,sickness,2025-10-24,2025-11-07
F1318,1,sickness,2025-11-13,2025-11-23
F1318,2,calving,2026-03-02,
F1318,1,calving,2026-05-25,
F1318,1,sickness,2026-06-14,2026-06-21
F1319,1,calving,2025-12-04,
F1319,1,sickness,2025-12-27,2026-01-08
F1320,1,sickness,2026-03-04,2026-03-12
F1320,1,calving,2026-04-26,
F1321,2,sickness,2025-12-29,2026-01-16
F1321,1,calving,2026-01-05,
F1322,2,calving,2025-10-24,
F1322,5,sickness,2025-11-02,2025-11-19
F1322,4,sickness,2025-11-29,2025-12-09
F1322,1,calving,2026-01-07,
F1322,3,calving,2026-01-13,
F1322,1,sickness,2026-02-13,2026-02-24
F1322,5,calving,2026-03-05,
F1322,2,sickness,2026-04-20,2026-05-07
F1322,2,sickness,2026-05-12,2026-05-31
F1322,4,calving,2026-06-29,
F1322,3,sickness,2026-07-06,2026-07-21
F1322,4,sickness,2026-08-09,2026-08-24
F1323,2,calving,2026-03-14,
F1323,3,sickness,2026-04-24,2026-05-09
F1323,3,calving,2026-06-08,
F1323,1,calving,2026-07-15,
F1324,2,calving,2025-12-05,
F1324,3,calving,2026-01-01,
F1324,2,sickness,2026-02-02,2026-02-11
F1324,4,calving,2026-02-05,
F1324,3,sickness,2026-02-23,2026-03-15
F1324,4,sickness,2026-03-05,2026-03-17
F1324,4,sickness,2026-03-18,2026-04-07
F1324,3,sickness,2026-08-11,2026-08-24
F1324,1,calving,2026-10-02,
F1325,3,sickness,2025-09-24,2025-10-07
F1325,3,calving,2025-11-17,
F1325,1,calving,2025-11-30,
F1325,2,calving,2026-04-06,
F1325,1,sickness,2026-04-10,2026-04-27
F1325,2,sickness,2026-05-30,2026-06-13
F1325,3,sickness,2026-07-07,2026-07-14
F1325,2,sickness,2026-09-22,2026-10-03
F1326,2,sickness,2025-10-03,2025-10-23
F1326,2,calving,2025-12-23,
F1326,1,calving,2026-01-07,
F1326,2,sickness,2026-09-03,2026-09-20
F1326,1,sickness,2026-09-29,2026-10-03
F1326,2,sickness,2026-10-01,2026-10-03
F1327,1,sickness,2025-10-21,2025-11-10
F1327,1,sickness,2025-11-11,2025-11-18
F1327,1,calving,2026-04-23,
F1328,1,calving,2025-10-24,
F1328,1,sickness,2026-08-04,2026-08-22
F1329,1,sickness,2026-01-25,2026-02-05
F1330,1,calving,2025-11-22,
F1330,1,sickness,2026-04-13,2026-05-03
F1331,4,sickness,2025-10-12,2025-10-26
F1331,3,calving,2025-10-26,
F1331,4,sickness,2025-10-28,2025-11-16
F1331,1,sickness,2025-12-14,2025-12-22
F1331,3,sickness,2026-03-18,2026-04-05
F1331,2,calving,2026-03-22,
F1331,4,sickness,2026-05-08,2026-05-22
F1331,1,sickness,2026-07-16,2026-07-22
F1331,1,calving,2026-08-01,
F1331,3,sickness,2026-08-13,2026-08-20
F1331,4,calving,2026-08-21,
F1331,1,sickness,2026-08-28,2026-09-04
F1331,3,sickness,2026-09-12,2026-09-22
F1332,2,calving,2025-11-16,
F1332,3,sickness,2025-12-17,2026-01-04
F1332,5,sickness,2026-01-05,2026-01-11
F1332,1,sickness,2026-01-07,2026-01-23
F1332,2,sickness,2026-01-25,2026-02-14
F1332,4,sickness,2026-01-31,2026-02-20
F1332,2,sickness,2026-04-16,2026-04-27
F1332,1,sickness,2026-04-18,2026-04-30
F1332,5,sickness,2026-05-22,2026-06-10
F1332,2,sickness,2026-05-23,2026-06-03
F1332,3,calving,2026-06-02,
F1332,5,sickness,2026-07-04,2026-07-14
F1332,1,calving,2026-07-06,
F1332,1,sickness,2026-07-12,2026-07-29
F1332,5,sickness,2026-07-25,2026-08-05
F1332,1,sickness,2026-08-03,2026-08-19
F1332,5,sickness,2026-09-30,2026-10-03
F1332,1,sickness,2026-10-02,2026-10-03
F1333,1,calving,2025-10-06,
F1333,1,sickness,2025-12-05,2025-12-12
F1333,1,sickness,2026-05-02,2026-05-10
F1333,1,sickness,2026-07-29,2026-08-16
F1334,1,sickness,2026-02-03,2026-02-09
F1334,2,calving,2026-03-06,
F1334,2,sickness,2026-06-28,2026-07-17
F1335,1,sickness,2025-12-28,2026-01-03
F1335,1,sickness,2026-05-26,2026-06-02
F1335,1,sickness,2026-08-20,2026-09-06
F1335,1,calving,2026-09-18,
F1336,1,calving,2026-05-10,
F1336,1,sickness,2026-08-21,2026-09-03
F1337,1,sickness,2025-12-18,2026-01-06
F1337,1,sickness,2026-01-31,2026-02-20
F1337,1,sickness,2026-02-26,2026-03-14
F1337,1,calving,2026-04-25,
F1337,1,sickness,2026-08-04,2026-08-22
F1337,1,sickness,2026-08-23,2026-08-30
F1338,1,calving,2026-07-12,
F1338,1,sickness,2026-09-16,2026-09-22
F1339,2,sickness,2025-10-04,2025-10-18
F1339,2,sickness,2025-10-22,2025-10-28
F1339,2,calving,2026-03-03,
F1339,2,sickness,2026-04-12,2026-04-24
F1339,1,calving,2026-04-19,
F1339,2,sickness,2026-06-04,2026-06-15
F1339,1,sickness,2026-07-16,2026-07-28
F1339,1,sickness,2026-08-19,2026-09-08
F1340,2,sickness,2025-09-27,2025-10-03
F1340,1,sickness,2025-09-30,2025-10-18
F1340,1,calving,2025-10-24,
F1340,2,calving,2025-11-07,
F1340,1,sickness,2025-11-11,2025-11-18
F1340,1,sickness,2026-09-05,2026-09-24
F1341,1,sickness,2025-11-03,2025-11-21
F1341,2,sickness,2025-11-06,2025-11-26
F1341,1,sickness,2025-12-23,2026-01-05
F1341,1,sickness,2026-01-10,2026-01-26
F1341,2,calving,2026-06-05,
F1341,1,calving,2026-07-08,
F1342,1,calving,2025-12-29,
F1342,2,calving,2026-08-22,
F1343,1,calving,2026-05-15,
F1344,2,calving,2026-02-10,
F1344,1,calving,2026-02-27,
F1345,2,sickness,2025-12-05,2025-12-17
F1345,2,sickness,2026-01-18,2026-01-24
F1345,2,sickness,2026-05-18,2026-06-06
F1345,2,calving,2026-06-17,
F1345,1,sickness,2026-06-26,2026-07-12
F1345,1,calving,2026-09-28,
F1346,1,sickness,2026-05-11,2026-05-26
F1346,1,sickness,2026-08-31,2026-09-20
F1347,3,calving,2025-12-21,
F1347,3,sickness,2026-03-04,2026-03-10
F1347,2,calving,2026-05-20,
F1347,4,sickness,2026-06-07,2026-06-15
F1347,4,sickness,2026-07-07,2026-07-19
F1347,1,calving,2026-07-27,
F1348,1,sickness,2026-06-18,2026-06-29
F1348,1,calving,2026-07-13,
F1349,1,sickness,2025-10-29,2025-11-06
F1349,1,sickness,2026-04-01,2026-04-20
F1349,1,calving,2026-08-24,
F1350,1,calving,2026-05-16,
F1350,1,sickness,2026-07-25,2026-08-10
F1351,2,calving,2025-10-12,
F1351,1,sickness,2025-11-01,2025-11-12
F1351,1,sickness,2026-04-29,2026-05-07
F1351,2,sickness,2026-05-01,2026-05-12
F1352,1,sickness,2025-11-17,2025-11-29
F1352,1,calving,2025-11-25,
F1352,3,sickness,2026-01-06,2026-01-15
F1352,3,sickness,2026-03-11,2026-03-20
F1352,3,calving,2026-08-06,
F1352,2,sickness,2026-08-19,2026-08-26
F1352,3,sickness,2026-09-18,2026-10-03
F1352,2,calving,2026-09-25,
F1353,1,sickness,2025-10-02,2025-10-21
F1353,1,sickness,2025-11-10,2025-11-27
F1353,1,calving,2025-12-22,
F1353,1,sickness,2026-07-18,2026-07-29
F1354,1,sickness,2025-09-16,2025-10-02
F1354,1,calving,2025-09-17,
F1354,4,sickness,2025-10-17,2025-10-26
F1354,5,sickness,2026-01-25,2026-02-12
F1354,3,calving,2026-02-22,
F1354,4,calving,2026-03-07,
F1354,5,calving,2026-03-11,
F1354,5,sickness,2026-05-02,2026-05-20
F1354,2,calving,2026-05-13,
F1354,2,sickness,2026-06-17,2026-07-07
F1354,5,sickness,2026-07-12,2026-08-01
F1354,1,sickness,2026-08-18,2026-08-29
F1355,3,calving,2025-12-04,
F1355,1,calving,2026-02-13,
F1355,1,sickness,2026-02-22,2026-03-11
F1355,2,calving,2026-03-13,
F1355,3,sickness,2026-03-29,2026-04-07
F1355,1,sickness,2026-08-24,2026-09-13
F1356,2,sickness,2026-01-27,2026-02-03
F1356,1,sickness,2026-03-26,2026-04-05
F1356,1,calving,2026-07-17,
F1356,1,sickness,2026-08-25,2026-09-03
F1356,2,calving,2026-08-27,
F1357,1,sickness,2026-02-12,2026-02-19
F1357,1,calving,2026-02-18,
F1357,2,calving,2026-04-29,
F1357,1,sickness,2026-08-12,2026-08-22
F1358,2,sickness,2025-11-06,2025-11-13
F1358,1,sickness,2026-07-06,2026-07-21
F1358,2,calving,2026-07-24,
F1358,2,sickness,2026-08-18,2026-08-29
F1359,1,sickness,2025-09-26,2025-10-05
F1359,2,sickness,2025-10-25,2025-11-12
F1359,1,sickness,2025-10-28,2025-11-13
F1359,1,sickness,2025-12-01,2025-12-14
F1359,1,calving,2025-12-17,
F1359,2,calving,2026-05-13,
F1359,1,sickness,2026-05-19,2026-06-04
F1360,2,calving,2025-12-03,
F1360,1,calving,2025-12-15,
F1360,4,sickness,2026-01-09,2026-01-20
F1360,1,sickness,2026-02-20,2026-03-04
F1360,4,sickness,2026-05-06,2026-05-13
F1360,2,sickness,2026-05-26,2026-06-13
F1360,4,sickness,2026-05-27,2026-06-07
F1360,2,sickness,2026-07-28,2026-08-05
F1360,4,calving,2026-09-09,
F1360,3,calving,2026-09-11,
F1360,1,sickness,2026-09-17,2026-09-26
F1361,2,sickness,2025-12-20,2026-01-02
F1361,3,sickness,2026-01-01,2026-01-16
F1361,1,sickness,2026-01-06,2026-01-17
F1361,2,sickness,2026-01-18,2026-01-26
F1361,1,sickness,2026-03-24,2026-04-08
F1361,1,calving,2026-03-29,
F1361,4,sickness,2026-04-17,2026-04-27
F1361,3,calving,2026-04-28,
F1361,3,sickness,2026-07-06,2026-07-25
F1361,2,calving,2026-07-24,
F1361,5,calving,2026-09-03,
F1361,2,sickness,2026-09-04,2026-09-20
F1361,2,sickness,2026-09-23,2026-10-03
F1362,1,sickness,2025-10-21,2025-11-05
F1362,1,sickness,2025-11-20,2025-11-30
F1362,2,calving,2025-11-27,
F1362,1,calving,2026-05-30,
F1362,2,sickness,2026-07-30,2026-08-09
F1362,1,sickness,2026-09-07,2026-09-24
F1362,2,sickness,2026-09-14,2026-09-23
F1363,3,calving,2025-10-03,
F1363,3,sickness,2025-11-02,2025-11-15
F1363,5,sickness,2025-11-07,2025-11-15
F1363,1,calving,2026-02-22,
F1363,3,sickness,2026-04-21,2026-05-11
F1363,4,calving,2026-05-31,
F1363,2,sickness,2026-07-18,2026-07-28
F1363,2,calving,2026-07-24,
F1363,5,calving,2026-08-13,
F1363,2,sickness,2026-08-19,2026-09-03
F1364,1,calving,2026-05-29,
F1365,1,sickness,2026-02-01,2026-02-10
F1365,1,calving,2026-05-27,
F1365,1,sickness,2026-06-09,2026-06-19
F1365,2,sickness,2026-06-27,2026-07-08
F1365,2,calving,2026-07-30,
F1366,1,sickness,2026-01-08,2026-01-21
F1366,1,sickness,2026-09-02,2026-09-12
F1367,2,sickness,2025-11-28,2025-12-05
F1367,1,sickness,2026-01-29,2026-02-10
F1367,4,sickness,2026-02-02,2026-02-09
F1367,1,calving,2026-02-19,
F1367,2,sickness,2026-03-13,2026-03-27
F1367,3,calving,2026-04-02,
F1367,4,sickness,2026-05-07,2026-05-13
F1367,2,calving,2026-06-29,
F1367,2,sickness,2026-09-05,2026-09-12
F1368,1,sickness,2025-10-20,2025-10-30
F1368,1,calving,2026-02-11,
F1369,1,sickness,2025-12-31,2026-01-11
F1369,1,calving,2026-01-19,
F1369,1,sickness,2026-09-12,2026-09-22
F1369,1,sickness,2026-09-23,2026-09-30
F1370,1,sickness,2025-10-21,2025-10-27
F1370,1,sickness,2025-12-25,2026-01-07
F1370,1,calving,2026-08-31,
F1371,1,sickness,2025-12-21,2026-01-05
F1371,2,sickness,2026-02-24,2026-03-13
F1371,1,sickness,2026-05-10,2026-05-27
F1371,2,sickness,2026-06-03,2026-06-13
F1371,1,calving,2026-09-07,
F1371,2,calving,2026-09-15,
F1372,2,sickness,2025-09-27,2025-10-12
F1372,1,sickness,2025-12-01,2025-12-10
F1372,2,sickness,2025-12-24,2026-01-08
F1372,1,calving,2025-12-26,
F1372,1,sickness,2026-01-19,2026-02-01
F1372,2,calving,2026-08-11,
F1372,2,sickness,2026-09-16,2026-09-24
F1373,1,calving,2025-10-19,
F1373,2,sickness,2026-02-20,2026-03-09
F1373,2,calving,2026-05-23,
F1373,2,sickness,2026-07-19,2026-07-25
F1374,1,calving,2026-04-05,
F1374,1,sickness,2026-05-13,2026-05-31
F1375,1,sickness,2025-10-18,2025-11-01
F1375,4,sickness,2025-10-18,2025-11-07
F1375,5,calving,2025-12-09,
F1375,5,sickness,2026-03-21,2026-04-10
F1375,1,calving,2026-03-24,
F1375,2,sickness,2026-03-25,2026-04-14
F1375,3,sickness,2026-03-26,2026-04-06
F1375,1,sickness,2026-04-04,2026-04-13
F1375,4,sickness,2026-05-06,2026-05-18
F1375,1,sickness,2026-05-07,2026-05-22
F1375,5,sickness,2026-06-01,2026-06-16
F1375,1,sickness,2026-08-02,2026-08-20
F1375,3,calving,2026-08-10,
F1375,4,calving,2026-08-10,
F1375,2,calving,2026-09-04,
F1375,2,sickness,2026-09-05,2026-09-24
F1376,1,calving,2026-03-01,
F1376,1,sickness,2026-07-12,2026-07-30
F1376,1,sickness,2026-08-01,2026-08-09
F1377,1,sickness,2026-03-13,2026-03-24
F1378,2,sickness,2025-10-31,2025-11-19
F1378,2,sickness,2025-11-22,2025-12-08
F1378,1,sickness,2026-01-01,2026-01-08
F1378,1,sickness,2026-01-10,2026-01-27
F1378,2,sickness,2026-04-20,2026-05-04
F1378,1,sickness,2026-05-18,2026-05-31
F1378,2,calving,2026-05-31,
F1378,2,sickness,2026-08-05,2026-08-19
F1379,2,sickness,2025-12-07,2025-12-19
F1379,3,calving,2026-02-15,
F1379,1,sickness,2026-03-10,2026-03-27
F1379,3,sickness,2026-04-21,2026-04-30
F1379,2,sickness,2026-04-24,2026-05-04
F1379,1,sickness,2026-06-09,2026-06-20
F1379,1,calving,2026-07-20,
F1380,1,sickness,2026-03-17,2026-04-04
F1380,1,calving,2026-08-23,
F1380,1,sickness,2026-09-01,2026-09-14
F1380,2,calving,2026-09-23,
F1380,1,sickness,2026-09-30,2026-10-03
F1381,2,sickness,2026-01-25,2026-02-11
F1381,2,calving,2026-02-06,
F1381,2,sickness,2026-03-25,2026-04-07
F1381,3,sickness,2026-04-07,2026-04-23
F1381,3,calving,2026-06-18,
F1381,2,sickness,2026-07-09,2026-07-16
F1381,1,calving,2026-08-16,
F1382,3,sickness,2025-10-18,2025-10-24
F1382,2,sickness,2026-05-08,2026-05-14
F1382,2,sickness,2026-06-12,2026-06-21
F1382,2,calving,2026-07-04,
F1382,1,calving,2026-08-22,
F1382,2,sickness,2026-08-26,2026-09-13
F1382,3,sickness,2026-09-05,2026-09-22
F1383,1,sickness,2025-10-08,2025-10-28
F1383,1,sickness,2025-12-14,2025-12-22
F1383,1,sickness,2025-12-31,2026-01-14
F1383,1,sickness,2026-02-20,2026-02-28
F1383,1,calving,2026-03-27,
F1383,2,sickness,2026-06-06,2026-06-22
F1383,1,sickness,2026-08-10,2026-08-20
F1383,2,sickness,2026-08-20,2026-09-03
F1383,2,calving,2026-08-23,
F1384,1,calving,2026-01-13,
F1384,1,sickness,2026-01-14,2026-01-23
F1384,1,sickness,2026-05-22,2026-06-07
F1385,1,calving,2025-10-30,
F1386,1,sickness,2026-02-07,2026-02-22
F1387,5,sickness,2025-10-09,2025-10-22
F1387,3,sickness,2025-10-19,2025-11-07
F1387,1,sickness,2025-11-07,2025-11-20
F1387,5,sickness,2025-11-11,2025-11-30
F1387,4,sickness,2025-12-16,2025-12-25
F1387,1,calving,2026-02-03,
F1387,4,calving,2026-02-09,
F1387,2,sickness,2026-03-07,2026-03-22
F1387,5,sickness,2026-03-13,2026-04-02
F1387,3,sickness,2026-05-11,2026-05-22
F1387,4,sickness,2026-06-26,2026-07-04
F1387,3,calving,2026-08-13,
F1387,1,sickness,2026-09-07,2026-09-23
F1388,1,calving,2025-10-11,
F1388,1,sickness,2026-02-18,2026-03-05
F1388,1,sickness,2026-06-26,2026-07-02
F1389,3,sickness,2025-09-18,2025-09-25
F1389,1,sickness,2025-10-15,2025-10-28
F1389,1,calving,2025-11-30,
F1389,1,sickness,2025-12-16,2025-12-26
F1389,2,sickness,2026-01-07,2026-01-17
F1389,3,calving,2026-01-28,
F1389,3,sickness,2026-04-18,2026-05-05
F1389,2,calving,2026-05-09,
F1389,2,sickness,2026-06-22,2026-07-09
F1389,3,sickness,2026-09-11,2026-09-24
F1390,1,sickness,2025-10-02,2025-10-10
F1390,1,calving,2026-01-25,
F1390,2,sickness,2026-02-06,2026-02-13
F1390,2,sickness,2026-06-19,2026-07-08
F1390,1,sickness,2026-09-02,2026-09-12
F1391,1,sickness,2025-10-08,2025-10-14
F1391,2,sickness,2025-11-28,2025-12-09
F1391,3,sickness,2026-01-31,2026-02-10
F1391,1,sickness,2026-03-07,2026-03-14
F1391,4,calving,2026-03-08,
F1391,1,calving,2026-06-06,
F1391,2,calving,2026-08-18,
F1391,3,calving,2026-09-03,
F1391,4,sickness,2026-10-03,2026-10-03
F1392,1,calving,2025-11-24,
F1392,1,sickness,2025-11-29,2025-12-11
F1392,2,calving,2026-05-17,
F1392,2,sickness,2026-07-01,2026-07-14
F1393,1,sickness,2026-04-30,2026-05-07
F1393,1,calving,2026-06-21,
F1393,1,sickness,2026-07-29,2026-08-16
F1393,1,sickness,2026-09-18,2026-10-03
F1394,2,sickness,2025-10-14,2025-10-27
F1394,2,sickness,2025-11-23,2025-12-10
F1394,2,sickness,2025-12-15,2025-12-24
F1394,2,calving,2026-01-01,
F1394,1,sickness,2026-02-17,2026-02-28
F1394,1,calving,2026-06-16,
F1395,2,sickness,2025-12-26,2026-01-04
F1395,1,sickness,2026-01-04,2026-01-19
F1395,1,calving,2026-08-03,
F1395,2,calving,2026-08-23,
F1395,2,sickness,2026-09-17,2026-10-03
F1396,2,sickness,2025-11-18,2025-11-24
F1396,1,calving,2025-12-13,
F1396,2,calving,2025-12-24,
F1396,4,calving,2026-03-08,
F1396,3,sickness,2026-05-02,2026-05-21
F1396,2,sickness,2026-10-02,2026-10-03
F1397,1,sickness,2025-10-22,2025-10-29
F1397,1,calving,2026-06-28,
F1398,1,sickness,2025-10-31,2025-11-16
F1398,1,calving,2026-04-01,
F1398,1,sickness,2026-05-03,2026-05-11
F1399,1,sickness,2026-04-09,2026-04-25
F1399,1,calving,2026-05-19,
F1399,1,sickness,2026-07-04,2026-07-18
F1400,2,sickness,2025-10-12,2025-10-22
F1400,2,calving,2026-04-29,
F1400,1,sickness,2026-06-13,2026-06-22
F1400,1,calving,2026-07-23,
F1400,1,sickness,2026-09-15,2026-09-25
F1401,1,sickness,2025-09-24,2025-10-06
F1401,1,calving,2026-04-30,
F1402,2,sickness,2025-11-01,2025-11-07
F1402,2,calving,2025-12-09,
F1402,3,calving,2026-04-20,
F1402,1,sickness,2026-09-08,2026-09-22
F1402,2,sickness,2026-09-20,2026-10-03
F1402,1,calving,2026-09-25,
F1403,1,calving,2026-01-26,
F1403,1,sickness,2026-02-24,2026-03-16
F1403,1,sickness,2026-03-31,2026-04-06
F1403,2,sickness,2026-06-01,2026-06-21
F1403,1,sickness,2026-07-14,2026-07-21
F1403,2,sickness,2026-07-17,2026-07-27
F1403,2,calving,2026-09-21,
F1404,1,sickness,2025-09-18,2025-09-27
F1404,1,calving,2026-05-21,
F1405,2,calving,2025-10-10,
F1405,1,calving,2025-12-14,
F1405,2,sickness,2026-01-27,2026-02-06
F1405,2,sickness,2026-04-27,2026-05-17
F1406,1,calving,2026-06-28,
F1407,4,sickness,2025-11-20,2025-12-01
F1407,2,sickness,2025-12-21,2026-01-06
F1407,2,sickness,2026-02-26,2026-03-04
F1407,4,sickness,2026-03-01,2026-03-08
F1407,4,calving,2026-03-15,
F1407,4,sickness,2026-05-24,2026-06-03
F1407,1,sickness,2026-07-07,2026-07-17
F1407,1,calving,2026-07-09,
F1407,1,sickness,2026-08-05,2026-08-19
F1407,3,sickness,2026-08-08,2026-08-23
F1407,2,calving,2026-09-02,
F1407,3,sickness,2026-09-09,2026-09-21
F1407,3,calving,2026-09-18,
F1407,4,sickness,2026-09-26,2026-10-03
F1409,1,sickness,2026-01-10,2026-01-27
F1409,1,calving,2026-09-18,
F1410,1,sickness,2025-09-21,2025-10-04
F1410,2,sickness,2025-11-05,2025-11-25
F1410,2,sickness,2026-01-22,2026-02-03
F1410,1,sickness,2026-02-18,2026-02-28
F1410,2,calving,2026-06-01,
F1410,1,sickness,2026-06-06,2026-06-26
F1410,1,sickness,2026-07-01,2026-07-20
F1410,1,calving,2026-08-11,
F1411,1,calving,2026-09-26,
F1412,1,sickness,2025-10-06,2025-10-20
F1413,1,sickness,2025-09-24,2025-10-11
F1413,1,calving,2025-10-01,
F1413,3,sickness,2025-11-17,2025-11-28
F1413,3,sickness,2026-02-06,2026-02-26
F1413,2,sickness,2026-04-11,2026-04-30
F1413,3,sickness,2026-04-30,2026-05-19
F1413,2,sickness,2026-05-06,2026-05-16
F1413,3,calving,2026-05-20,
F1413,2,calving,2026-08-07,
F1413,2,sickness,2026-08-21,2026-09-09
F1414,2,sickness,2025-10-05,2025-10-21
F1414,3,calving,2025-10-07,
F1414,3,sickness,2025-11-25,2025-12-13
F1414,1,sickness,2025-12-26,2026-01-15
F1414,2,calving,2025-12-29,
F1414,1,calving,2026-01-27,
F1414,2,sickness,2026-01-31,2026-02-13
F1414,3,sickness,2026-02-18,2026-03-01
F1414,3,sickness,2026-09-08,2026-09-21
F1414,1,sickness,2026-09-12,2026-09-28
F1414,3,sickness,2026-09-23,2026-10-03
F1415,1,sickness,2026-03-26,2026-04-14
F1415,1,sickness,2026-07-09,2026-07-17
F1416,1,sickness,2025-09-16,2025-10-05
F1416,1,sickness,2025-10-08,2025-10-19
F1416,2,sickness,2025-10-09,2025-10-23
F1416,2,sickness,2025-12-02,2025-12-15
F1416,2,sickness,2026-02-01,2026-02-21
F1416,1,sickness,2026-04-22,2026-05-04
F1416,1,calving,2026-06-08,
F1416,1,sickness,2026-06-19,2026-06-30
F1416,2,sickness,2026-07-18,2026-08-04
F1417,1,calving,2025-11-10,
F1417,1,sickness,2026-01-27,2026-02-04
F1417,2,sickness,2026-08-13,2026-09-02
F1418,1,calving,2026-03-06,
F1418,1,sickness,2026-04-24,2026-05-03
F1418,1,sickness,2026-08-01,2026-08-12
F1419,1,calving,2026-04-24,
F1419,1,sickness,2026-05-29,2026-06-06
F1420,1,sickness,2025-12-14,2025-12-31
F1420,1,sickness,2026-06-23,2026-07-12
F1420,1,calving,2026-09-24,
F1421,1,calving,2025-09-22,
F1421,1,sickness,2025-10-22,2025-10-30
F1421,1,sickness,2026-05-28,2026-06-10
F1422,1,calving,2025-12-01,
F1422,1,sickness,2026-01-19,2026-02-07
F1423,2,sickness,2025-12-25,2026-01-02
F1423,2,calving,2026-01-03,
F1423,1,sickness,2026-01-12,2026-01-25
F1423,1,sickness,2026-02-25,2026-03-12
F1423,1,calving,2026-04-29,
F1423,1,sickness,2026-07-21,2026-08-03
F1423,2,sickness,2026-07-21,2026-08-08
F1425,1,sickness,2025-09-24,2025-10-11
F1425,1,calving,2025-12-24,
F1426,1,sickness,2026-01-07,2026-01-21
F1426,1,calving,2026-07-31,
F1427,2,calving,2025-11-30,
F1427,2,sickness,2025-12-23,2025-12-31
F1427,3,sickness,2026-01-29,2026-02-06
F1427,3,sickness,2026-02-12,2026-03-02
F1427,3,calving,2026-05-15,
F1427,1,calving,2026-08-09,
F1428,2,sickness,2026-01-04,2026-01-18
F1428,2,sickness,2026-04-04,2026-04-18
F1428,1,sickness,2026-04-13,2026-04-19
F1428,1,calving,2026-05-03,
F1428,2,calving,2026-05-21,
F1428,2,sickness,2026-07-18,2026-07-30
F1428,2,sickness,2026-08-23,2026-09-06
F1428,1,sickness,2026-09-07,2026-09-25
F1429,2,sickness,2025-10-06,2025-10-17
F1429,2,sickness,2025-11-06,2025-11-21
F1429,1,calving,2026-04-03,
F1429,2,sickness,2026-05-15,2026-05-27
F1429,1,sickness,2026-06-04,2026-06-23
F1429,2,calving,2026-06-26,
F1429,1,sickness,2026-07-23,2026-08-03
F1429,1,sickness,2026-09-24,2026-10-03
F1430,1,calving,2025-11-05,
F1431,1,sickness,2025-10-10,2025-10-28
F1431,1,calving,2026-02-26,
F1432,1,calving,2026-04-14,
F1433,1,calving,2025-11-19,
F1433,1,sickness,2026-09-18,2026-10-03
F1434,2,calving,2025-10-25,
F1434,3,calving,2026-02-03,
F1434,1,calving,2026-04-05,
F1434,1,sickness,2026-06-08,2026-06-19
F1434,1,sickness,2026-07-18,2026-08-06
F1434,3,sickness,2026-07-26,2026-08-08
F1435,2,sickness,2025-09-27,2025-10-07
F1435,1,calving,2026-04-29,
F1435,2,sickness,2026-05-27,2026-06-07
F1435,1,sickness,2026-09-13,2026-10-03
F1436,2,sickness,2025-11-06,2025-11-26
F1436,2,sickness,2026-02-01,2026-02-18
F1436,3,sickness,2026-02-12,2026-02-27
F1436,3,sickness,2026-03-23,2026-04-09
F1436,3,sickness,2026-04-24,2026-05-14
F1436,1,sickness,2026-05-10,2026-05-17
F1436,2,calving,2026-05-21,
F1436,1,sickness,2026-05-23,2026-06-03
F1436,3,calving,2026-06-24,
F1436,3,sickness,2026-08-19,2026-08-25
F1437,2,calving,2025-09-19,
F1437,1,sickness,2025-11-18,2025-11-28
F1437,1,calving,2026-05-28,
F1437,2,sickness,2026-07-01,2026-07-16
F1437,2,sickness,2026-07-22,2026-07-28
F1437,1,sickness,2026-08-02,2026-08-21
F1437,2,calving,2026-08-12,
F1438,1,sickness,2025-11-19,2025-11-29
F1438,1,sickness,2025-12-03,2025-12-19
F1438,1,sickness,2026-02-13,2026-02-19
F1438,1,sickness,2026-03-31,2026-04-16
F1438,1,sickness,2026-07-10,2026-07-24
F1438,1,sickness,2026-08-17,2026-09-04
F1438,1,calving,2026-08-22,
F1439,1,calving,2026-08-15,
F1440,1,sickness,2026-02-09,2026-02-15
F1440,1,calving,2026-07-24,
F1440,1,sickness,2026-08-19,2026-09-02
F1441,4,sickness,2025-10-25,2025-11-05
F1441,3,calving,2025-12-15,
F1441,4,calving,2025-12-30,
F1441,3,sickness,2026-03-04,2026-03-18
F1441,2,calving,2026-05-05,
F1441,2,sickness,2026-08-12,2026-08-27
F1441,1,calving,2026-08-20,
F1442,1,sickness,2025-11-28,2025-12-06
F1442,1,sickness,2025-12-14,2025-12-20
F1442,1,sickness,2026-01-22,2026-02-03
F1442,1,calving,2026-02-12,
F1442,1,sickness,2026-02-20,2026-03-03
F1443,1,calving,2026-04-02,
F1443,1,sickness,2026-04-05,2026-04-24
F1444,1,sickness,2026-04-05,2026-04-15
F1444,1,sickness,2026-04-17,2026-05-02
F1445,3,calving,2026-02-20,
F1445,3,sickness,2026-02-23,2026-03-10
F1445,1,sickness,2026-03-08,2026-03-23
F1445,1,sickness,2026-03-24,2026-03-30
F1445,2,sickness,2026-03-24,2026-04-03
F1445,2,calving,2026-05-12,
F1445,1,calving,2026-10-01,
F1446,1,sickness,2026-02-01,2026-02-20
F1446,1,sickness,2026-03-08,2026-03-16
F1446,1,calving,2026-07-06,
F1447,3,sickness,2025-10-09,2025-10-22
F1447,2,calving,2025-12-26,
F1447,3,calving,2026-02-14,
F1447,2,sickness,2026-02-26,2026-03-12
F1447,1,calving,2026-03-07,
F1447,1,sickness,2026-04-13,2026-04-28
F1447,2,sickness,2026-05-08,2026-05-16
F1447,1,sickness,2026-06-18,2026-07-07
F1447,2,sickness,2026-07-10,2026-07-24
F1447,2,sickness,2026-08-17,2026-08-30
F1447,1,sickness,2026-09-12,2026-09-25
F1448,2,sickness,2025-10-28,2025-11-07
F1448,1,sickness,2025-11-21,2025-11-29
F1448,1,sickness,2025-12-18,2026-01-05
F1448,1,calving,2026-02-19,
F1449,2,sickness,2025-10-10,2025-10-28
F1449,2,calving,2025-10-22,
F1449,2,sickness,2026-05-22,2026-06-10
F1449,1,calving,2026-08-15,
F1450,1,sickness,2026-03-18,2026-03-28
F1450,2,calving,2026-04-19,
F1450,2,sickness,2026-07-09,2026-07-29
F1450,2,sickness,2026-08-21,2026-09-08
F1451,1,calving,2025-10-03,
F1451,1,sickness,2026-02-13,2026-02-26
F1452,1,sickness,2025-09-23,2025-10-10
F1452,1,sickness,2026-01-20,2026-01-26
F1452,1,calving,2026-06-15,
F1452,1,sickness,2026-09-07,2026-09-27
F1453,3,sickness,2025-10-04,2025-10-17
F1453,5,calving,2026-01-18,
F1453,3,calving,2026-01-21,
F1453,3,sickness,2026-02-06,2026-02-25
F1453,5,sickness,2026-03-18,2026-03-26
F1453,2,sickness,2026-03-22,2026-04-07
F1453,4,sickness,2026-06-10,2026-06-30
F1453,2,sickness,2026-06-30,2026-07-07
F1453,1,calving,2026-08-02,
F1453,5,sickness,2026-08-13,2026-08-22
F1453,2,calving,2026-08-31,
F1453,4,calving,2026-09-15,
F1454,1,sickness,2025-11-06,2025-11-20
F1454,1,sickness,2025-12-02,2025-12-15
F1454,1,calving,2026-01-31,
F1455,1,calving,2025-11-02,
F1455,1,sickness,2025-11-23,2025-12-09
F1455,3,sickness,2026-01-29,2026-02-04
F1455,3,calving,2026-03-04,
F1455,4,sickness,2026-03-05,2026-03-14
F1455,4,sickness,2026-03-16,2026-03-27
F1455,4,sickness,2026-06-05,2026-06-15
F1455,2,sickness,2026-06-13,2026-06-27
F1455,4,calving,2026-07-01,
F1455,3,sickness,2026-08-04,2026-08-17
F1455,2,sickness,2026-09-14,2026-09-29
F1456,1,calving,2025-10-28,
F1456,2,sickness,2026-01-30,2026-02-19
F1456,1,sickness,2026-03-24,2026-04-10
F1456,1,sickness,2026-04-28,2026-05-05
F1456,2,calving,2026-09-04,
F1457,1,calving,2026-03-09,
F1457,1,sickness,2026-03-14,2026-03-28
F1457,1,sickness,2026-06-16,2026-06-28
F1458,2,sickness,2025-09-20,2025-10-06
F1458,2,sickness,2026-01-29,2026-02-06
F1458,2,sickness,2026-04-05,2026-04-12
F1458,1,calving,2026-08-12,
F1458,2,calving,2026-10-02,
F1459,2,sickness,2025-10-28,2025-11-09
F1459,2,sickness,2026-05-20,2026-05-30
F1459,1,sickness,2026-06-03,2026-06-09
F1459,2,calving,2026-06-06,
F1459,1,calving,2026-09-25,
F1460,2,sickness,2025-10-18,2025-11-06
F1460,1,calving,2025-12-05,
F1460,2,sickness,2025-12-07,2025-12-27
F1460,1,sickness,2026-03-25,2026-04-05
F1460,2,calving,2026-04-30,
F1460,2,sickness,2026-05-20,2026-05-31
F1460,1,sickness,2026-05-22,2026-06-09
F1460,1,sickness,2026-07-18,2026-08-06
F1460,2,sickness,2026-08-21,2026-09-03
F1461,2,sickness,2025-09-20,2025-10-02
F1461,2,sickness,2025-11-11,2025-11-30
F1461,2,sickness,2026-01-08,2026-01-24
F1461,2,sickness,2026-02-13,2026-03-02
F1461,1,sickness,2026-04-16,2026-04-27
F1461,2,calving,2026-06-23,
F1461,1,calving,2026-09-02,
F1462,1,sickness,2026-02-02,2026-02-10
F1462,2,sickness,2026-02-09,2026-02-23
F1462,1,calving,2026-03-29,
F1462,2,calving,2026-04-08,
F1462,1,sickness,2026-04-22,2026-05-09
F1462,2,sickness,2026-07-03,2026-07-14
F1463,2,calving,2025-11-29,
F1463,1,sickness,2026-02-25,2026-03-08
F1463,1,sickness,2026-07-20,2026-08-08
F1464,2,calving,2026-02-08,
F1464,1,calving,2026-09-23,
F1465,1,sickness,2025-11-12,2025-11-21
F1465,1,sickness,2025-11-25,2025-12-13
F1465,1,calving,2025-12-21,
F1465,2,sickness,2026-01-31,2026-02-06
F1465,2,calving,2026-06-01,
F1465,1,sickness,2026-07-03,2026-07-11
F1466,1,sickness,2025-09-18,2025-09-29
F1466,1,sickness,2026-01-12,2026-02-01
F1466,2,calving,2026-02-25,
F1466,2,sickness,2026-04-06,2026-04-25
F1466,1,calving,2026-09-11,
F1467,1,calving,2025-11-21,
F1467,3,sickness,2026-01-01,2026-01-15
F1467,4,sickness,2026-02-24,2026-03-02
F1467,3,sickness,2026-03-03,2026-03-20
F1467,2,sickness,2026-03-20,2026-04-07
F1467,4,sickness,2026-04-20,2026-05-09
F1467,4,calving,2026-07-10,
F1467,2,sickness,2026-08-15,2026-09-04
F1467,3,sickness,2026-09-18,2026-09-24
F1468,1,calving,2025-11-01,
F1469,4,sickness,2025-10-17,2025-10-26
F1469,3,calving,2025-10-22,
F1469,3,sickness,2025-12-09,2025-12-20
F1469,4,calving,2025-12-31,
F1469,2,sickness,2026-02-26,2026-03-12
F1469,1,calving,2026-03-01,
F1469,1,sickness,2026-03-25,2026-04-01
F1469,4,sickness,2026-04-03,2026-04-12
F1469,2,calving,2026-07-03,
F1469,1,sickness,2026-09-20,2026-09-26
F1470,3,calving,2025-09-16,
F1470,2,sickness,2025-09-22,2025-10-08
F1470,1,sickness,2025-11-12,2025-12-02
F1470,1,sickness,2025-12-13,2025-12-29
F1470,4,sickness,2026-01-29,2026-02-15
F1470,3,sickness,2026-05-03,2026-05-14
F1470,2,sickness,2026-06-22,2026-06-30
F1470,2,calving,2026-07-07,
F1470,2,sickness,2026-09-09,2026-09-22
F1470,4,sickness,2026-09-10,2026-09-16
F1470,1,calving,2026-09-21,
F1471,2,sickness,2025-10-03,2025-10-11
F1471,1,sickness,2026-02-01,2026-02-21
F1471,1,calving,2026-03-12,
F1471,1,sickness,2026-05-27,2026-06-03
F1471,2,calving,2026-05-27,
F1472,1,sickness,2025-10-09,2025-10-21
F1472,1,sickness,2025-11-09,2025-11-24
F1472,1,sickness,2026-05-18,2026-06-06
F1473,1,sickness,2025-10-29,2025-11-13
F1473,1,sickness,2026-03-18,2026-03-29
F1473,1,sickness,2026-04-01,2026-04-12
F1473,2,sickness,2026-04-08,2026-04-25
F1473,1,sickness,2026-05-22,2026-06-04
F1473,2,sickness,2026-06-03,2026-06-22
F1473,1,calving,2026-06-20,
F1473,2,calving,2026-09-04,
F1473,2,sickness,2026-10-03,2026-10-03
F1474,2,sickness,2026-01-16,2026-01-31
F1474,2,calving,2026-03-24,
F1474,2,sickness,2026-03-29,2026-04-16
F1474,1,calving,2026-07-23,
F1475,2,sickness,2025-09-16,2025-10-04
F1475,1,sickness,2025-10-29,2025-11-05
F1475,4,sickness,2026-04-11,2026-04-29
F1475,4,sickness,2026-05-25,2026-06-03
F1475,1,calving,2026-06-23,
F1475,4,calving,2026-08-22,
F1475,2,calving,2026-09-01,
F1475,2,sickness,2026-09-04,2026-09-24
F1475,3,calving,2026-09-12,
F1476,1,calving,2026-01-03,
F1476,2,sickness,2026-03-07,2026-03-22
F1476,2,calving,2026-04-04,
F1476,2,sickness,2026-04-23,2026-04-30
F1477,2,sickness,2025-11-26,2025-12-13
F1477,3,sickness,2026-02-15,2026-03-07
F1477,1,sickness,2026-03-11,2026-03-17
F1477,3,sickness,2026-05-19,2026-06-01
F1477,3,sickness,2026-06-23,2026-07-10
F1477,1,calving,2026-08-06,
F1477,3,calving,2026-09-25,
F1478,4,calving,2025-09-16,
F1478,2,sickness,2025-10-05,2025-10-22
F1478,2,calving,2026-01-18,
F1478,2,sickness,2026-01-27,2026-02-08
F1478,1,calving,2026-04-02,
F1478,2,sickness,2026-05-14,2026-05-23
F1478,3,sickness,2026-05-22,2026-06-05
F1478,4,sickness,2026-07-14,2026-08-01
F1478,3,calving,2026-08-03,
F1479,1,sickness,2026-03-25,2026-04-01
F1479,1,calving,2026-04-22,
F1479,1,sickness,2026-05-23,2026-06-09
F1479,1,sickness,2026-07-20,2026-08-07
F1480,1,sickness,2025-09-16,2025-09-22
F1480,2,calving,2025-10-24,
F1480,2,sickness,2026-01-11,2026-01-30
F1480,2,sickness,2026-03-11,2026-03-19
F1480,1,calving,2026-04-30,
F1480,1,sickness,2026-06-15,2026-06-22
F1481,1,calving,2026-03-19,
F1482,1,calving,2026-01-02,
F1482,1,sickness,2026-03-18,2026-03-25
F1482,1,sickness,2026-09-12,2026-09-25
F1483,1,calving,2025-12-03,
F1483,1,sickness,2026-04-09,2026-04-27
F1484,2,sickness,2026-01-10,2026-01-24
F1484,1,sickness,2026-01-21,2026-01-30
F1484,2,sickness,2026-02-14,2026-03-05
F1484,1,sickness,2026-05-21,2026-05-28
F1485,2,calving,2026-01-09,
F1485,1,sickness,2026-01-12,2026-01-27
F1485,1,calving,2026-03-11,
F1485,3,sickness,2026-03-28,2026-04-13
F1485,2,sickness,2026-05-29,2026-06-15
F1485,3,calving,2026-07-04,
F1485,4,calving,2026-07-23,
F1486,1,sickness,2025-09-28,2025-10-09
F1486,2,calving,2025-10-12,
F1486,1,calving,2026-03-24,
F1486,2,sickness,2026-03-24,2026-04-11
F1486,1,sickness,2026-07-27,2026-08-13
F1486,2,sickness,2026-08-24,2026-09-11
F1486,2,calving,2026-08-30,
F1487,2,sickness,2025-09-22,2025-10-08
F1487,1,sickness,2025-10-05,2025-10-20
F1487,1,calving,2025-10-16,
F1487,2,sickness,2025-11-11,2025-11-26
F1487,2,sickness,2026-01-06,2026-01-20
F1487,2,calving,2026-01-14,
F1487,1,sickness,2026-01-28,2026-02-16
F1487,1,sickness,2026-08-05,2026-08-22
F1487,2,sickness,2026-08-21,2026-09-02
F1488,2,sickness,2026-02-17,2026-02-26
F1488,1,calving,2026-06-07,
F1488,2,calving,2026-07-16,
F1489,1,calving,2025-11-05,
F1489,2,calving,2025-11-21,
F1489,2,sickness,2026-01-31,2026-02-08
F1489,2,sickness,2026-04-18,2026-04-25
F1490,3,sickness,2025-10-11,2025-10-20
F1490,1,calving,2025-11-15,
F1490,1,sickness,2025-12-27,2026-01-12
F1490,2,calving,2026-03-10,
F1490,3,calving,2026-06-09,
F1490,1,sickness,2026-08-07,2026-08-17
F1490,3,sickness,2026-09-15,2026-09-30
F1491,1,calving,2026-06-10,
F1491,1,sickness,2026-07-26,2026-08-09
F1492,1,sickness,2025-11-27,2025-12-10
F1492,1,sickness,2026-01-25,2026-02-06
F1492,1,calving,2026-06-18,
F1493,1,sickness,2025-11-01,2025-11-18
F1493,1,sickness,2026-02-02,2026-02-10
F1493,1,sickness,2026-03-17,2026-03-27
F1493,1,sickness,2026-06-23,2026-07-10
F1493,1,calving,2026-08-22,
F1493,1,sickness,2026-08-28,2026-09-12
F1494,1,calving,2025-12-15,
F1494,1,sickness,2026-02-12,2026-02-28
F1494,1,sickness,2026-07-23,2026-08-09
F1494,1,sickness,2026-08-22,2026-08-28
F1495,1,calving,2025-12-26,
F1495,1,sickness,2026-01-16,2026-01-28
F1495,1,sickness,2026-03-31,2026-04-07
F1495,1,sickness,2026-04-19,2026-05-01
F1496,1,calving,2025-11-12,
F1496,1,sickness,2026-07-22,2026-08-06
F1496,1,sickness,2026-08-18,2026-08-30
F1496,1,sickness,2026-09-29,2026-10-03
F1497,1,sickness,2025-10-27,2025-11-16
F1497,1,calving,2026-03-02,
F1498,1,sickness,2026-03-26,2026-04-10
F1498,1,sickness,2026-04-14,2026-04-22
F1499,1,calving,2025-09-22,
F1499,1,calving,2026-09-26,
F1500,2,calving,2025-10-26,
F1500,2,sickness,2026-02-02,2026-02-08
F1500,3,calving,2026-02-22,
F1500,3,sickness,2026-05-06,2026-05-16
F1500,1,calving,2026-10-01,
F1501,1,sickness,2025-09-17,2025-10-07
F1501,1,calving,2025-10-06,
F1501,3,calving,2026-03-17,
F1501,1,sickness,2026-06-29,2026-07-09
F1501,2,calving,2026-07-24,
F1501,1,calving,2026-09-13,
F1502,1,calving,2026-08-28,
F1503,1,sickness,2025-10-13,2025-10-19
F1503,1,sickness,2025-10-28,2025-11-14
F1503,1,sickness,2026-02-12,2026-02-23
F1503,1,sickness,2026-04-18,2026-04-29
F1504,1,sickness,2025-09-26,2025-10-05
F1504,3,sickness,2026-04-08,2026-04-24
F1504,3,sickness,2026-05-26,2026-06-07
F1504,3,calving,2026-08-16,
F1504,3,sickness,2026-08-27,2026-09-16
F1504,2,calving,2026-08-31,
F1505,2,sickness,2025-09-16,2025-10-05
F1505,2,calving,2025-11-15,
F1505,1,calving,2025-12-22,
F1505,1,sickness,2026-01-09,2026-01-19
F1505,1,sickness,2026-02-18,2026-03-08
F1505,1,sickness,2026-05-25,2026-06-08
F1505,2,sickness,2026-06-08,2026-06-23
F1505,1,sickness,2026-07-31,2026-08-13
F1505,2,sickness,2026-08-22,2026-09-09
F1505,2,calving,2026-09-25,
F1506,1,sickness,2026-02-26,2026-03-06
F1506,1,sickness,2026-05-29,2026-06-11
F1507,1,sickness,2025-12-01,2025-12-08
F1507,1,sickness,2026-02-01,2026-02-09
F1507,1,sickness,2026-06-03,2026-06-20
F1507,1,calving,2026-08-01,
F1508,2,sickness,2025-12-29,2026-01-08
F1508,1,sickness,2026-02-08,2026-02-28
F1508,2,sickness,2026-03-11,2026-03-24
F1508,2,sickness,2026-04-09,2026-04-15
F1508,2,sickness,2026-05-18,2026-05-30
F1508,2,calving,2026-07-14,
F1508,3,calving,2026-07-15,
F1508,2,sickness,2026-08-24,2026-09-07
F1509,1,calving,2026-01-24,
F1509,1,sickness,2026-03-10,2026-03-16
F1509,2,calving,2026-04-29,
F1509,2,sickness,2026-05-24,2026-06-05
F1509,1,sickness,2026-06-01,2026-06-13
F1509,1,sickness,2026-07-28,2026-08-08
F1510,4,sickness,2025-11-12,2025-11-28
F1510,2,sickness,2025-12-08,2025-12-19
F1510,5,calving,2026-01-19,
F1510,4,sickness,2026-02-06,2026-02-21
F1510,4,calving,2026-02-13,
F1510,1,sickness,2026-03-08,2026-03-14
F1510,5,sickness,2026-03-13,2026-03-23
F1510,2,sickness,2026-05-10,2026-05-29
F1510,1,calving,2026-05-13,
F1510,2,sickness,2026-06-27,2026-07-15
F1510,3,calving,2026-08-01,
F1510,4,sickness,2026-09-20,2026-10-03
F1510,2,calving,2026-09-24,
F1511,1,sickness,2025-12-25,2026-01-02
F1511,2,sickness,2026-01-19,2026-02-08
F1511,2,sickness,2026-03-02,2026-03-19
F1511,2,sickness,2026-03-25,2026-04-05
F1511,2,sickness,2026-07-11,2026-07-20
F1511,2,calving,2026-07-18,
F1511,2,sickness,2026-09-14,2026-09-30
F1511,1,calving,2026-09-18,
F1512,1,sickness,2026-02-28,2026-03-11
F1512,1,calving,2026-03-25,
F1513,2,sickness,2025-09-28,2025-10-13
F1513,2,sickness,2026-02-01,2026-02-11
F1513,1,sickness,2026-02-15,2026-03-07
F1513,1,sickness,2026-05-14,2026-05-24
F1513,1,calving,2026-06-12,
F1513,2,sickness,2026-09-20,2026-10-03
F1514,1,calving,2026-02-22,
F1514,1,sickness,2026-07-25,2026-08-12
F1515,1,calving,2026-07-07,
F1515,1,sickness,2026-08-31,2026-09-09
F1516,1,sickness,2025-09-25,2025-10-12
F1516,4,sickness,2025-11-15,2025-11-25
F1516,3,sickness,2026-01-27,2026-02-08
F1516,2,sickness,2026-02-10,2026-02-18
F1516,3,sickness,2026-03-01,2026-03-07
F1516,2,sickness,2026-03-07,2026-03-14
F1516,3,calving,2026-04-22,
F1516,1,sickness,2026-05-16,2026-05-24
F1516,2,sickness,2026-05-18,2026-05-28
F1516,1,sickness,2026-06-04,2026-06-14
F1516,2,sickness,2026-06-09,2026-06-24
F1516,4,sickness,2026-06-23,2026-07-02
F1516,1,calving,2026-07-02,
F1516,2,calving,2026-08-05,
F1516,4,sickness,2026-08-12,2026-08-25
F1516,4,calving,2026-08-23,
F1516,2,sickness,2026-09-04,2026-09-22
F1517,1,calving,2026-02-18,
F1517,2,calving,2026-04-12,
F1517,1,sickness,2026-09-30,2026-10-03
F1518,1,sickness,2026-02-11,2026-02-25
F1518,1,sickness,2026-04-13,2026-04-28
F1518,1,calving,2026-05-13,
F1518,1,sickness,2026-07-18,2026-07-25
F1519,2,sickness,2025-12-15,2026-01-03
F1519,2,sickness,2026-02-27,2026-03-14
F1519,2,sickness,2026-04-07,2026-04-25
F1519,1,calving,2026-05-17,
F1519,2,sickness,2026-06-14,2026-06-26
F1519,2,calving,2026-07-10,
F1519,1,sickness,2026-07-14,2026-07-29
F1519,1,sickness,2026-08-17,2026-09-03
F1520,1,sickness,2025-09-16,2025-09-28
F1520,2,sickness,2025-11-18,2025-12-08
F1520,1,sickness,2026-01-11,2026-01-29
F1520,2,sickness,2026-01-11,2026-01-30
F1520,1,calving,2026-06-04,
F1520,2,calving,2026-06-27,
F1521,4,sickness,2025-11-04,2025-11-14
F1521,3,sickness,2026-04-10,2026-04-22
F1521,2,calving,2026-05-26,
F1521,4,calving,2026-05-28,
F1521,4,sickness,2026-06-13,2026-06-24
F1521,3,calving,2026-08-28,
F1522,2,calving,2025-12-01,
F1522,2,sickness,2026-01-16,2026-01-25
F1522,2,sickness,2026-07-23,2026-08-08
F1522,1,calving,2026-08-17,
F1523,1,sickness,2025-09-20,2025-09-30
F1523,1,calving,2026-01-08,
F1523,2,calving,2026-01-29,
F1523,1,sickness,2026-03-08,2026-03-22
F1523,2,sickness,2026-04-18,2026-04-26
F1523,1,sickness,2026-08-14,2026-08-31
F1524,3,calving,2025-10-10,
F1524,1,sickness,2025-10-16,2025-10-26
F1524,5,sickness,2025-10-16,2025-10-31
F1524,2,calving,2025-10-26,
F1524,5,sickness,2025-11-11,2025-11-17
F1524,1,sickness,2026-01-05,2026-01-12
F1524,5,sickness,2026-01-12,2026-01-21
F1524,2,sickness,2026-02-09,2026-02-28
F1524,1,sickness,2026-04-09,2026-04-23
F1524,1,sickness,2026-05-08,2026-05-18
F1524,5,calving,2026-05-14,
F1524,1,sickness,2026-08-17,2026-09-06
F1524,5,sickness,2026-08-20,2026-09-06
F1524,1,calving,2026-09-18,
F1524,5,sickness,2026-09-27,2026-10-03
F1525,5,sickness,2025-11-19,2025-12-09
F1525,1,calving,2025-11-25,
F1525,5,calving,2025-12-13,
F1525,4,calving,2025-12-28,
F1525,4,sickness,2025-12-29,2026-01-09
F1525,2,sickness,2026-01-31,2026-02-17
F1525,3,sickness,2026-01-31,2026-02-08
F1525,4,sickness,2026-02-26,2026-03-17
F1525,2,sickness,2026-03-05,2026-03-22
F1525,1,sickness,2026-04-19,2026-04-30
F1525,2,calving,2026-07-11,
F1525,2,sickness,2026-08-13,2026-08-21
F1525,5,sickness,2026-08-14,2026-08-24
F1525,5,sickness,2026-09-04,2026-09-15
F1527,5,calving,2025-11-10,
F1527,1,calving,2025-12-25,
F1527,4,sickness,2026-04-01,2026-04-15
F1527,1,sickness,2026-04-13,2026-04-25
F1527,3,sickness,2026-05-24,2026-06-06
F1527,2,sickness,2026-08-08,2026-08-24
F1527,3,sickness,2026-09-25,2026-10-03
F1528,2,sickness,2026-02-19,2026-03-03
F1528,1,calving,2026-03-13,
F1528,2,sickness,2026-03-22,2026-04-05
F1528,2,sickness,2026-06-25,2026-07-10
F1528,2,calving,2026-09-10,
F1529,1,sickness,2026-02-11,2026-02-21
F1529,1,calving,2026-04-02,
F1529,1,sickness,2026-04-09,2026-04-24
F1529,1,sickness,2026-07-24,2026-08-11
F1530,2,sickness,2025-09-28,2025-10-06
F1530,2,calving,2025-10-26,
F1530,3,calving,2026-02-25,
F1530,1,sickness,2026-03-14,2026-03-29
F1530,4,sickness,2026-03-20,2026-03-31
F1530,1,sickness,2026-04-07,2026-04-17
F1530,4,sickness,2026-04-15,2026-04-24
F1530,3,sickness,2026-05-14,2026-05-23
F1531,2,calving,2025-10-01,
F1531,1,sickness,2026-02-03,2026-02-13
F1531,1,sickness,2026-06-14,2026-06-21
F1531,1,calving,2026-07-21,
F1531,1,sickness,2026-08-15,2026-09-02
F1532,1,calving,2026-01-27,
F1532,1,sickness,2026-08-29,2026-09-08
F1533,2,sickness,2025-09-23,2025-10-05
F1533,3,sickness,2025-09-24,2025-10-02
F1533,3,sickness,2026-01-05,2026-01-23
F1533,3,calving,2026-03-24,
F1533,1,calving,2026-04-13,
F1533,2,sickness,2026-05-13,2026-05-20
F1533,3,sickness,2026-05-17,2026-05-29
F1533,3,sickness,2026-06-04,2026-06-13
F1533,2,calving,2026-06-05,
F1534,1,sickness,2025-10-15,2025-11-04
F1534,1,sickness,2026-04-25,2026-05-04
F1534,1,calving,2026-09-23,
F1535,1,calving,2025-10-17,
F1535,1,sickness,2026-06-12,2026-06-22
F1535,1,sickness,2026-08-08,2026-08-28
F1535,1,sickness,2026-09-05,2026-09-21
F1536,1,sickness,2025-10-06,2025-10-25
F1536,2,calving,2026-06-02,
F1536,1,sickness,2026-07-24,2026-08-08
F1536,1,sickness,2026-08-23,2026-09-11
F1536,1,calving,2026-09-03,
F1536,2,sickness,2026-10-02,2026-10-03
F1537,1,sickness,2026-03-15,2026-03-31
F1537,1,sickness,2026-08-11,2026-08-17
F1538,1,calving,2026-06-04,
F1539,2,sickness,2025-10-21,2025-10-28
F1539,2,sickness,2025-11-17,2025-12-04
F1539,2,sickness,2025-12-12,2025-12-24
F1539,2,calving,2026-03-03,
F1540,1,sickness,2026-02-15,2026-03-07
F1540,1,sickness,2026-04-05,2026-04-23
F1541,1,calving,2026-06-01,
F1542,5,sickness,2025-10-14,2025-10-31
F1542,2,sickness,2025-10-23,2025-11-08
F1542,5,sickness,2025-11-06,2025-11-16
F1542,3,sickness,2025-11-11,2025-11-26
F1542,2,sickness,2026-01-05,2026-01-24
F1542,4,calving,2026-02-04,
F1542,4,sickness,2026-03-17,2026-03-31
F1542,2,sickness,2026-06-16,2026-06-23
F1542,5,sickness,2026-07-09,2026-07-26
F1542,3,calving,2026-08-03,
F1542,3,sickness,2026-09-04,2026-09-17
F1542,1,calving,2026-09-26,
F1543,1,calving,2025-12-03,
F1543,1,sickness,2026-01-15,2026-01-25
F1544,1,sickness,2025-12-23,2026-01-11
F1544,1,sickness,2026-07-19,2026-08-07
F1544,1,calving,2026-09-21,
F1545,5,sickness,2025-10-07,2025-10-23
F1545,4,sickness,2025-10-21,2025-10-31
F1545,1,sickness,2025-11-29,2025-12-14
F1545,5,calving,2026-02-16,
F1545,2,calving,2026-03-18,
F1545,3,sickness,2026-06-01,2026-06-08
F1545,4,calving,2026-06-18,
F1545,3,calving,2026-07-10,
F1545,3,sickness,2026-08-08,2026-08-24
F1545,1,calving,2026-09-05,
F1545,3,sickness,2026-09-22,2026-09-28
F1545,4,sickness,2026-09-28,2026-10-03
F1546,3,sickness,2025-10-03,2025-10-12
F1546,4,sickness,2025-12-23,2026-01-12
F1546,2,sickness,2026-02-04,2026-02-19
F1546,4,sickness,2026-03-15,2026-03-28
F1546,1,calving,2026-03-25,
F1546,4,calving,2026-04-08,
F1546,2,calving,2026-07-01,
F1546,1,sickness,2026-07-09,2026-07-25
F1546,2,sickness,2026-07-16,2026-07-26
F1546,3,sickness,2026-08-07,2026-08-23
F1546,3,calving,2026-09-01,
F1546,1,sickness,2026-09-05,2026-09-14
F1546,3,sickness,2026-09-18,2026-09-25
F1547,1,sickness,2026-03-13,2026-03-26
F1547,1,calving,2026-04-28,
F1548,1,sickness,2026-01-26,2026-02-06
F1548,1,calving,2026-08-14,
F1549,1,calving,2026-07-03,
F1550,3,calving,2025-11-03,
F1550,2,sickness,2026-03-24,2026-04-03
F1550,2,calving,2026-05-04,
F1550,1,calving,2026-06-09,
F1550,3,calving,2026-09-21,
F1551,2,calving,2026-01-19,
F1551,1,calving,2026-08-16,
F1551,2,sickness,2026-09-28,2026-10-03
F1552,1,sickness,2026-02-04,2026-02-12
F1552,1,sickness,2026-04-08,2026-04-15
F1552,1,calving,2026-04-29,
F1553,2,sickness,2025-10-03,2025-10-09
F1553,2,sickness,2025-10-11,2025-10-29
F1553,2,sickness,2026-01-17,2026-02-05
F1553,2,calving,2026-02-07,
F1553,1,sickness,2026-03-12,2026-03-26
F1553,1,sickness,2026-05-11,2026-05-20
F1553,2,sickness,2026-08-02,2026-08-10
F1553,1,calving,2026-09-26,
F1554,1,calving,2025-11-24,
F1554,2,calving,2026-07-07,
F1555,1,calving,2026-02-11,
F1555,2,calving,2026-02-11,
F1555,1,sickness,2026-05-16,2026-05-22
F1555,2,sickness,2026-06-25,2026-07-03
F1556,2,sickness,2025-11-18,2025-11-29
F1556,2,sickness,2025-12-09,2025-12-27
F1556,1,sickness,2026-02-24,2026-03-10
F1556,2,calving,2026-04-09,
F1556,2,sickness,2026-08-12,2026-08-30
F1557,1,sickness,2025-09-22,2025-10-12
F1557,1,calving,2025-12-13,
F1557,1,sickness,2026-04-27,2026-05-16
F1558,1,calving,2025-10-02,
F1558,3,sickness,2025-11-08,2025-11-21
F1558,2,sickness,2025-11-09,2025-11-28
F1558,1,sickness,2026-01-10,2026-01-26
F1558,3,sickness,2026-02-05,2026-02-20
F1558,3,calving,2026-05-29,
F1558,3,sickness,2026-06-05,2026-06-21
F1558,2,calving,2026-06-26,
F1558,4,calving,2026-07-25,
F1558,3,sickness,2026-08-17,2026-08-26
F1558,1,calving,2026-09-29,
F1559,1,calving,2025-10-31,
F1559,1,sickness,2025-11-12,2025-11-27
F1559,2,sickness,2025-12-26,2026-01-02
F1559,1,sickness,2026-01-14,2026-02-02
F1559,2,calving,2026-06-18,
F1559,1,calving,2026-09-21,
F1560,1,calving,2025-10-24,
F1560,2,calving,2026-04-09,
F1560,1,sickness,2026-08-21,2026-09-06
F1561,2,sickness,2025-09-23,2025-10-07
F1561,2,calving,2025-12-31,
F1561,1,calving,2026-06-16,
F1561,1,sickness,2026-07-02,2026-07-16
F1561,1,sickness,2026-09-18,2026-10-01
F1562,1,calving,2026-08-27,
F1563,1,calving,2025-12-17,
F1564,1,sickness,2025-10-25,2025-11-03
F1564,2,sickness,2025-12-13,2025-12-22
F1564,2,sickness,2026-01-08,2026-01-24
F1564,1,sickness,2026-01-25,2026-02-07
F1564,2,calving,2026-05-21,
F1564,1,sickness,2026-06-30,2026-07-20
F1564,1,calving,2026-08-26,
F1565,2,sickness,2025-10-14,2025-10-24
F1565,2,calving,2025-12-02,
F1565,1,sickness,2026-01-28,2026-02-08
F1565,1,calving,2026-02-02,
F1565,1,sickness,2026-05-23,2026-06-01
F1566,2,sickness,2026-01-16,2026-01-31
F1566,1,sickness,2026-01-26,2026-02-06
F1566,1,calving,2026-01-30,
F1566,2,calving,2026-04-02,
F1566,2,sickness,2026-05-12,2026-05-28
F1566,2,sickness,2026-09-24,2026-10-03
F1567,2,sickness,2025-10-01,2025-10-12
F1567,1,sickness,2025-10-10,2025-10-26
F1567,2,sickness,2025-11-12,2025-12-01
F1567,2,calving,2025-12-17,
F1567,2,sickness,2026-03-22,2026-04-07
F1567,1,calving,2026-05-26,
F1567,1,sickness,2026-06-03,2026-06-18
F1568,1,sickness,2026-07-09,2026-07-17
F1568,2,sickness,2026-08-05,2026-08-25
F1568,1,calving,2026-08-19,
F1568,2,sickness,2026-09-09,2026-09-15
F1568,1,sickness,2026-09-16,2026-09-28
F1569,1,sickness,2026-02-14,2026-02-20
F1569,1,calving,2026-03-28,
F1569,1,sickness,2026-04-02,2026-04-11
F1569,1,sickness,2026-05-17,2026-05-28
F1569,1,sickness,2026-09-18,2026-09-30
F1570,1,calving,2026-05-09,
F1570,1,sickness,2026-06-18,2026-07-01
F1571,1,sickness,2025-11-29,2025-12-05
F1571,1,calving,2025-12-01,
F1572,1,calving,2026-03-15,
F1572,1,sickness,2026-06-08,2026-06-28
F1573,1,calving,2026-03-03,
F1574,1,sickness,2025-11-25,2025-12-03
F1574,1,sickness,2025-12-04,2025-12-20
F1574,1,calving,2026-01-30,
F1574,1,sickness,2026-02-09,2026-02-27
F1574,1,sickness,2026-06-09,2026-06-18
F1576,2,sickness,2025-09-28,2025-10-06
F1576,1,calving,2025-10-16,
F1576,2,calving,2026-02-05,
F1576,1,sickness,2026-03-10,2026-03-27
F1576,3,calving,2026-05-16,
F1576,5,calving,2026-05-27,
F1576,3,sickness,2026-06-24,2026-07-07
F1576,1,sickness,2026-07-03,2026-07-17
F1576,5,sickness,2026-08-14,2026-08-30
F1576,4,calving,2026-09-07,
F1577,1,sickness,2025-09-24,2025-10-09
F1577,3,sickness,2025-10-18,2025-11-04
F1577,3,calving,2025-11-20,
F1577,2,sickness,2026-02-13,2026-02-19
F1577,2,sickness,2026-02-28,2026-03-12
F1577,1,calving,2026-03-09,
F1577,3,sickness,2026-06-22,2026-07-09
F1577,2,sickness,2026-07-01,2026-07-09
F1577,2,calving,2026-07-12,
F1577,3,sickness,2026-08-03,2026-08-15
F1578,1,calving,2026-07-04,
F1578,1,sickness,2026-08-22,2026-09-09
F1579,1,sickness,2025-11-21,2025-12-05
F1579,1,sickness,2026-03-06,2026-03-24
F1579,1,sickness,2026-04-07,2026-04-14
F1579,1,calving,2026-08-27,
F1579,1,sickness,2026-09-29,2026-10-03
F1580,2,sickness,2025-10-19,2025-10-31
F1580,1,sickness,2025-11-04,2025-11-21
F1580,2,sickness,2026-02-24,2026-03-10
F1580,1,calving,2026-06-21,
F1580,2,sickness,2026-07-17,2026-08-04
F1581,1,calving,2025-10-15,
F1581,2,calving,2025-10-18,
F1581,2,sickness,2025-12-21,2025-12-30
F1581,1,sickness,2026-03-15,2026-04-02
F1581,2,sickness,2026-04-09,2026-04-26
F1581,1,sickness,2026-05-07,2026-05-22
F1581,1,calving,2026-09-01,
F1582,1,sickness,2026-01-08,2026-01-24
F1582,1,calving,2026-04-15,
F1583,1,sickness,2025-10-30,2025-11-12
F1583,2,sickness,2026-01-26,2026-02-15
F1583,1,sickness,2026-03-09,2026-03-24
F1583,1,calving,2026-03-20,
F1583,1,sickness,2026-04-21,2026-05-07
F1583,2,calving,2026-06-24,
F1583,2,sickness,2026-08-08,2026-08-16
F1584,1,sickness,2025-10-18,2025-11-01
F1584,4,calving,2025-12-26,
F1584,1,sickness,2026-02-04,2026-02-11
F1584,2,calving,2026-06-25,
F1584,2,sickness,2026-08-03,2026-08-11
F1584,1,calving,2026-08-22,
F1584,4,sickness,2026-08-27,2026-09-15
F1584,3,calving,2026-09-04,
F1584,3,sickness,2026-09-22,2026-10-03
F1585,1,calving,2025-10-10,
F1585,1,sickness,2025-11-04,2025-11-16
F1585,4,calving,2025-12-08,
F1585,5,calving,2026-02-01,
F1585,3,sickness,2026-03-12,2026-03-26
F1585,2,calving,2026-04-18,
F1585,3,sickness,2026-04-25,2026-05-04
F1585,5,sickness,2026-05-20,2026-06-03
F1585,4,sickness,2026-05-26,2026-06-05
F1585,1,sickness,2026-08-31,2026-09-17
F1586,1,calving,2026-01-11,
F1586,1,sickness,2026-05-13,2026-06-02
F1586,1,sickness,2026-06-19,2026-06-29
F1587,2,calving,2026-02-04,
F1587,1,calving,2026-05-04,
F1588,1,sickness,2025-12-28,2026-01-10
F1588,1,sickness,2026-02-02,2026-02-11
F1588,1,calving,2026-09-29,
F1589,1,calving,2025-09-22,
F1589,4,sickness,2025-11-13,2025-12-02
F1589,4,calving,2025-12-07,
F1589,2,calving,2026-02-17,
F1589,3,sickness,2026-02-25,2026-03-11
F1589,1,sickness,2026-09-01,2026-09-07
F1590,1,sickness,2025-09-18,2025-10-07
F1590,2,calving,2026-01-16,
F1590,2,sickness,2026-07-12,2026-07-30
F1590,1,sickness,2026-08-10,2026-08-16
F1591,1,calving,2026-02-08,
F1591,1,sickness,2026-06-16,2026-06-24
F1591,1,sickness,2026-07-02,2026-07-12
F1591,1,sickness,2026-07-30,2026-08-08
F1592,2,sickness,2026-01-12,2026-01-26
F1592,1,sickness,2026-02-10,2026-02-18
F1592,1,calving,2026-02-12,
F1592,2,sickness,2026-04-21,2026-05-08
F1592,1,sickness,2026-06-11,2026-06-27
F1592,2,calving,2026-06-14,
F1592,1,sickness,2026-07-26,2026-08-12
F1593,2,calving,2026-03-22,
F1593,2,sickness,2026-04-09,2026-04-17
F1593,1,calving,2026-09-09,
F1593,1,sickness,2026-09-15,2026-10-02
F1593,2,sickness,2026-10-02,2026-10-03
F1594,3,sickness,2025-09-25,2025-10-01
F1594,2,sickness,2025-10-12,2025-10-21
F1594,3,calving,2025-11-07,
F1594,3,sickness,2025-11-13,2025-11-23
F1594,1,calving,2026-02-06,
F1594,1,sickness,2026-05-17,2026-05-27
F1594,2,calving,2026-06-22,
F1594,1,sickness,2026-08-11,2026-08-17
F1595,2,sickness,2025-09-28,2025-10-06
F1595,1,sickness,2025-09-30,2025-10-12
F1595,3,calving,2025-10-03,
F1595,4,sickness,2025-12-05,2025-12-13
F1595,2,calving,2026-01-13,
F1595,2,sickness,2026-03-19,2026-03-26
F1595,5,calving,2026-04-21,
F1595,2,sickness,2026-05-15,2026-05-24
F1595,2,sickness,2026-08-13,2026-08-19
F1595,1,calving,2026-08-25,
F1595,3,calving,2026-08-27,
F1595,4,calving,2026-09-08,
F1595,3,sickness,2026-09-16,2026-09-29
F1596,4,sickness,2025-10-12,2025-10-30
F1596,2,calving,2025-11-08,
F1596,4,sickness,2025-11-22,2025-12-03
F1596,1,sickness,2025-11-27,2025-12-11
F1596,2,sickness,2025-12-03,2025-12-19
F1596,1,calving,2025-12-16,
F1596,3,calving,2025-12-16,
F1596,5,sickness,2025-12-29,2026-01-18
F1596,3,sickness,2026-01-20,2026-02-05
F1596,5,calving,2026-01-20,
F1596,1,sickness,2026-01-21,2026-02-07
F1596,3,sickness,2026-02-17,2026-02-24
F1596,2,sickness,2026-03-13,2026-03-29
F1596,3,sickness,2026-03-19,2026-03-31
F1596,4,calving,2026-04-27,
F1596,3,sickness,2026-05-12,2026-05-30
F1596,3,sickness,2026-07-01,2026-07-17
F1596,4,sickness,2026-07-21,2026-08-07
F1597,2,calving,2025-11-06,
F1597,2,sickness,2026-05-02,2026-05-22
F1597,1,calving,2026-05-06,
F1597,2,sickness,2026-08-13,2026-08-25
F1598,2,calving,2025-12-09,
F1598,1,calving,2026-07-22,
F1599,1,sickness,2025-09-23,2025-10-06
F1599,1,sickness,2025-10-18,2025-11-01
F1599,1,sickness,2026-01-18,2026-01-25
F1599,1,sickness,2026-01-27,2026-02-12
F1599,3,calving,2026-04-07,
F1599,2,calving,2026-04-10,
F1599,2,sickness,2026-05-19,2026-06-05
F1599,1,sickness,2026-07-11,2026-07-17
F1599,1,calving,2026-09-12,
F1600,1,sickness,2025-09-19,2025-09-29
F1600,4,sickness,2025-09-23,2025-10-08
F1600,2,sickness,2025-11-07,2025-11-14
F1600,1,sickness,2025-12-04,2025-12-21
F1600,2,sickness,2025-12-24,2025-12-31
F1600,1,calving,2026-05-13,
F1600,4,calving,2026-06-16,
F1600,2,sickness,2026-08-09,2026-08-21
F1600,1,sickness,2026-09-08,2026-09-20
F1601,1,calving,2025-10-26,
F1601,2,sickness,2026-03-08,2026-03-25
F1601,2,calving,2026-04-09,
F1601,2,sickness,2026-07-07,2026-07-13
F1602,2,sickness,2025-09-18,2025-09-25
F1602,2,sickness,2025-10-22,2025-10-29
F1602,3,sickness,2025-12-30,2026-01-15
F1602,4,sickness,2026-02-01,2026-02-12
F1602,2,calving,2026-02-22,
F1602,3,calving,2026-04-05,
F1602,4,calving,2026-04-06,
F1602,5,sickness,2026-04-18,2026-04-25
F1602,1,sickness,2026-05-10,2026-05-17
F1602,5,sickness,2026-06-10,2026-06-20
F1602,2,sickness,2026-06-19,2026-06-25
F1602,3,sickness,2026-07-16,2026-07-26
F1602,1,calving,2026-08-05,
F1602,5,sickness,2026-08-14,2026-08-28
F1602,3,sickness,2026-08-15,2026-08-26
F1602,5,calving,2026-08-18,
F1603,2,sickness,2025-10-14,2025-10-21
F1603,3,calving,2026-03-02,
F1603,2,sickness,2026-05-18,2026-05-25
F1603,3,sickness,2026-06-05,2026-06-21
F1603,2,calving,2026-07-31,
F1604,2,sickness,2025-12-06,2025-12-15
F1604,1,sickness,2025-12-27,2026-01-05
F1604,2,calving,2026-07-21,
F1604,1,calving,2026-09-23,
F1605,4,sickness,2025-11-22,2025-12-03
F1605,2,sickness,2025-12-04,2025-12-23
F1605,5,sickness,2025-12-26,2026-01-11
F1605,4,calving,2026-01-06,
F1605,1,sickness,2026-01-07,2026-01-26
F1605,4,sickness,2026-01-25,2026-01-31
F1605,3,calving,2026-01-26,
F1605,4,sickness,2026-02-06,2026-02-21
F1605,5,sickness,2026-03-24,2026-03-31
F1605,1,calving,2026-04-28,
F1605,1,sickness,2026-05-27,2026-06-04
F1605,4,sickness,2026-07-23,2026-08-01
F1605,2,calving,2026-09-21,
F1606,1,sickness,2025-11-02,2025-11-08
F1606,2,calving,2026-01-12,
F1606,2,sickness,2026-02-22,2026-03-04
F1606,1,calving,2026-06-12,
F1606,2,sickness,2026-06-18,2026-06-24
F1606,2,sickness,2026-07-09,2026-07-20
F1607,1,sickness,2026-05-29,2026-06-10
F1607,1,sickness,2026-07-18,2026-07-30
F1607,1,calving,2026-09-08,
F1608,1,sickness,2025-10-05,2025-10-23
F1608,1,sickness,2026-01-23,2026-02-09
F1608,1,calving,2026-05-26,
F1609,1,sickness,2025-12-02,2025-12-14
F1609,1,sickness,2025-12-29,2026-01-15
F1609,1,sickness,2026-05-07,2026-05-24
F1610,1,calving,2026-02-20,
F1610,2,sickness,2026-03-04,2026-03-23
F1610,2,sickness,2026-04-11,2026-05-01
F1610,2,calving,2026-09-05,
F1611,4,sickness,2025-09-16,2025-10-02
F1611,2,calving,2025-12-08,
F1611,3,calving,2025-12-27,
F1611,1,calving,2026-01-24,
F1611,4,calving,2026-02-25,
F1611,3,sickness,2026-04-08,2026-04-16
F1611,4,sickness,2026-07-24,2026-08-07
F1611,1,sickness,2026-09-20,2026-09-26
F1612,2,sickness,2025-10-19,2025-10-30
F1612,2,calving,2026-06-22,
F1612,1,sickness,2026-07-07,2026-07-15
F1612,1,sickness,2026-08-26,2026-09-07
F1612,1,calving,2026-09-19,
F1613,1,calving,2026-02-05,
F1613,1,sickness,2026-03-22,2026-04-03
F1613,1,sickness,2026-08-13,2026-08-22
F1614,1,calving,2025-10-30,
F1614,2,calving,2025-12-23,
F1614,2,sickness,2026-01-13,2026-01-23
F1614,2,sickness,2026-04-26,2026-05-02
F1614,1,sickness,2026-05-25,2026-06-11
F1615,1,sickness,2025-10-09,2025-10-21
F1615,1,sickness,2026-05-28,2026-06-15
F1615,1,calving,2026-08-07,
F1616,2,sickness,2025-09-27,2025-10-06
F1616,2,calving,2025-11-25,
F1616,3,calving,2026-04-05,
F1616,1,calving,2026-04-22,
F1616,1,sickness,2026-08-04,2026-08-13
F1616,1,sickness,2026-08-21,2026-09-02
F1617,1,sickness,2025-11-09,2025-11-27
F1617,3,calving,2025-12-03,
F1617,2,sickness,2026-02-09,2026-02-17
F1617,2,sickness,2026-04-12,2026-04-20
F1617,1,sickness,2026-05-07,2026-05-13
F1617,2,calving,2026-06-28,
F1617,2,sickness,2026-07-25,2026-08-12
F1617,1,calving,2026-08-23,
F1618,3,sickness,2025-11-28,2025-12-12
F1618,2,calving,2026-02-02,
F1618,3,sickness,2026-02-16,2026-03-08
F1618,1,sickness,2026-02-17,2026-03-09
F1618,1,calving,2026-02-22,
F1618,3,calving,2026-05-10,
F1618,1,sickness,2026-08-16,2026-09-05
F1618,3,sickness,2026-09-18,2026-09-29
F1619,2,sickness,2025-12-29,2026-01-05
F1619,2,sickness,2026-01-17,2026-02-01
F1619,2,sickness,2026-04-10,2026-04-22
F1619,2,sickness,2026-04-28,2026-05-05
F1619,1,sickness,2026-05-19,2026-06-04
F1619,2,calving,2026-05-19,
F1619,3,calving,2026-06-01,
F1619,3,sickness,2026-06-19,2026-07-05
F1619,1,sickness,2026-07-06,2026-07-25
F1619,3,sickness,2026-07-15,2026-07-30
F1619,1,sickness,2026-08-04,2026-08-18
F1619,1,sickness,2026-08-23,2026-09-01
F1620,2,sickness,2025-10-12,2025-11-01
F1620,2,sickness,2025-11-19,2025-11-30
F1620,2,sickness,2026-02-26,2026-03-05
F1620,2,sickness,2026-05-20,2026-06-07
F1620,2,calving,2026-06-15,
F1620,2,sickness,2026-07-13,2026-07-30
F1620,1,calving,2026-08-18,
F1621,1,calving,2026-09-26,
F1622,1,calving,2025-09-16,
F1622,1,sickness,2025-10-22,2025-10-28
F1622,1,sickness,2026-05-02,2026-05-11
F1623,2,sickness,2025-09-18,2025-10-07
F1623,2,sickness,2025-11-12,2025-11-26
F1623,1,sickness,2025-12-16,2026-01-04
F1623,3,sickness,2025-12-23,2026-01-03
F1623,2,calving,2026-04-15,
F1623,1,calving,2026-09-24,
F1624,3,sickness,2025-10-16,2025-11-05
F1624,3,sickness,2026-02-01,2026-02-09
F1624,3,sickness,2026-02-18,2026-03-09
F1624,2,calving,2026-03-09,
F1624,1,sickness,2026-07-27,2026-08-08
F1624,1,calving,2026-08-27,
F1624,3,calving,2026-09-13,
F1624,2,sickness,2026-09-27,2026-10-03
F1625,1,calving,2025-11-13,
F1625,1,sickness,2025-11-19,2025-12-05
F1625,2,sickness,2026-02-27,2026-03-16
F1625,1,sickness,2026-05-11,2026-05-24
F1625,2,sickness,2026-07-30,2026-08-14
F1625,2,calving,2026-08-29,
F1626,2,sickness,2025-09-29,2025-10-10
F1626,2,calving,2025-11-18,
F1626,1,sickness,2026-03-31,2026-04-16
F1626,2,sickness,2026-04-27,2026-05-09
F1626,2,sickness,2026-05-21,2026-06-07
F1626,1,calving,2026-09-04,
F1626,1,sickness,2026-09-20,2026-10-03
F1627,1,sickness,2026-04-24,2026-05-10
F1628,1,calving,2025-11-11,
F1628,1,sickness,2026-03-30,2026-04-19
F1629,3,sickness,2025-10-26,2025-11-02
F1629,2,sickness,2025-10-28,2025-11-17
F1629,3,calving,2026-01-21,
F1629,1,sickness,2026-01-31,2026-02-06
F1629,2,sickness,2026-04-13,2026-05-03
F1629,2,sickness,2026-05-21,2026-05-30
F1629,1,sickness,2026-07-17,2026-07-25
F1629,2,sickness,2026-08-20,2026-09-03
F1629,2,calving,2026-09-20,
F1629,1,sickness,2026-09-28,2026-10-03
F1629,1,calving,2026-09-29,
F1630,1,sickness,2025-10-25,2025-10-31
F1630,1,sickness,2025-11-01,2025-11-19
F1630,1,sickness,2026-03-12,2026-04-01
F1630,1,calving,2026-07-05,
F1630,2,calving,2026-07-09,
F1631,1,sickness,2026-05-12,2026-05-19
F1631,1,calving,2026-05-21,
F1631,2,sickness,2026-06-09,2026-06-15
F1632,1,calving,2025-10-18,
F1632,2,calving,2025-11-01,
F1632,1,sickness,2026-04-13,2026-05-01
F1632,1,sickness,2026-06-07,2026-06-24
F1633,1,sickness,2025-10-24,2025-11-08
F1633,1,sickness,2026-01-16,2026-01-24
F1633,1,sickness,2026-03-04,2026-03-16
F1633,1,calving,2026-06-16,
F1633,1,sickness,2026-07-16,2026-07-22
F1634,3,sickness,2025-12-06,2025-12-26
F1634,3,sickness,2025-12-29,2026-01-10
F1634,3,sickness,2026-01-28,2026-02-04
F1634,1,sickness,2026-04-14,2026-04-23
F1634,2,calving,2026-04-19,
F1634,2,sickness,2026-06-04,2026-06-18
F1634,1,calving,2026-06-09,
F1634,3,calving,2026-08-14,
F1634,1,sickness,2026-09-15,2026-10-01
F1635,1,sickness,2026-01-13,2026-01-22
F1635,1,calving,2026-05-22,
F1636,1,sickness,2026-01-18,2026-02-01
F1636,1,sickness,2026-06-25,2026-07-06
F1636,1,calving,2026-07-17,
F1637,3,sickness,2025-10-13,2025-10-26
F1637,2,sickness,2025-10-14,2025-10-29
F1637,2,sickness,2025-11-05,2025-11-15
F1637,3,sickness,2025-11-14,2025-11-23
F1637,1,sickness,2025-11-25,2025-12-13
F1637,4,sickness,2025-12-29,2026-01-14
F1637,2,sickness,2026-02-14,2026-03-02
F1637,3,calving,2026-02-21,
F1637,4,calving,2026-04-22,
F1637,4,sickness,2026-07-10,2026-07-28
F1637,2,calving,2026-09-29,
F1638,1,calving,2026-02-09,
F1638,1,sickness,2026-02-18,2026-03-09
F1638,1,sickness,2026-06-05,2026-06-25
F1638,1,sickness,2026-07-20,2026-08-01
F1639,2,sickness,2025-10-18,2025-11-01
F1639,2,sickness,2026-02-04,2026-02-23
F1639,2,calving,2026-02-17,
F1639,1,sickness,2026-04-04,2026-04-15
F1639,2,sickness,2026-04-18,2026-05-03
F1639,1,sickness,2026-07-24,2026-08-13
F1640,1,sickness,2025-10-28,2025-11-10
F1640,1,sickness,2026-08-06,2026-08-19
F1641,3,calving,2025-11-20,
F1641,2,sickness,2025-12-24,2025-12-30
F1641,2,sickness,2026-02-10,2026-02-17
F1641,1,calving,2026-04-24,
F1641,2,sickness,2026-04-27,2026-05-04
F1641,1,sickness,2026-05-16,2026-05-22
F1641,3,sickness,2026-06-23,2026-06-29
F1641,2,calving,2026-08-14,
F1642,1,sickness,2025-12-29,2026-01-13
F1642,1,sickness,2026-03-11,2026-03-28
F1642,2,calving,2026-04-30,
F1642,1,calving,2026-08-27,
F1642,1,sickness,2026-09-24,2026-10-03
F1643,1,sickness,2025-10-22,2025-11-08
F1643,1,sickness,2025-12-18,2025-12-25
F1643,1,calving,2026-06-19,
F1644,1,calving,2026-09-25,
F1645,2,sickness,2025-10-22,2025-11-10
F1645,2,calving,2025-12-30,
F1645,4,sickness,2026-01-09,2026-01-27
F1645,4,sickness,2026-03-14,2026-04-03
F1645,3,calving,2026-03-30,
F1645,5,sickness,2026-04-10,2026-04-27
F1645,4,sickness,2026-06-13,2026-07-01
F1645,4,sickness,2026-07-28,2026-08-14
F1645,4,calving,2026-08-11,
F1646,1,sickness,2026-04-05,2026-04-19
F1647,2,calving,2025-10-02,
F1647,1,sickness,2025-10-09,2025-10-23
F1647,3,sickness,2025-10-28,2025-11-12
F1647,5,calving,2025-12-23,
F1647,3,sickness,2026-01-13,2026-01-19
F1647,4,sickness,2026-01-21,2026-02-03
F1647,4,sickness,2026-02-12,2026-02-26
F1647,3,sickness,2026-03-05,2026-03-13
F1647,2,sickness,2026-05-03,2026-05-09
F1647,3,sickness,2026-05-14,2026-05-29
F1647,4,calving,2026-06-30,
F1647,4,sickness,2026-07-17,2026-07-27
F1647,3,calving,2026-08-09,
F1647,1,calving,2026-09-21,
F1647,5,sickness,2026-09-29,2026-10-03
F1648,3,calving,2026-01-02,
F1648,1,sickness,2026-01-29,2026-02-11
F1648,1,calving,2026-05-17,
F1648,3,sickness,2026-06-09,2026-06-26
F1648,1,sickness,2026-06-28,2026-07-16
F1648,1,sickness,2026-08-27,2026-09-14
F1649,3,calving,2025-10-19,
F1649,1,calving,2025-11-15,
F1649,3,sickness,2025-12-11,2025-12-22
F1649,3,sickness,2025-12-26,2026-01-09
F1649,1,sickness,2026-09-13,2026-09-21
F1650,2,sickness,2025-11-02,2025-11-11
F1650,1,sickness,2025-12-20,2025-12-29
F1650,2,sickness,2026-03-28,2026-04-11
F1650,1,sickness,2026-05-01,2026-05-08
F1650,2,calving,2026-06-28,
F1650,1,calving,2026-06-30,
F1651,3,calving,2025-12-13,
F1651,1,sickness,2025-12-17,2025-12-25
F1651,3,sickness,2026-03-26,2026-04-02
F1651,2,calving,2026-04-18,
F1651,2,sickness,2026-06-02,2026-06-09
F1651,2,sickness,2026-08-08,2026-08-20
F1651,2,sickness,2026-09-01,2026-09-07
F1651,1,calving,2026-09-04,
F1652,1,calving,2025-10-18,
F1652,3,sickness,2025-11-28,2025-12-15
F1652,3,sickness,2026-03-15,2026-04-03
F1652,3,calving,2026-05-26,
F1652,3,sickness,2026-06-30,2026-07-09
F1652,2,calving,2026-07-25,
F1653,2,sickness,2025-10-10,2025-10-26
F1653,1,sickness,2026-01-19,2026-01-31
F1653,1,calving,2026-01-20,
F1653,2,sickness,2026-05-14,2026-06-02
F1653,1,sickness,2026-07-02,2026-07-12
F1653,1,sickness,2026-08-02,2026-08-08
F1653,1,sickness,2026-08-29,2026-09-07
F1653,2,sickness,2026-09-21,2026-10-01
F1653,2,calving,2026-10-01,
F1654,1,sickness,2025-11-05,2025-11-22
F1654,1,sickness,2025-11-27,2025-12-03
F1654,1,sickness,2026-05-28,2026-06-12
F1654,1,sickness,2026-06-26,2026-07-07
F1654,1,calving,2026-07-19,
F1655,1,sickness,2026-02-10,2026-02-26
F1655,1,sickness,2026-04-18,2026-04-24
F1655,1,calving,2026-08-26,
F1656,1,sickness,2025-10-31,2025-11-18
F1656,1,sickness,2025-12-26,2026-01-08
F1656,1,sickness,2026-08-25,2026-09-05
F1656,1,sickness,2026-09-19,2026-10-01
F1657,1,calving,2026-02-20,
F1657,1,sickness,2026-06-13,2026-06-29
F1658,1,sickness,2025-09-21,2025-10-10
F1658,1,sickness,2025-12-16,2026-01-04
F1658,1,sickness,2026-07-22,2026-08-01
F1658,1,sickness,2026-08-06,2026-08-12
F1659,2,sickness,2025-10-07,2025-10-24
F1659,2,sickness,2025-11-20,2025-11-27
F1659,1,sickness,2025-12-03,2025-12-19
F1659,2,sickness,2026-01-09,2026-01-18
F1659,2,sickness,2026-06-14,2026-06-30
F1659,1,calving,2026-08-12,
F1659,1,sickness,2026-08-28,2026-09-03
F1660,2,sickness,2025-10-01,2025-10-17
F1660,2,calving,2025-12-11,
F1660,1,sickness,2025-12-18,2026-01-07
F1660,1,calving,2026-04-29,
F1660,2,sickness,2026-06-19,2026-07-02
F1661,5,calving,2025-09-26,
F1661,2,calving,2025-10-14,
F1661,4,sickness,2026-02-03,2026-02-23
F1661,3,sickness,2026-03-06,2026-03-21
F1661,3,calving,2026-04-15,
F1661,4,calving,2026-05-26,
F1661,4,sickness,2026-05-29,2026-06-07
F1661,2,sickness,2026-06-08,2026-06-21
F1661,1,calving,2026-06-15,
F1661,3,sickness,2026-07-23,2026-08-10
F1662,2,sickness,2025-10-01,2025-10-18
F1662,3,sickness,2025-11-02,2025-11-18
F1662,3,calving,2025-12-14,
F1662,2,calving,2025-12-30,
F1662,2,sickness,2026-05-13,2026-06-01
F1662,1,calving,2026-06-14,
F1662,1,sickness,2026-09-05,2026-09-20
F1662,2,sickness,2026-09-07,2026-09-13
F1662,1,sickness,2026-10-03,2026-10-03
F1663,3,sickness,2025-10-23,2025-10-31
F1663,4,calving,2025-11-26,
F1663,2,calving,2025-11-28,
F1663,3,calving,2026-04-05,
F1663,2,sickness,2026-05-05,2026-05-24
F1663,1,calving,2026-06-01,
F1663,2,sickness,2026-06-18,2026-06-26
F1663,2,sickness,2026-08-22,2026-08-31
F1664,2,sickness,2026-01-03,2026-01-12
F1664,2,calving,2026-03-22,
F1664,2,sickness,2026-07-12,2026-07-26
F1664,2,sickness,2026-08-03,2026-08-21
F1665,1,sickness,2025-10-22,2025-10-28
F1665,1,sickness,2025-12-03,2025-12-15
F1665,1,sickness,2026-01-23,2026-02-04
F1665,1,calving,2026-07-07,
F1666,1,sickness,2025-10-14,2025-10-22
F1666,2,calving,2025-10-24,
F1666,2,sickness,2025-11-21,2025-12-01
F1666,1,sickness,2026-03-03,2026-03-18
F1666,2,sickness,2026-03-21,2026-04-03
F1666,1,calving,2026-04-22,
F1666,2,sickness,2026-05-31,2026-06-12
F1666,1,sickness,2026-06-25,2026-07-14
F1667,1,calving,2026-06-03,
F1668,1,sickness,2025-10-03,2025-10-10
F1668,1,sickness,2025-11-08,2025-11-22
F1668,3,sickness,2025-11-27,2025-12-16
F1668,2,sickness,2025-12-23,2026-01-08
F1668,3,calving,2026-03-04,
F1668,3,sickness,2026-04-04,2026-04-18
F1668,3,sickness,2026-05-20,2026-05-27
F1668,3,sickness,2026-06-24,2026-07-06
F1668,2,sickness,2026-08-04,2026-08-24
F1668,1,sickness,2026-08-09,2026-08-23
F1668,2,calving,2026-08-09,
F1669,3,sickness,2025-10-04,2025-10-17
F1669,1,calving,2025-11-03,
F1669,2,calving,2025-12-19,
F1669,1,sickness,2026-01-21,2026-02-01
F1669,1,sickness,2026-04-24,2026-05-06
F1669,3,calving,2026-07-26,
F1669,1,sickness,2026-08-12,2026-08-27
F1670,2,sickness,2025-11-05,2025-11-14
F1670,1,calving,2025-12-27,
F1670,2,sickness,2026-02-08,2026-02-27
F1670,1,sickness,2026-05-09,2026-05-23
F1670,1,sickness,2026-07-06,2026-07-21
F1670,1,sickness,2026-08-23,2026-09-11
F1670,2,calving,2026-09-16,
F1671,2,calving,2025-11-12,
F1671,1,sickness,2026-01-15,2026-02-04
F1671,1,calving,2026-03-30,
F1671,2,sickness,2026-04-20,2026-05-05
F1672,1,sickness,2025-12-17,2025-12-23
F1672,1,sickness,2026-01-07,2026-01-17
F1672,1,calving,2026-07-26,
F1672,1,sickness,2026-08-30,2026-09-05
F1673,1,sickness,2025-12-19,2025-12-28
F1673,2,sickness,2026-01-18,2026-01-30
F1673,2,calving,2026-03-02,
F1673,2,sickness,2026-03-24,2026-04-07
F1673,2,sickness,2026-08-29,2026-09-05
F1673,1,sickness,2026-09-15,2026-10-03
F1673,2,sickness,2026-09-17,2026-10-03
F1673,1,calving,2026-09-29,
F1674,1,sickness,2025-10-15,2025-10-27
F1674,1,calving,2026-01-28,
F1674,1,sickness,2026-06-19,2026-07-01
F1674,1,sickness,2026-08-30,2026-09-10
F1674,1,sickness,2026-10-02,2026-10-03
F1675,1,calving,2025-10-24,
F1675,2,calving,2026-02-02,
F1676,2,sickness,2025-10-25,2025-11-11
F1676,1,sickness,2026-01-06,2026-01-21
F1676,2,calving,2026-03-09,
F1676,1,calving,2026-05-09,
F1676,3,calving,2026-05-25,
F1676,2,sickness,2026-08-09,2026-08-26
F1676,2,sickness,2026-09-03,2026-09-19
F1676,1,sickness,2026-09-04,2026-09-16
F1677,1,sickness,2026-03-25,2026-04-06
F1677,1,sickness,2026-07-13,2026-07-22
F1677,1,sickness,2026-07-28,2026-08-13
F1677,1,calving,2026-08-02,
F1678,1,sickness,2025-12-08,2025-12-25
F1678,1,sickness,2026-07-31,2026-08-08
F1678,1,calving,2026-07-31,
F1679,2,calving,2025-10-02,
F1679,1,sickness,2025-10-06,2025-10-14
F1679,2,sickness,2025-11-29,2025-12-17
F1679,1,sickness,2025-12-03,2025-12-10
F1679,3,sickness,2026-01-05,2026-01-18
F1679,1,sickness,2026-01-06,2026-01-20
F1679,1,sickness,2026-03-15,2026-03-30
F1679,1,calving,2026-07-09,
F1679,3,sickness,2026-07-15,2026-07-27
F1679,3,calving,2026-09-19,
F1679,2,calving,2026-10-02,
F1680,1,sickness,2025-12-24,2026-01-01
F1680,1,calving,2026-05-25,
F1680,1,sickness,2026-06-04,2026-06-19
F1681,1,calving,2025-09-26,
F1681,1,sickness,2026-06-14,2026-06-27
F1682,2,sickness,2025-10-25,2025-11-08
F1682,1,sickness,2025-11-29,2025-12-14
F1682,1,sickness,2026-06-19,2026-07-04
F1682,1,calving,2026-06-28,
F1682,2,sickness,2026-08-13,2026-09-02
F1682,2,calving,2026-09-09,
F1683,1,sickness,2026-01-19,2026-02-01
F1683,1,calving,2026-03-18,
F1683,1,sickness,2026-05-13,2026-05-27
F1684,4,sickness,2025-10-03,2025-10-16
F1684,3,sickness,2025-11-23,2025-12-02
F1684,3,calving,2026-02-16,
F1684,2,sickness,2026-02-21,2026-02-27
F1684,3,sickness,2026-03-01,2026-03-21
F1684,2,calving,2026-03-19,
F1684,1,sickness,2026-04-21,2026-05-03
F1684,1,sickness,2026-05-05,2026-05-18
F1684,3,sickness,2026-05-29,2026-06-17
F1684,1,sickness,2026-06-02,2026-06-14
F1684,4,sickness,2026-06-03,2026-06-14
F1684,4,calving,2026-06-10,
F1685,1,sickness,2025-09-18,2025-09-24
F1685,1,sickness,2025-10-06,2025-10-17
F1685,3,sickness,2026-01-09,2026-01-15
F1685,3,sickness,2026-03-19,2026-04-03
F1685,1,calving,2026-06-14,
F1685,3,calving,2026-07-13,
F1685,1,sickness,2026-07-25,2026-08-09
F1686,2,calving,2025-10-10,
F1686,2,sickness,2025-11-04,2025-11-22
F1686,1,calving,2025-12-24,
F1686,2,sickness,2026-03-23,2026-04-08
F1686,1,sickness,2026-03-25,2026-04-14
F1686,2,sickness,2026-06-02,2026-06-17
F1686,1,sickness,2026-07-27,2026-08-10
F1687,1,sickness,2026-01-21,2026-02-01
F1687,2,calving,2026-05-26,
F1687,2,sickness,2026-06-07,2026-06-22
F1687,1,sickness,2026-07-08,2026-07-22
F1687,2,sickness,2026-09-02,2026-09-15
F1688,1,calving,2026-01-06,
F1689,5,sickness,2025-10-22,2025-11-01
F1689,2,calving,2025-10-29,
F1689,1,sickness,2025-11-16,2025-11-28
F1689,5,sickness,2025-11-18,2025-12-04
F1689,2,sickness,2025-12-15,2026-01-03
F1689,3,sickness,2025-12-21,2026-01-04
F1689,4,sickness,2026-02-09,2026-02-27
F1689,4,calving,2026-03-18,
F1689,3,calving,2026-04-08,
F1689,5,calving,2026-05-13,
F1689,1,calving,2026-05-22,
F1689,1,sickness,2026-05-23,2026-06-05
F1689,3,sickness,2026-07-12,2026-07-28
F1689,1,sickness,2026-07-13,2026-08-02
F1689,1,sickness,2026-08-08,2026-08-15
F1689,5,sickness,2026-09-11,2026-09-28
F1690,1,sickness,2025-10-30,2025-11-17
F1690,1,sickness,2025-12-20,2025-12-30
F1690,1,calving,2026-03-14,
F1691,2,calving,2025-12-12,
F1691,1,calving,2026-07-25,
F1692,1,sickness,2026-01-15,2026-02-03
F1692,1,calving,2026-05-10,
F1692,1,sickness,2026-09-05,2026-09-22
F1693,2,sickness,2026-01-12,2026-01-18
F1694,2,sickness,2025-12-09,2025-12-20
F1694,2,calving,2026-02-14,
F1694,3,sickness,2026-04-23,2026-05-06
F1694,1,calving,2026-05-06,
F1694,3,calving,2026-08-26,
F1695,1,sickness,2025-09-19,2025-10-05
F1695,1,calving,2025-10-18,
F1695,2,calving,2025-12-28,
F1695,1,sickness,2026-07-23,2026-08-04
F1696,1,sickness,2026-02-23,2026-03-02
F1696,2,sickness,2026-03-09,2026-03-27
F1696,2,sickness,2026-04-28,2026-05-13
F1696,2,calving,2026-08-22,
F1697,1,calving,2025-11-14,
F1697,2,sickness,2026-01-04,2026-01-13
F1697,2,sickness,2026-01-31,2026-02-15
F1697,1,sickness,2026-02-07,2026-02-13
F1697,1,sickness,2026-02-24,2026-03-16
F1697,1,sickness,2026-04-11,2026-04-27
F1697,1,sickness,2026-08-14,2026-09-03
F1697,2,calving,2026-09-20,
F1698,1,sickness,2025-10-14,2025-10-24
F1698,2,calving,2026-01-18,
F1698,1,calving,2026-03-05,
F1698,2,sickness,2026-05-13,2026-05-25
F1699,1,sickness,2025-10-09,2025-10-19
F1699,2,sickness,2025-10-27,2025-11-06
F1699,1,sickness,2025-12-19,2026-01-07
F1699,1,calving,2026-03-12,
F1699,1,sickness,2026-03-26,2026-04-10
F1699,2,calving,2026-07-01,
F1699,1,sickness,2026-08-27,2026-09-06
F1699,2,sickness,2026-09-09,2026-09-15
F1700,1,sickness,2025-12-03,2025-12-11
F1700,1,calving,2026-08-10,
F1700,1,sickness,2026-09-25,2026-10-03
F1701,2,calving,2025-11-03,
F1701,2,sickness,2025-12-26,2026-01-11
F1701,1,sickness,2026-01-12,2026-01-28
F1701,1,calving,2026-02-18,
F1701,1,sickness,2026-03-30,2026-04-07
F1701,1,sickness,2026-04-22,2026-05-05
F1702,1,sickness,2026-05-03,2026-05-17
F1702,1,sickness,2026-08-09,2026-08-28
F1703,2,calving,2025-11-20,
F1703,1,sickness,2025-12-22,2026-01-10
F1703,2,sickness,2026-02-07,2026-02-19
F1703,2,sickness,2026-02-23,2026-03-13
F1703,1,sickness,2026-04-04,2026-04-19
F1703,3,sickness,2026-04-10,2026-04-30
F1703,2,sickness,2026-06-28,2026-07-06
F1703,3,calving,2026-07-11,
F1703,1,calving,2026-07-20,
F1704,1,calving,2026-02-15,
F1704,1,sickness,2026-05-11,2026-05-24
F1704,2,calving,2026-08-16,
F1704,3,sickness,2026-09-14,2026-09-25
F1704,3,calving,2026-10-01,
F1705,1,sickness,2026-05-20,2026-06-06
F1705,1,calving,2026-08-15,
F1705,1,sickness,2026-08-20,2026-09-03
F1706,1,calving,2026-02-02,
F1706,1,sickness,2026-05-01,2026-05-10
F1706,1,sickness,2026-08-18,2026-09-01
F1706,1,sickness,2026-09-25,2026-10-03
F1707,1,sickness,2025-10-28,2025-11-11
F1707,1,sickness,2025-11-27,2025-12-11
F1707,1,calving,2026-02-07,
F1708,2,sickness,2025-10-07,2025-10-16
F1708,1,sickness,2025-11-06,2025-11-25
F1708,2,calving,2026-01-15,
F1708,1,sickness,2026-03-20,2026-03-28
F1708,1,sickness,2026-09-12,2026-09-20
F1708,1,sickness,2026-09-28,2026-10-03
F1709,1,sickness,2025-11-14,2025-12-01
F1709,1,sickness,2026-02-05,2026-02-13
F1709,1,sickness,2026-02-28,2026-03-08
F1709,2,sickness,2026-03-29,2026-04-14
F1709,1,sickness,2026-03-31,2026-04-14
F1709,1,calving,2026-04-25,
F1709,2,calving,2026-06-09,
F1709,2,sickness,2026-07-30,2026-08-14
F1710,1,calving,2025-11-05,
F1710,1,sickness,2025-11-27,2025-12-09
F1710,2,sickness,2025-12-22,2026-01-03
F1711,3,sickness,2025-10-06,2025-10-20
F1711,2,calving,2025-12-23,
F1711,3,sickness,2025-12-25,2026-01-11
F1711,3,sickness,2026-06-03,2026-06-18
F1711,3,sickness,2026-06-27,2026-07-03
F1711,2,sickness,2026-07-06,2026-07-12
F1711,3,calving,2026-07-29,
F1712,1,sickness,2026-01-08,2026-01-16
F1712,1,calving,2026-09-05,
F1713,1,sickness,2025-12-11,2025-12-30
F1713,1,calving,2025-12-16,
F1713,1,sickness,2026-03-22,2026-03-28
F1713,1,sickness,2026-05-09,2026-05-15
F1714,1,sickness,2025-10-15,2025-11-02
F1714,2,sickness,2025-11-20,2025-12-03
F1714,2,sickness,2026-01-02,2026-01-20
F1714,1,sickness,2026-03-20,2026-04-06
F1714,2,sickness,2026-07-14,2026-08-02
F1714,1,calving,2026-07-24,
F1714,1,sickness,2026-08-02,2026-08-21
F1715,2,sickness,2025-12-18,2025-12-27
F1715,1,sickness,2026-01-10,2026-01-30
F1715,1,calving,2026-02-23,
F1715,2,sickness,2026-07-29,2026-08-11
F1715,3,sickness,2026-09-11,2026-09-20
F1716,1,sickness,2026-01-08,2026-01-15
F1716,1,calving,2026-01-22,
F1716,1,sickness,2026-03-06,2026-03-20
F1717,1,sickness,2026-03-31,2026-04-20
F1717,1,sickness,2026-06-16,2026-06-22
F1717,1,calving,2026-07-18,
F1717,1,sickness,2026-09-10,2026-09-24
F1718,1,calving,2025-11-04,
F1718,1,sickness,2026-08-26,2026-09-04
F1719,5,sickness,2025-11-14,2025-11-21
F1719,1,calving,2025-12-01,
F1719,3,calving,2025-12-09,
F1719,2,calving,2025-12-30,
F1719,3,sickness,2025-12-30,2026-01-10
F1719,1,sickness,2026-01-20,2026-01-28
F1719,5,sickness,2026-03-30,2026-04-17
F1719,5,sickness,2026-06-22,2026-07-06
F1719,5,calving,2026-06-24,
F1719,3,sickness,2026-07-15,2026-07-29
F1720,1,calving,2025-12-03,
F1720,2,calving,2026-01-17,
F1720,1,sickness,2026-04-05,2026-04-24
F1720,2,sickness,2026-09-20,2026-09-29
F1721,1,calving,2025-10-16,
F1721,3,sickness,2026-01-04,2026-01-18
F1721,2,sickness,2026-01-05,2026-01-21
F1721,2,sickness,2026-02-27,2026-03-06
F1721,4,calving,2026-03-07,
F1721,1,sickness,2026-03-11,2026-03-24
F1721,3,calving,2026-03-11,
F1721,3,sickness,2026-06-21,2026-07-04
F1721,3,sickness,2026-07-14,2026-07-21
F1722,1,sickness,2026-01-26,2026-02-09
F1722,1,sickness,2026-04-07,2026-04-24
F1722,1,calving,2026-05-28,
F1723,1,calving,2025-09-23,
F1723,1,sickness,2026-01-25,2026-02-02
F1723,5,calving,2026-04-06,
F1723,4,calving,2026-05-15,
F1723,2,sickness,2026-07-19,2026-08-03
F1724,1,sickness,2025-10-09,2025-10-29
F1724,1,sickness,2025-11-11,2025-11-20
F1724,1,sickness,2025-12-23,2026-01-01
F1724,2,calving,2026-03-19,
F1724,1,calving,2026-08-17,
F1725,1,sickness,2025-10-12,2025-10-29
F1725,1,sickness,2025-12-14,2026-01-03
F1725,1,sickness,2026-01-16,2026-02-05
F1725,1,sickness,2026-06-06,2026-06-12
F1726,1,sickness,2025-10-28,2025-11-05
F1726,1,sickness,2025-11-27,2025-12-08
F1726,1,sickness,2026-01-08,2026-01-17
F1726,1,calving,2026-02-02,
F1727,1,sickness,2025-11-30,2025-12-10
F1727,2,calving,2026-02-12,
F1727,1,calving,2026-02-19,
F1728,2,calving,2025-10-21,
F1728,1,sickness,2025-11-03,2025-11-20
F1728,3,sickness,2025-11-08,2025-11-28
F1728,1,sickness,2025-12-05,2025-12-11
F1728,3,sickness,2026-01-02,2026-01-08
F1728,4,sickness,2026-01-12,2026-01-28
F1728,1,calving,2026-02-27,
F1728,4,calving,2026-03-30,
F1728,3,calving,2026-03-31,
F1728,2,sickness,2026-04-29,2026-05-19
F1728,2,sickness,2026-06-25,2026-07-15
F1729,3,calving,2025-12-01,
F1729,1,sickness,2025-12-21,2025-12-29
F1729,3,sickness,2026-01-18,2026-01-30
F1729,1,sickness,2026-03-24,2026-04-10
F1729,1,calving,2026-04-09,
F1729,2,calving,2026-06-17,
F1729,2,sickness,2026-06-19,2026-07-08
F1729,2,sickness,2026-08-21,2026-08-27
F1730,1,sickness,2025-10-29,2025-11-09
F1730,1,sickness,2025-11-25,2025-12-01
F1730,2,sickness,2025-12-04,2025-12-23
F1730,2,sickness,2026-01-10,2026-01-20
F1730,2,calving,2026-01-17,
F1730,1,sickness,2026-02-02,2026-02-19
F1730,2,sickness,2026-02-24,2026-03-05
F1730,1,calving,2026-08-25,
F1731,1,sickness,2025-10-16,2025-10-27
F1731,1,sickness,2025-11-29,2025-12-13
F1731,1,sickness,2026-02-25,2026-03-12
F1731,1,sickness,2026-05-31,2026-06-10
F1731,1,calving,2026-07-25,
F1731,1,sickness,2026-08-31,2026-09-10
F1732,1,sickness,2026-06-21,2026-07-03
F1732,1,calving,2026-06-21,
F1732,1,sickness,2026-08-23,2026-09-09
F1733,1,calving,2025-10-17,
F1733,1,sickness,2025-10-23,2025-11-11
F1733,2,sickness,2026-01-07,2026-01-25
F1733,1,sickness,2026-04-14,2026-04-25
F1733,1,sickness,2026-07-20,2026-07-27
F1733,1,sickness,2026-08-01,2026-08-20
F1733,2,sickness,2026-08-12,2026-08-20
F1733,1,sickness,2026-09-28,2026-10-03
F1734,2,calving,2025-12-16,
F1734,1,sickness,2026-02-22,2026-03-10
F1734,1,sickness,2026-03-24,2026-04-09
F1734,1,sickness,2026-05-31,2026-06-20
F1734,1,calving,2026-08-11,
F1734,2,sickness,2026-08-15,2026-09-02
F1735,1,sickness,2025-10-23,2025-11-05
F1735,1,sickness,2026-02-22,2026-03-07
F1735,1,sickness,2026-05-02,2026-05-14
F1735,1,calving,2026-05-22,
F1735,1,sickness,2026-07-10,2026-07-22
F1736,1,calving,2025-10-17,
F1736,2,sickness,2026-04-01,2026-04-19
F1736,2,calving,2026-07-01,
F1736,2,sickness,2026-08-12,2026-08-26
F1737,2,sickness,2026-01-03,2026-01-09
F1737,2,calving,2026-04-19,
F1737,2,sickness,2026-05-09,2026-05-27
F1737,1,sickness,2026-06-09,2026-06-24
F1737,1,sickness,2026-08-14,2026-08-24
F1737,2,sickness,2026-09-30,2026-10-03
F1737,1,calving,2026-10-03,
F1738,2,sickness,2025-09-30,2025-10-18
F1738,2,sickness,2025-10-19,2025-10-29
F1738,3,sickness,2025-11-27,2025-12-12
F1738,2,sickness,2026-02-18,2026-02-28
F1738,2,calving,2026-04-22,
F1738,1,calving,2026-07-17,
F1738,3,calving,2026-08-27,
F1739,1,sickness,2025-09-20,2025-10-06
F1739,1,sickness,2025-11-27,2025-12-03
F1739,1,sickness,2026-02-07,2026-02-18
F1739,1,sickness,2026-07-06,2026-07-19
F1739,1,calving,2026-08-24,
F1739,1,sickness,2026-09-19,2026-09-28
F1740,1,sickness,2025-12-16,2026-01-01
F1740,1,sickness,2026-01-03,2026-01-12
F1740,1,calving,2026-01-06,
F1740,2,sickness,2026-02-09,2026-02-26
F1740,3,calving,2026-03-29,
F1740,1,sickness,2026-05-07,2026-05-23
F1740,2,sickness,2026-09-12,2026-09-26
F1740,1,sickness,2026-09-28,2026-10-03
F1741,2,calving,2025-12-04,
F1741,1,calving,2026-01-08,
F1741,3,sickness,2026-02-05,2026-02-24
F1741,4,sickness,2026-02-12,2026-02-26
F1741,3,sickness,2026-02-28,2026-03-16
F1741,3,calving,2026-03-19,
F1741,2,sickness,2026-04-16,2026-05-01
F1741,4,calving,2026-06-15,
F1741,3,sickness,2026-06-19,2026-06-29
F1741,3,sickness,2026-07-29,2026-08-11
F1742,1,sickness,2025-10-28,2025-11-06
F1742,1,sickness,2026-03-31,2026-04-14
F1742,1,sickness,2026-06-19,2026-07-03
F1742,1,calving,2026-08-06,
F1742,1,sickness,2026-09-01,2026-09-21
F1743,1,sickness,2025-10-23,2025-11-01
F1743,1,calving,2026-03-20,
F1744,3,sickness,2025-09-25,2025-10-14
F1744,4,calving,2025-10-07,
F1744,2,sickness,2025-11-09,2025-11-24
F1744,2,calving,2026-01-02,
F1744,3,sickness,2026-02-28,2026-03-08
F1744,3,calving,2026-03-11,
F1744,2,sickness,2026-05-07,2026-05-20
F1744,1,calving,2026-08-05,
F1744,4,sickness,2026-08-30,2026-09-05
F1744,3,sickness,2026-09-11,2026-09-18
F1745,1,calving,2026-08-15,
F1746,1,calving,2025-09-28,
F1746,2,sickness,2026-01-10,2026-01-28
F1746,2,sickness,2026-02-03,2026-02-15
F1746,2,sickness,2026-02-26,2026-03-14
F1746,2,sickness,2026-04-06,2026-04-24
F1746,2,calving,2026-06-01,
F1747,2,calving,2025-12-18,
F1747,1,sickness,2026-03-07,2026-03-21
F1747,1,calving,2026-04-23,
F1747,1,sickness,2026-05-04,2026-05-16
F1747,1,sickness,2026-05-27,2026-06-13
F1747,1,sickness,2026-07-19,2026-07-25
F1748,2,sickness,2025-12-05,2025-12-19
F1748,2,sickness,2026-03-28,2026-04-08
F1748,1,calving,2026-05-10,
F1748,2,calving,2026-05-25,
F1749,2,calving,2026-03-19,
F1749,2,sickness,2026-05-26,2026-06-08
F1749,2,sickness,2026-09-02,2026-09-13
F1749,1,calving,2026-09-11,
F1750,3,sickness,2025-11-10,2025-11-16
F1750,3,sickness,2025-12-04,2025-12-11
F1750,1,sickness,2025-12-08,2025-12-20
F1750,2,calving,2025-12-17,
F1750,1,calving,2026-01-28,
F1750,1,sickness,2026-02-26,2026-03-17
F1750,2,sickness,2026-04-26,2026-05-14
F1750,4,calving,2026-05-04,
F1750,3,calving,2026-05-05,
F1751,1,calving,2025-11-26,
F1751,4,calving,2025-12-02,
F1751,2,sickness,2025-12-15,2025-12-26
F1751,4,sickness,2025-12-22,2026-01-11
F1751,3,sickness,2026-01-13,2026-01-23
F1751,1,sickness,2026-03-26,2026-04-10
F1751,2,sickness,2026-07-11,2026-07-29
F1751,4,sickness,2026-07-17,2026-07-30
F1751,3,calving,2026-08-08,
F1751,1,sickness,2026-09-16,2026-09-23
F1752,1,sickness,2025-12-14,2025-12-31
F1752,1,calving,2026-07-10,
F1753,2,sickness,2025-11-22,2025-12-09
F1753,2,calving,2026-06-09,
F1753,1,calving,2026-08-13,
F1754,1,sickness,2025-09-30,2025-10-11
F1754,1,calving,2025-11-17,
F1755,2,calving,2025-10-22,
F1755,1,sickness,2025-11-16,2025-11-25
F1755,2,sickness,2025-12-23,2026-01-05
F1755,2,sickness,2026-04-13,2026-05-03
F1755,1,sickness,2026-05-04,2026-05-17
F1755,2,sickness,2026-07-10,2026-07-18
F1755,1,sickness,2026-07-11,2026-07-20
F1756,1,sickness,2026-09-02,2026-09-21
F1757,1,sickness,2026-01-01,2026-01-11
F1757,1,calving,2026-03-16,
F1758,3,sickness,2025-10-15,2025-10-31
F1758,2,sickness,2025-11-08,2025-11-14
F1758,2,calving,2025-11-15,
F1758,1,calving,2025-12-04,
F1758,3,sickness,2026-04-27,2026-05-15
F1758,4,sickness,2026-05-04,2026-05-24
F1758,4,calving,2026-06-29,
F1758,4,sickness,2026-07-07,2026-07-23
F1758,3,calving,2026-07-13,
F1758,2,sickness,2026-07-15,2026-07-27
F1758,3,sickness,2026-07-31,2026-08-13
F1758,4,sickness,2026-09-11,2026-09-23
F1759,2,sickness,2025-09-17,2025-10-01
F1759,1,sickness,2025-10-07,2025-10-27
F1759,1,sickness,2025-11-14,2025-11-27
F1759,1,calving,2025-11-25,
F1759,2,sickness,2025-12-06,2025-12-22
F1759,2,calving,2026-07-28,
F1760,1,sickness,2025-11-30,2025-12-08
F1760,1,calving,2026-03-17,
F1760,1,sickness,2026-05-20,2026-05-30
F1761,1,sickness,2026-02-04,2026-02-14
F1761,1,calving,2026-04-14,
F1762,1,sickness,2025-12-03,2025-12-15
F1762,1,sickness,2025-12-17,2025-12-25
F1762,1,sickness,2026-01-09,2026-01-27
F1762,1,sickness,2026-05-04,2026-05-17
F1763,1,calving,2025-11-17,
F1763,2,calving,2025-12-17,
F1763,1,sickness,2026-01-04,2026-01-21
F1763,1,sickness,2026-03-06,2026-03-14
F1763,2,sickness,2026-05-15,2026-05-22
F1763,1,sickness,2026-06-10,2026-06-22
F1763,2,sickness,2026-07-07,2026-07-26
F1763,1,sickness,2026-09-03,2026-09-12
F1763,1,calving,2026-09-28,
F1764,1,sickness,2025-09-26,2025-10-14
F1764,1,calving,2026-01-07,
F1764,1,sickness,2026-03-10,2026-03-25
F1764,2,sickness,2026-07-30,2026-08-07
F1765,3,sickness,2025-10-02,2025-10-19
F1765,1,sickness,2025-12-11,2025-12-31
F1765,1,sickness,2026-01-16,2026-01-28
F1765,3,calving,2026-02-26,
F1765,1,calving,2026-07-06,
F1765,2,calving,2026-08-29,
F1765,2,sickness,2026-09-09,2026-09-20
F1766,1,calving,2026-01-27,
F1767,3,sickness,2025-09-21,2025-10-04
F1767,1,sickness,2025-11-06,2025-11-21
F1767,4,sickness,2025-12-15,2025-12-21
F1767,4,sickness,2025-12-27,2026-01-13
F1767,1,calving,2026-03-10,
F1767,4,calving,2026-04-20,
F1767,1,sickness,2026-05-01,2026-05-14
F1767,1,sickness,2026-06-20,2026-06-28
F1767,3,calving,2026-09-04,
F1768,2,sickness,2025-12-04,2025-12-16
F1768,2,calving,2025-12-16,
F1768,1,calving,2026-08-14,
F1768,2,sickness,2026-08-30,2026-09-17
F1769,1,sickness,2025-10-13,2025-10-28
F1769,1,sickness,2025-11-28,2025-12-16
F1769,1,calving,2026-03-02,
F1770,2,sickness,2025-12-09,2025-12-21
F1770,2,calving,2026-03-07,
F1770,1,sickness,2026-03-14,2026-03-27
F1770,2,sickness,2026-07-01,2026-07-15
F1770,1,sickness,2026-09-27,2026-10-03
F1771,1,sickness,2025-09-16,2025-10-05
F1771,1,calving,2025-10-07,
F1771,2,sickness,2025-11-27,2025-12-08
F1771,2,sickness,2025-12-29,2026-01-10
F1771,1,sickness,2026-02-13,2026-03-05
F1771,2,sickness,2026-05-11,2026-05-20
F1771,1,sickness,2026-05-17,2026-05-28
F1771,2,calving,2026-06-11,
F1771,1,sickness,2026-06-18,2026-06-30
F1772,2,calving,2025-12-02,
F1772,2,sickness,2026-01-05,2026-01-16
F1772,1,sickness,2026-02-11,2026-03-03
F1772,1,calving,2026-07-01,
F1772,2,sickness,2026-07-12,2026-07-21
F1772,2,sickness,2026-09-19,2026-10-01
F1773,2,sickness,2025-11-19,2025-12-08
F1773,1,sickness,2025-12-31,2026-01-06
F1773,2,calving,2026-03-28,
F1774,1,calving,2025-12-01,
F1775,1,calving,2026-04-06,
F1775,1,sickness,2026-09-10,2026-09-19
F1776,2,sickness,2025-11-12,2025-12-02
F1776,2,calving,2026-02-16,
F1776,3,calving,2026-02-24,
F1776,2,sickness,2026-03-23,2026-04-05
F1776,1,calving,2026-05-16,
F1777,3,sickness,2025-10-06,2025-10-22
F1777,4,sickness,2025-10-18,2025-10-29
F1777,5,sickness,2025-11-01,2025-11-16
F1777,1,calving,2025-12-12,
F1777,3,sickness,2025-12-12,2026-01-01
F1777,2,sickness,2025-12-25,2026-01-08
F1777,5,calving,2026-01-03,
F1777,3,sickness,2026-02-11,2026-02-26
F1777,1,sickness,2026-02-13,2026-03-01
F1777,2,sickness,2026-02-24,2026-03-12
F1777,1,sickness,2026-04-05,2026-04-15
F1777,2,sickness,2026-07-02,2026-07-12
F1777,1,sickness,2026-08-15,2026-08-30
F1777,2,sickness,2026-08-20,2026-09-04
F1777,4,sickness,2026-08-23,2026-09-07
F1777,3,sickness,2026-09-05,2026-09-11
F1777,4,calving,2026-09-22,
F1777,2,calving,2026-09-27,
F1778,1,sickness,2026-02-14,2026-02-21
F1779,3,sickness,2025-11-04,2025-11-14
F1779,2,calving,2026-03-01,
F1779,2,sickness,2026-04-06,2026-04-19
F1779,1,sickness,2026-04-18,2026-04-26
F1779,3,sickness,2026-06-12,2026-06-19
F1779,1,calving,2026-08-06,
F1780,1,sickness,2026-05-03,2026-05-19
F1780,1,calving,2026-07-01,
F1780,2,calving,2026-08-21,
F1781,1,calving,2025-12-02,
F1782,1,sickness,2025-10-08,2025-10-19
F1782,1,calving,2025-11-27,
F1782,1,sickness,2026-01-01,2026-01-17
F1783,1,sickness,2025-09-18,2025-10-08
F1783,1,calving,2025-11-17,
F1784,1,calving,2026-04-13,
F1784,1,sickness,2026-08-16,2026-08-23
F1785,2,sickness,2025-09-27,2025-10-09
F1785,2,sickness,2025-11-27,2025-12-08
F1785,2,calving,2025-12-15,
F1785,2,sickness,2025-12-18,2026-01-04
F1785,1,sickness,2026-03-25,2026-04-04
F1785,1,calving,2026-04-25,
F1785,1,sickness,2026-05-29,2026-06-14
F1785,1,sickness,2026-06-29,2026-07-18
F1785,1,sickness,2026-08-20,2026-08-28
F1785,1,sickness,2026-09-12,2026-09-19
F1786,1,sickness,2026-03-01,2026-03-09
F1786,1,calving,2026-07-03,
F1786,1,sickness,2026-09-11,2026-09-21
F1787,1,calving,2026-02-04,
F1787,1,sickness,2026-06-16,2026-06-28
F1787,1,sickness,2026-07-28,2026-08-10
F1788,1,sickness,2026-03-29,2026-04-06
F1788,1,sickness,2026-04-14,2026-04-26
F1788,1,calving,2026-06-02,
F1788,1,sickness,2026-08-18,2026-09-05
F1789,2,sickness,2025-09-17,2025-10-03
F1789,1,calving,2026-01-29,
F1789,2,calving,2026-06-30,
F1789,2,sickness,2026-08-20,2026-08-26
F1790,1,calving,2025-09-24,
F1790,1,sickness,2026-03-06,2026-03-13
F1790,2,sickness,2026-05-15,2026-05-24
F1790,2,sickness,2026-06-12,2026-07-02
F1790,2,calving,2026-06-16,
F1790,2,sickness,2026-09-28,2026-10-03
F1791,1,sickness,2025-10-26,2025-11-01
F1791,1,sickness,2026-03-24,2026-04-02
F1792,1,sickness,2025-10-10,2025-10-20
F1792,2,calving,2025-12-21,
F1792,1,sickness,2026-02-15,2026-03-07
F1792,2,sickness,2026-07-03,2026-07-16
F1792,1,sickness,2026-07-19,2026-07-25
F1792,2,sickness,2026-08-27,2026-09-11
F1794,1,calving,2025-12-02,
F1794,1,sickness,2025-12-07,2025-12-24
F1794,1,sickness,2026-01-03,2026-01-20
F1794,2,calving,2026-03-21,
F1794,3,calving,2026-03-29,
F1794,2,sickness,2026-07-18,2026-08-01
F1794,3,sickness,2026-09-19,2026-10-01
F1795,2,sickness,2025-09-28,2025-10-14
F1795,2,calving,2025-11-04,
F1795,1,sickness,2026-02-04,2026-02-17
F1795,1,calving,2026-04-22,
F1795,1,sickness,2026-05-01,2026-05-13
F1795,2,sickness,2026-08-02,2026-08-10
F1795,1,sickness,2026-09-27,2026-10-03
F1796,2,calving,2025-10-11,
F1796,1,sickness,2025-11-14,2025-12-03
F1796,1,calving,2026-09-25,
F1797,1,calving,2026-02-23,
F1797,1,sickness,2026-03-06,2026-03-22
F1797,1,sickness,2026-04-02,2026-04-09
F1798,1,sickness,2026-01-06,2026-01-17
F1798,1,calving,2026-06-11,
F1799,1,calving,2025-10-09,
F1799,1,sickness,2026-01-15,2026-02-01
F1799,1,sickness,2026-02-20,2026-03-10
F1799,1,sickness,2026-06-17,2026-07-04
F1800,1,sickness,2026-02-26,2026-03-16
F1800,1,sickness,2026-04-14,2026-04-24
F1800,1,sickness,2026-09-20,2026-10-03
F1801,4,sickness,2025-10-15,2025-11-02
F1801,1,sickness,2025-11-09,2025-11-22
F1801,3,calving,2025-12-27,
F1801,4,calving,2026-01-15,
F1801,3,sickness,2026-01-23,2026-01-31
F1801,4,sickness,2026-02-07,2026-02-20
F1801,3,sickness,2026-02-21,2026-03-10
F1801,2,sickness,2026-05-08,2026-05-17
F1801,2,calving,2026-05-17,
F1801,1,calving,2026-07-25,
F1802,2,sickness,2025-09-28,2025-10-15
F1802,3,sickness,2025-11-03,2025-11-15
F1802,1,sickness,2025-12-13,2025-12-26
F1802,2,sickness,2026-06-25,2026-07-08
F1802,1,calving,2026-08-23,
F1802,2,calving,2026-09-17,
F1803,2,calving,2025-10-07,
F1803,1,sickness,2026-02-04,2026-02-19
F1803,2,sickness,2026-04-25,2026-05-11
F1803,2,sickness,2026-07-13,2026-07-30
F1803,1,calving,2026-09-30,
F1803,2,sickness,2026-10-02,2026-10-03
F1804,2,calving,2025-10-04,
F1804,1,sickness,2025-12-23,2026-01-10
F1804,1,sickness,2026-03-23,2026-03-31
F1804,2,sickness,2026-03-28,2026-04-07
F1804,1,calving,2026-05-10,
F1805,2,sickness,2025-12-07,2025-12-27
F1805,2,calving,2025-12-31,
F1805,2,sickness,2026-02-21,2026-03-05
F1805,4,sickness,2026-03-06,2026-03-23
F1805,2,sickness,2026-05-13,2026-05-21
F1805,3,calving,2026-09-03,
F1806,3,sickness,2025-11-16,2025-12-03
F1806,2,calving,2025-12-07,
F1806,1,calving,2025-12-12,
F1806,1,sickness,2026-02-28,2026-03-09
F1806,4,sickness,2026-03-17,2026-04-03
F1806,1,sickness,2026-03-22,2026-04-05
F1806,4,calving,2026-04-18,
F1806,2,sickness,2026-05-03,2026-05-10
F1806,3,calving,2026-08-27,
F1806,3,sickness,2026-09-11,2026-09-28
F1807,1,sickness,2025-10-11,2025-10-31
F1807,4,sickness,2025-12-01,2025-12-12
F1807,2,sickness,2025-12-19,2026-01-04
F1807,1,sickness,2026-01-12,2026-01-21
F1807,4,sickness,2026-01-19,2026-02-03
F1807,1,sickness,2026-02-16,2026-03-02
F1807,4,sickness,2026-03-20,2026-03-29
F1807,1,sickness,2026-05-02,2026-05-11
F1807,3,calving,2026-05-05,
F1807,4,calving,2026-08-05,
F1807,1,calving,2026-08-20,
F1808,1,sickness,2025-10-08,2025-10-20
F1808,1,sickness,2026-05-09,2026-05-22
F1809,1,sickness,2026-05-02,2026-05-09
F1809,1,calving,2026-06-06,
F1809,1,sickness,2026-07-31,2026-08-17
F1810,1,calving,2026-04-21,
F1810,1,sickness,2026-05-26,2026-06-05
F1810,1,sickness,2026-08-07,2026-08-18
F1811,1,sickness,2025-10-10,2025-10-17
F1811,2,calving,2026-01-08,
F1811,2,sickness,2026-01-15,2026-01-28
F1811,1,sickness,2026-02-18,2026-03-03
F1811,2,sickness,2026-05-16,2026-06-04
F1811,1,calving,2026-07-22,
F1812,1,sickness,2025-11-06,2025-11-15
F1812,2,sickness,2026-02-06,2026-02-17
F1812,1,calving,2026-02-08,
F1812,2,calving,2026-03-07,
F1812,1,sickness,2026-07-13,2026-08-01
F1812,2,sickness,2026-08-03,2026-08-18
F1813,1,calving,2026-02-01,
F1813,1,sickness,2026-06-14,2026-06-20
F1814,1,sickness,2025-11-03,2025-11-21
F1814,2,sickness,2025-12-09,2025-12-25
F1814,1,sickness,2026-04-03,2026-04-12
F1814,2,sickness,2026-08-16,2026-08-29
F1814,1,calving,2026-08-25,
F1815,1,calving,2026-03-15,
F1815,1,sickness,2026-05-23,2026-06-06
F1816,1,calving,2026-01-08,
F1816,2,calving,2026-01-23,
F1816,2,sickness,2026-07-20,2026-08-07
F1817,1,calving,2025-11-13,
F1817,1,sickness,2026-03-21,2026-04-09
F1817,2,sickness,2026-08-12,2026-08-20
F1817,1,sickness,2026-08-24,2026-09-11
F1817,2,calving,2026-08-29,
F1818,3,calving,2025-11-24,
F1818,2,sickness,2025-12-17,2026-01-04
F1818,3,sickness,2026-02-27,2026-03-11
F1818,2,calving,2026-06-02,
F1818,2,sickness,2026-06-06,2026-06-20
F1818,1,sickness,2026-06-30,2026-07-16
F1818,1,calving,2026-09-08,
F1819,2,sickness,2025-09-17,2025-10-07
F1819,4,sickness,2025-10-05,2025-10-14
F1819,1,calving,2025-12-23,
F1819,4,sickness,2026-02-16,2026-02-23
F1819,3,sickness,2026-02-23,2026-03-13
F1819,2,calving,2026-04-23,
F1819,4,sickness,2026-06-14,2026-07-01
F1819,4,calving,2026-06-16,
F1819,3,calving,2026-08-26,
F1819,5,calving,2026-09-19,
F1820,2,sickness,2025-09-17,2025-09-23
F1820,2,sickness,2025-10-01,2025-10-09
F1820,1,sickness,2025-10-29,2025-11-16
F1820,1,calving,2025-11-04,
F1820,2,sickness,2025-12-06,2025-12-17
F1820,1,sickness,2025-12-24,2026-01-08
F1820,2,sickness,2026-02-06,2026-02-15
F1820,1,sickness,2026-03-15,2026-04-03
F1820,2,calving,2026-04-08,
F1820,1,sickness,2026-05-15,2026-05-21
F1820,3,calving,2026-09-21,
F1820,3,sickness,2026-09-22,2026-10-03
F1821,1,sickness,2025-10-02,2025-10-09
F1821,1,sickness,2025-10-15,2025-10-30
F1821,1,sickness,2026-01-27,2026-02-08
F1821,1,sickness,2026-05-02,2026-05-17
F1821,1,sickness,2026-07-06,2026-07-14
F1822,2,sickness,2025-10-18,2025-10-27
F1822,1,calving,2025-12-02,
F1822,2,sickness,2025-12-18,2026-01-06
F1822,4,sickness,2026-03-25,2026-04-12
F1822,4,sickness,2026-05-21,2026-05-29
F1822,2,sickness,2026-07-08,2026-07-19
F1822,3,sickness,2026-07-27,2026-08-09
F1822,2,calving,2026-08-19,
F1822,4,calving,2026-09-03,
F1822,5,calving,2026-09-09,
F1823,2,calving,2025-10-19,
F1823,2,sickness,2025-11-02,2025-11-11
F1823,1,calving,2026-03-03,
F1823,2,sickness,2026-03-03,2026-03-09
F1823,2,sickness,2026-06-26,2026-07-12
F1823,1,sickness,2026-08-11,2026-08-26
F1824,1,sickness,2026-03-06,2026-03-13
F1824,1,calving,2026-04-02,
F1824,2,calving,2026-04-26,
F1824,3,sickness,2026-05-07,2026-05-16
F1824,1,sickness,2026-06-01,2026-06-18
F1824,3,sickness,2026-08-02,2026-08-11
F1825,2,sickness,2025-11-10,2025-11-28
F1825,1,calving,2025-12-10,
F1825,2,calving,2026-03-29,
F1825,1,sickness,2026-08-03,2026-08-11
F1826,4,sickness,2025-09-26,2025-10-03
F1826,1,sickness,2025-09-29,2025-10-17
F1826,2,calving,2025-10-11,
F1826,2,sickness,2025-10-26,2025-11-13
F1826,1,sickness,2025-11-11,2025-11-25
F1826,3,sickness,2025-12-24,2026-01-12
F1826,4,calving,2026-02-06,
F1826,1,sickness,2026-03-26,2026-04-01
F1826,2,sickness,2026-05-02,2026-05-13
F1826,3,calving,2026-08-12,
F1826,1,calving,2026-08-17,
F1826,3,sickness,2026-08-29,2026-09-12
F1827,3,sickness,2025-11-02,2025-11-15
F1827,2,sickness,2025-12-07,2025-12-13
F1827,2,sickness,2026-02-28,2026-03-11
F1827,2,calving,2026-04-13,
F1827,3,sickness,2026-04-18,2026-05-07
F1827,1,sickness,2026-06-10,2026-06-28
F1827,1,calving,2026-06-10,
F1827,2,sickness,2026-07-24,2026-08-03
F1828,1,sickness,2025-11-29,2025-12-09
F1828,1,sickness,2026-01-14,2026-01-20
F1828,1,sickness,2026-03-03,2026-03-12
F1828,1,calving,2026-03-09,
F1828,2,sickness,2026-03-14,2026-03-27
F1828,2,sickness,2026-04-12,2026-04-20
F1828,2,calving,2026-07-12,
F1828,2,sickness,2026-07-19,2026-08-06
F1829,4,sickness,2025-09-19,2025-10-07
F1829,3,sickness,2025-09-20,2025-10-04
F1829,2,sickness,2025-10-10,2025-10-18
F1829,3,calving,2025-11-27,
F1829,2,calving,2025-12-26,
F1829,3,sickness,2026-03-13,2026-03-27
F1829,2,sickness,2026-03-19,2026-04-01
F1829,2,sickness,2026-04-30,2026-05-10
F1829,4,sickness,2026-05-14,2026-05-23
F1829,4,calving,2026-06-13,
F1829,3,sickness,2026-07-12,2026-07-20
F1829,4,sickness,2026-07-19,2026-07-31
F1829,1,sickness,2026-07-25,2026-08-04
F1829,2,sickness,2026-07-28,2026-08-07
F1830,2,calving,2025-12-06,
F1830,1,calving,2025-12-27,
F1830,3,calving,2026-01-07,
F1830,3,sickness,2026-02-05,2026-02-16
F1830,1,sickness,2026-02-06,2026-02-19
F1830,2,sickness,2026-02-21,2026-03-05
F1831,1,calving,2026-02-13,
F1831,1,sickness,2026-04-13,2026-05-03
F1832,1,sickness,2025-11-02,2025-11-12
F1832,2,sickness,2025-11-08,2025-11-15
F1832,2,sickness,2025-12-21,2026-01-07
F1832,2,sickness,2026-03-12,2026-03-30
F1832,3,sickness,2026-03-12,2026-03-18
F1832,3,calving,2026-06-01,
F1832,2,calving,2026-07-01,
F1833,1,sickness,2025-10-22,2025-11-11
F1833,1,sickness,2025-12-26,2026-01-04
F1833,1,sickness,2026-05-01,2026-05-21
F1833,1,calving,2026-08-11,
F1834,1,calving,2026-01-14,
F1834,1,sickness,2026-03-22,2026-04-06
F1834,1,sickness,2026-07-15,2026-08-04
F1834,1,sickness,2026-08-21,2026-09-08
F1835,2,calving,2026-02-04,
F1835,1,sickness,2026-02-24,2026-03-14
F1836,1,sickness,2025-10-22,2025-10-31
F1836,1,calving,2026-09-28,
F1837,2,sickness,2025-11-08,2025-11-17
F1837,2,sickness,2025-11-20,2025-11-28
F1837,1,sickness,2026-01-27,2026-02-07
F1837,1,sickness,2026-02-22,2026-03-03
F1837,1,sickness,2026-04-13,2026-05-02
F1838,1,calving,2026-01-27,
F1838,1,sickness,2026-05-20,2026-05-31
F1838,1,sickness,2026-08-13,2026-09-02
F1839,1,calving,2025-11-13,
F1839,2,calving,2026-02-25,
F1839,1,sickness,2026-05-15,2026-06-03
F1840,1,sickness,2025-12-10,2025-12-24
F1840,1,calving,2026-01-06,
F1841,1,sickness,2025-10-01,2025-10-13
F1841,1,sickness,2025-11-25,2025-12-03
F1841,1,calving,2026-04-18,
F1842,2,sickness,2025-10-08,2025-10-18
F1842,1,sickness,2025-12-07,2025-12-17
F1842,1,sickness,2026-06-14,2026-06-28
F1842,1,calving,2026-08-11,
F1842,1,sickness,2026-08-27,2026-09-11
F1842,2,calving,2026-09-29,
F1843,1,calving,2026-02-06,
F1843,1,sickness,2026-02-25,2026-03-09
F1843,1,sickness,2026-06-07,2026-06-24
F1844,1,sickness,2025-11-05,2025-11-13
F1844,1,sickness,2026-01-02,2026-01-18
F1844,1,calving,2026-01-14,
F1844,1,sickness,2026-08-12,2026-08-24
F1845,2,sickness,2025-10-31,2025-11-14
F1845,3,sickness,2025-11-25,2025-12-13
F1845,5,sickness,2025-12-18,2026-01-06
F1845,4,sickness,2026-01-14,2026-01-22
F1845,5,sickness,2026-01-16,2026-01-27
F1845,4,calving,2026-03-06,
F1845,4,sickness,2026-03-18,2026-03-27
F1845,2,sickness,2026-03-31,2026-04-15
F1845,3,calving,2026-04-10,
F1845,5,calving,2026-05-08,
F1845,1,sickness,2026-06-03,2026-06-14
F1845,1,calving,2026-09-26,
F1846,1,sickness,2026-01-30,2026-02-07
F1846,1,calving,2026-02-16,
F1846,1,sickness,2026-03-27,2026-04-02
F1847,1,sickness,2025-09-29,2025-10-07
F1847,1,calving,2025-12-05,
F1847,1,sickness,2026-01-30,2026-02-14
F1848,2,sickness,2025-10-24,2025-11-08
F1848,1,sickness,2025-11-08,2025-11-23
F1848,3,sickness,2025-11-15,2025-11-24
F1848,3,calving,2025-12-20,
F1848,3,sickness,2026-02-14,2026-03-02
F1848,1,calving,2026-02-19,
F1848,2,calving,2026-02-28,
F1848,2,sickness,2026-03-17,2026-04-04
F1848,4,calving,2026-05-02,
F1848,2,sickness,2026-05-12,2026-05-24
F1848,3,sickness,2026-06-18,2026-07-03
F1848,1,sickness,2026-09-22,2026-09-30
F1849,1,sickness,2025-09-25,2025-10-09
F1849,1,sickness,2025-12-11,2025-12-20
F1849,1,calving,2026-05-16,
F1850,1,sickness,2025-09-23,2025-10-01
F1850,1,calving,2025-11-15,
F1850,2,sickness,2026-01-19,2026-02-02
F1850,1,sickness,2026-01-29,2026-02-17
F1850,1,sickness,2026-03-30,2026-04-13
F1850,1,sickness,2026-05-27,2026-06-06
F1850,2,calving,2026-07-12,
F1850,2,sickness,2026-08-12,2026-08-26
F1851,1,calving,2025-11-17,
F1851,1,sickness,2026-08-02,2026-08-20
F1851,1,sickness,2026-09-30,2026-10-03
F1852,1,calving,2026-01-19,
F1852,2,sickness,2026-08-26,2026-09-02
F1852,2,calving,2026-10-03,
F1853,1,sickness,2025-12-22,2025-12-28
F1853,1,sickness,2026-08-07,2026-08-23
F1853,1,sickness,2026-08-29,2026-09-14
F1853,1,calving,2026-09-19,
F1854,1,sickness,2026-02-22,2026-03-07
F1854,3,sickness,2026-03-08,2026-03-21
F1854,3,sickness,2026-05-09,2026-05-29
F1854,1,calving,2026-05-12,
F1854,4,calving,2026-06-25,
F1854,2,calving,2026-06-28,
F1854,1,sickness,2026-07-04,2026-07-24
F1854,3,calving,2026-08-18,
F1854,4,sickness,2026-08-27,2026-09-07
F1854,3,sickness,2026-09-28,2026-10-03
F1855,1,sickness,2025-11-13,2025-12-02
F1855,4,sickness,2025-12-06,2025-12-19
F1855,3,sickness,2026-01-13,2026-01-31
F1855,3,calving,2026-02-25,
F1855,2,sickness,2026-04-09,2026-04-20
F1855,1,sickness,2026-05-14,2026-05-22
F1855,1,calving,2026-05-15,
F1855,4,calving,2026-06-16,
F1855,1,sickness,2026-07-06,2026-07-15
F1855,4,sickness,2026-07-07,2026-07-26
F1855,5,calving,2026-09-19,
F1856,1,sickness,2025-09-25,2025-10-13
F1856,3,calving,2025-11-16,
F1856,2,sickness,2026-01-28,2026-02-10
F1856,3,sickness,2026-01-28,2026-02-11
F1856,1,calving,2026-03-05,
F1856,1,sickness,2026-03-14,2026-04-02
F1856,2,sickness,2026-04-30,2026-05-20
F1856,3,sickness,2026-05-10,2026-05-25
F1856,2,sickness,2026-08-16,2026-08-22
F1856,2,sickness,2026-09-14,2026-09-22
F1857,2,calving,2025-10-06,
F1857,3,calving,2026-03-26,
F1857,3,sickness,2026-04-02,2026-04-13
F1857,1,calving,2026-04-22,
F1857,1,sickness,2026-06-05,2026-06-13
F1857,2,sickness,2026-09-17,2026-09-26
F1857,3,sickness,2026-10-03,2026-10-03
F1858,3,sickness,2025-10-17,2025-11-02
F1858,1,sickness,2025-10-23,2025-11-04
F1858,4,calving,2025-12-06,
F1858,2,calving,2025-12-07,
F1858,3,sickness,2026-01-10,2026-01-17
F1858,3,calving,2026-01-17,
F1858,1,calving,2026-03-15,
F1858,5,calving,2026-04-17,
F1858,4,sickness,2026-05-26,2026-06-03
F1858,1,sickness,2026-06-01,2026-06-08
F1858,4,sickness,2026-06-27,2026-07-09
F1858,4,sickness,2026-07-19,2026-08-02
F1858,1,sickness,2026-09-08,2026-09-15
F1859,1,sickness,2025-10-07,2025-10-21
F1859,1,calving,2026-08-14,
F1860,3,sickness,2025-11-30,2025-12-09
F1860,1,sickness,2025-12-31,2026-01-08
F1860,2,sickness,2026-01-31,2026-02-14
F1860,2,calving,2026-02-01,
F1860,2,sickness,2026-04-11,2026-04-30
F1860,1,sickness,2026-07-27,2026-08-09
F1860,1,sickness,2026-08-10,2026-08-22
F1861,1,sickness,2025-11-23,2025-12-02
F1861,1,sickness,2026-04-16,2026-04-29
F1861,1,calving,2026-05-07,
F1861,1,sickness,2026-05-22,2026-06-10
F1861,1,sickness,2026-06-19,2026-06-30
F1862,2,calving,2025-10-04,
F1862,1,sickness,2025-12-01,2025-12-08
F1862,1,calving,2026-07-30,
F1863,1,calving,2026-07-18,
F1864,2,sickness,2025-10-18,2025-10-26
F1864,2,sickness,2026-03-20,2026-03-29
F1864,1,sickness,2026-03-21,2026-03-29
F1864,1,sickness,2026-04-02,2026-04-13
F1864,1,calving,2026-09-25,
F1865,1,calving,2026-03-13,
F1865,1,sickness,2026-04-30,2026-05-08
F1866,1,calving,2026-01-01,
F1867,2,sickness,2025-11-13,2025-11-23
F1867,1,sickness,2025-12-24,2026-01-05
F1867,1,sickness,2026-01-06,2026-01-14
F1867,2,calving,2026-01-09,
F1867,3,sickness,2026-04-18,2026-04-28
F1867,2,sickness,2026-05-18,2026-06-05
F1867,1,calving,2026-06-13,
F1867,3,calving,2026-08-12,
F1868,1,sickness,2025-11-11,2025-11-17
F1868,2,sickness,2025-11-17,2025-12-06
F1868,1,sickness,2025-12-03,2025-12-14
F1868,1,sickness,2026-05-08,2026-05-14
F1868,1,calving,2026-08-10,
F1868,1,sickness,2026-08-15,2026-09-04
F1868,2,calving,2026-09-24,
F1869,1,sickness,2026-07-04,2026-07-14
F1869,1,calving,2026-07-08,
F1870,2,sickness,2025-09-24,2025-10-14
F1870,2,sickness,2025-11-01,2025-11-18
F1870,3,sickness,2026-03-02,2026-03-19
F1870,3,calving,2026-03-13,
F1870,1,sickness,2026-04-24,2026-05-06
F1870,3,sickness,2026-05-24,2026-06-06
F1870,1,calving,2026-06-27,
F1870,2,calving,2026-09-27,
F1871,1,calving,2025-10-06,
F1872,1,calving,2026-02-04,
F1873,1,calving,2025-11-02,
F1873,1,sickness,2026-02-13,2026-02-28
F1874,1,sickness,2025-10-11,2025-10-29
F1874,2,sickness,2025-12-17,2025-12-24
F1874,2,sickness,2026-01-19,2026-01-27
F1874,1,sickness,2026-02-01,2026-02-10
F1874,1,calving,2026-02-15,
F1874,2,sickness,2026-02-17,2026-03-04
F1874,1,sickness,2026-03-08,2026-03-24
F1874,2,calving,2026-06-14,
F1874,2,sickness,2026-09-11,2026-09-20
F1875,1,calving,2025-10-27,
F1875,1,sickness,2026-05-11,2026-05-30
F1875,1,sickness,2026-07-22,2026-07-31
F1875,1,calving,2026-10-03,
F1876,3,calving,2025-09-16,
F1876,3,sickness,2025-10-23,2025-11-11
F1876,1,calving,2025-12-26,
F1876,2,sickness,2026-02-19,2026-02-26
F1876,2,calving,2026-02-25,
F1876,2,sickness,2026-03-23,2026-04-08
F1876,4,sickness,2026-04-29,2026-05-14
F1876,2,sickness,2026-06-02,2026-06-11
F1876,4,calving,2026-06-13,
F1876,3,sickness,2026-08-31,2026-09-07
F1876,4,sickness,2026-10-03,2026-10-03
F1877,1,sickness,2025-12-21,2026-01-08
F1877,1,calving,2026-07-19,
F1877,1,sickness,2026-08-20,2026-09-03
F1878,4,sickness,2025-10-10,2025-10-28
F1878,2,calving,2025-10-12,
F1878,4,calving,2025-11-18,
F1878,3,calving,2025-11-30,
F1878,3,sickness,2025-12-25,2026-01-12
F1878,1,calving,2026-04-17,
F1878,4,sickness,2026-05-02,2026-05-09
F1878,2,sickness,2026-09-03,2026-09-12
F1879,1,calving,2025-11-08,
F1879,1,sickness,2026-07-12,2026-07-25
F1880,1,calving,2025-10-13,
F1880,1,sickness,2026-07-01,2026-07-17
F1880,1,sickness,2026-07-27,2026-08-05
F1881,2,sickness,2025-10-21,2025-11-04
F1881,2,calving,2025-12-23,
F1881,2,sickness,2026-02-04,2026-02-15
F1881,2,sickness,2026-08-08,2026-08-16
F1882,2,sickness,2025-12-28,2026-01-05
F1882,2,sickness,2026-04-05,2026-04-23
F1882,1,calving,2026-06-10,
F1882,1,sickness,2026-10-01,2026-10-03
F1883,2,sickness,2025-10-09,2025-10-24
F1883,2,sickness,2025-11-02,2025-11-11
F1883,1,sickness,2025-11-19,2025-12-08
F1883,2,sickness,2026-01-06,2026-01-16
F1883,1,calving,2026-02-05,
F1884,1,calving,2025-12-08,
F1884,1,sickness,2026-01-27,2026-02-13
F1884,1,sickness,2026-02-24,2026-03-02
F1884,1,sickness,2026-08-08,2026-08-28
F1885,1,sickness,2025-12-09,2025-12-17
F1885,2,calving,2025-12-12,
F1885,1,sickness,2026-05-02,2026-05-15
F1885,2,sickness,2026-05-19,2026-06-02
F1885,1,calving,2026-06-23,
F1886,1,sickness,2025-10-14,2025-10-29
F1886,3,sickness,2025-10-25,2025-11-10
F1886,4,sickness,2025-12-15,2025-12-24
F1886,2,sickness,2025-12-16,2025-12-29
F1886,1,sickness,2025-12-28,2026-01-16
F1886,2,calving,2026-01-09,
F1886,3,calving,2026-03-23,
F1886,4,calving,2026-04-14,
F1886,1,sickness,2026-05-17,2026-06-04
F1886,1,calving,2026-07-28,
F1886,1,sickness,2026-08-10,2026-08-27
F1886,4,sickness,2026-09-05,2026-09-12
F1887,1,sickness,2025-09-24,2025-10-10
F1887,1,sickness,2025-10-14,2025-10-21
F1887,1,calving,2026-06-06,
F1888,1,sickness,2026-07-24,2026-08-04
F1888,1,calving,2026-08-01,
F1889,1,sickness,2025-12-22,2025-12-28
F1889,1,sickness,2026-01-01,2026-01-20
F1889,3,sickness,2026-01-08,2026-01-23
F1889,2,sickness,2026-01-27,2026-02-05
F1889,3,calving,2026-02-01,
F1889,2,calving,2026-04-01,
F1889,1,sickness,2026-04-26,2026-05-06
F1889,1,calving,2026-06-27,
F1889,1,sickness,2026-07-31,2026-08-18
F1890,2,sickness,2025-10-01,2025-10-21
F1890,1,calving,2026-03-11,
F1890,2,calving,2026-03-25,
F1890,2,sickness,2026-05-07,2026-05-15
F1890,1,sickness,2026-05-21,2026-06-06
F1891,4,calving,2025-10-22,
F1891,4,sickness,2025-11-04,2025-11-21
F1891,3,calving,2025-11-17,
F1891,2,sickness,2025-12-28,2026-01-15
F1891,1,sickness,2026-01-30,2026-02-08
F1891,2,sickness,2026-02-07,2026-02-18
F1891,1,sickness,2026-03-01,2026-03-21
F1891,2,sickness,2026-03-27,2026-04-05
F1891,3,sickness,2026-05-18,2026-06-05
F1891,2,calving,2026-07-14,
F1892,1,calving,2025-10-12,
F1892,1,sickness,2025-12-12,2025-12-27
F1892,3,calving,2026-04-12,
F1892,2,sickness,2026-04-21,2026-04-29
F1892,2,calving,2026-07-06,
F1892,2,sickness,2026-07-23,2026-08-08
F1892,3,sickness,2026-09-30,2026-10-03
F1893,1,sickness,2025-12-14,2025-12-25
F1893,1,sickness,2026-02-13,2026-02-20
F1893,1,calving,2026-02-20,
F1893,1,sickness,2026-08-09,2026-08-15
F1894,1,calving,2026-01-31,
F1895,1,calving,2026-06-25,
F1895,1,sickness,2026-07-13,2026-07-31
F1895,1,sickness,2026-09-06,2026-09-14
F1896,1,calving,2025-12-01,
F1896,1,sickness,2026-01-06,2026-01-15
F1896,2,sickness,2026-01-30,2026-02-14
F1896,1,sickness,2026-02-18,2026-03-06
F1896,2,calving,2026-04-14,
F1896,3,calving,2026-06-08,
F1896,2,sickness,2026-07-01,2026-07-14
F1897,1,sickness,2025-11-16,2025-12-02
F1897,2,sickness,2025-12-02,2025-12-12
F1897,1,sickness,2025-12-23,2026-01-10
F1897,1,calving,2025-12-31,
F1897,1,sickness,2026-05-28,2026-06-09
F1897,2,sickness,2026-06-26,2026-07-13
F1897,2,calving,2026-06-27,
F1897,1,sickness,2026-08-07,2026-08-13
F1898,3,sickness,2025-09-28,2025-10-14
F1898,4,sickness,2025-12-12,2025-12-26
F1898,4,calving,2026-02-23,
F1898,3,calving,2026-03-28,
F1898,2,sickness,2026-05-31,2026-06-16
F1898,1,sickness,2026-09-11,2026-09-19
F1899,2,sickness,2025-09-23,2025-10-12
F1899,2,calving,2025-09-25,
F1899,2,sickness,2025-12-19,2026-01-08
F1899,1,calving,2026-02-08,
F1899,1,sickness,2026-02-23,2026-03-13
F1899,2,sickness,2026-06-16,2026-07-03
F1899,1,sickness,2026-08-11,2026-08-31
F1899,2,sickness,2026-09-01,2026-09-07
F1899,2,calving,2026-09-22,
F1900,1,sickness,2025-10-01,2025-10-07
F1900,1,sickness,2025-12-19,2026-01-06
F1900,1,calving,2026-04-10,
F1901,2,calving,2025-12-18,
F1901,2,sickness,2026-03-01,2026-03-20
F1901,2,sickness,2026-07-04,2026-07-19
F1901,1,calving,2026-09-26,
F1902,1,sickness,2025-10-09,2025-10-25
F1902,1,sickness,2026-01-08,2026-01-23
F1902,1,calving,2026-01-08,
F1903,1,sickness,2026-08-07,2026-08-20
F1904,1,sickness,2025-11-03,2025-11-15
F1904,1,sickness,2026-06-20,2026-07-01
F1905,1,sickness,2025-10-03,2025-10-20
F1905,1,sickness,2025-11-17,2025-12-07
F1905,1,sickness,2026-02-01,2026-02-20
F1905,1,sickness,2026-05-08,2026-05-22
F1905,1,calving,2026-06-22,
F1906,1,calving,2026-08-05,
F1907,1,calving,2026-08-03,
F1908,2,calving,2025-09-16,
F1908,2,sickness,2026-04-04,2026-04-22
F1908,1,calving,2026-05-02,
F1908,2,sickness,2026-06-12,2026-06-23
F1909,2,sickness,2025-10-24,2025-11-03
F1909,2,calving,2025-12-02,
F1909,2,sickness,2025-12-16,2025-12-27
F1909,1,calving,2026-02-01,
F1909,1,sickness,2026-07-17,2026-07-30
F1909,2,sickness,2026-09-28,2026-10-03
F1910,1,sickness,2025-12-01,2025-12-18
F1910,1,sickness,2026-03-08,2026-03-14
F1910,1,calving,2026-07-23,
F1910,1,sickness,2026-07-28,2026-08-09
F1911,2,sickness,2025-10-16,2025-11-01
F1911,1,calving,2026-01-04,
F1911,2,sickness,2026-03-13,2026-03-30
F1911,1,sickness,2026-04-27,2026-05-10
F1911,2,sickness,2026-08-16,2026-09-03
F1911,2,calving,2026-08-17,
F1911,3,calving,2026-09-16,
F1912,5,sickness,2025-09-19,2025-10-02
F1912,4,sickness,2025-11-04,2025-11-19
F1912,3,sickness,2025-11-05,2025-11-16
F1912,3,sickness,2025-12-21,2026-01-07
F1912,5,sickness,2026-01-02,2026-01-22
F1912,4,sickness,2026-01-05,2026-01-24
F1912,4,calving,2026-01-18,
F1912,3,sickness,2026-03-20,2026-03-29
F1912,1,calving,2026-03-26,
F1912,2,calving,2026-05-06,
F1912,3,sickness,2026-05-24,2026-06-03
F1912,3,sickness,2026-06-25,2026-07-09
F1912,5,calving,2026-07-04,
F1912,4,sickness,2026-07-06,2026-07-25
F1912,3,calving,2026-09-20,
F1913,1,calving,2025-11-08,
F1913,2,calving,2026-01-07,
F1913,2,sickness,2026-02-04,2026-02-10
F1913,1,sickness,2026-02-11,2026-02-26
F1913,1,sickness,2026-04-01,2026-04-11
F1913,2,sickness,2026-09-30,2026-10-03
F1914,2,sickness,2025-10-20,2025-11-06
F1914,4,calving,2025-11-04,
F1914,4,sickness,2025-11-21,2025-12-07
F1914,2,calving,2025-12-09,
F1914,1,sickness,2026-04-03,2026-04-09
F1914,1,calving,2026-04-29,
F1914,4,sickness,2026-05-21,2026-06-01
F1915,1,sickness,2026-01-05,2026-01-21
F1915,1,sickness,2026-02-21,2026-03-12
F1915,1,calving,2026-03-13,
F1915,1,sickness,2026-05-27,2026-06-08
F1915,2,sickness,2026-06-16,2026-06-30
F1915,2,calving,2026-09-07,
F1916,1,sickness,2025-11-15,2025-11-29
F1916,1,sickness,2025-11-30,2025-12-11
F1916,1,sickness,2026-07-27,2026-08-15
F1916,1,calving,2026-09-21,
F1917,1,sickness,2026-03-06,2026-03-12
F1917,1,calving,2026-05-15,
F1917,1,sickness,2026-07-22,2026-08-11
F1918,2,sickness,2025-12-26,2026-01-07
F1918,1,sickness,2026-01-10,2026-01-27
F1918,2,calving,2026-01-20,
F1918,2,sickness,2026-03-14,2026-03-22
F1918,1,calving,2026-04-18,
F1918,2,sickness,2026-05-16,2026-06-04
F1919,2,sickness,2025-11-10,2025-11-24
F1919,2,sickness,2026-01-21,2026-02-09
F1919,1,sickness,2026-02-13,2026-02-23
F1919,1,calving,2026-02-24,
F1919,2,sickness,2026-03-19,2026-04-06
F1919,1,sickness,2026-05-07,2026-05-25
F1919,1,sickness,2026-08-13,2026-08-29
F1919,2,calving,2026-08-22,
F1920,2,sickness,2026-01-19,2026-02-06
F1920,2,sickness,2026-04-18,2026-04-28
F1920,1,sickness,2026-05-10,2026-05-17
F1920,2,sickness,2026-05-27,2026-06-16
F1920,1,calving,2026-06-16,
F1920,2,calving,2026-07-05,
F1920,1,sickness,2026-09-17,2026-09-27
F1921,1,sickness,2025-10-13,2025-10-21
F1921,1,sickness,2026-02-08,2026-02-18
F1921,1,calving,2026-08-08,
F1922,1,sickness,2025-11-02,2025-11-10
F1922,1,calving,2025-11-20,
F1922,1,sickness,2026-03-26,2026-04-04
F1923,2,sickness,2025-09-26,2025-10-15
F1923,4,sickness,2025-10-17,2025-10-29
F1923,2,sickness,2025-12-10,2025-12-26
F1923,1,sickness,2025-12-22,2025-12-28
F1923,1,calving,2026-02-27,
F1923,1,sickness,2026-03-09,2026-03-28
F1923,2,sickness,2026-04-09,2026-04-28
F1923,3,sickness,2026-06-22,2026-07-08
F1923,3,calving,2026-07-05,
F1923,3,sickness,2026-07-13,2026-08-02
F1923,4,sickness,2026-08-17,2026-09-06
F1923,1,sickness,2026-08-28,2026-09-08
F1924,1,sickness,2025-12-07,2025-12-23
F1924,1,calving,2025-12-20,
F1924,1,sickness,2026-07-31,2026-08-06
F1925,1,sickness,2025-10-04,2025-10-22
F1925,1,sickness,2025-12-19,2025-12-27
F1925,2,sickness,2026-03-04,2026-03-24
F1925,1,calving,2026-04-04,
F1925,1,sickness,2026-06-17,2026-06-24
F1925,1,sickness,2026-09-15,2026-10-03
F1926,1,sickness,2025-11-09,2025-11-19
F1926,1,calving,2025-11-10,
F1926,1,sickness,2026-01-18,2026-01-25
F1926,1,sickness,2026-06-17,2026-07-06
F1927,1,sickness,2026-01-29,2026-02-10
F1927,1,sickness,2026-06-12,2026-06-21
F1927,2,sickness,2026-07-14,2026-08-02
F1927,2,sickness,2026-08-13,2026-08-27
F1927,2,calving,2026-08-21,
F1927,1,calving,2026-09-08,
F1928,2,calving,2026-01-03,
F1928,2,sickness,2026-01-22,2026-01-31
F1928,1,sickness,2026-02-21,2026-03-10
F1928,1,sickness,2026-03-13,2026-03-29
F1928,2,sickness,2026-06-05,2026-06-12
F1928,1,sickness,2026-07-31,2026-08-13
F1928,1,calving,2026-08-09,
F1928,2,sickness,2026-09-26,2026-10-03
F1929,1,sickness,2025-09-27,2025-10-10
F1929,1,sickness,2025-11-12,2025-11-23
F1929,1,calving,2026-01-19,
F1929,1,sickness,2026-03-05,2026-03-21
F1929,1,sickness,2026-07-06,2026-07-16
F1930,1,calving,2025-12-14,
F1930,1,sickness,2026-05-01,2026-05-19
F1930,1,sickness,2026-06-13,2026-07-03
F1931,2,sickness,2025-10-04,2025-10-14
F1931,2,calving,2026-01-25,
F1931,1,sickness,2026-05-06,2026-05-20
F1931,1,calving,2026-07-14,
F1931,2,sickness,2026-08-04,2026-08-22
F1932,1,sickness,2025-11-16,2025-12-01
F1932,1,sickness,2026-04-17,2026-04-25
F1932,1,calving,2026-08-01,
F1932,1,sickness,2026-08-10,2026-08-16
F1933,1,sickness,2026-02-15,2026-03-02
F1933,1,calving,2026-09-13,
F1934,1,calving,2025-11-06,
F1934,2,calving,2026-09-03,
F1935,2,calving,2025-11-23,
F1935,2,sickness,2025-11-25,2025-12-13
F1935,1,calving,2026-02-08,
F1935,2,sickness,2026-02-26,2026-03-16
F1935,2,sickness,2026-03-29,2026-04-10
F1935,2,sickness,2026-07-12,2026-08-01
F1936,1,sickness,2025-12-18,2025-12-28
F1936,1,calving,2026-07-02,
F1937,2,sickness,2025-09-18,2025-09-30
F1937,1,calving,2026-01-20,
F1937,2,calving,2026-03-10,
F1938,1,calving,2026-01-04,
F1938,2,calving,2026-03-26,
F1938,2,sickness,2026-05-12,2026-05-29
F1939,2,calving,2025-12-21,
F1939,1,sickness,2025-12-24,2026-01-07
F1939,1,calving,2025-12-27,
F1939,1,sickness,2026-04-09,2026-04-21
F1940,1,sickness,2025-12-25,2026-01-04
F1940,1,sickness,2026-05-18,2026-06-05
F1940,1,calving,2026-08-08,
F1940,1,sickness,2026-08-23,2026-08-31
F1941,1,calving,2025-12-11,
F1941,1,sickness,2026-01-25,2026-02-12
F1941,2,sickness,2026-03-06,2026-03-14
F1941,2,sickness,2026-03-27,2026-04-03
F1941,4,calving,2026-04-13,
F1941,3,calving,2026-07-20,
F1941,2,sickness,2026-08-03,2026-08-12
F1941,2,calving,2026-08-09,
F1941,4,sickness,2026-09-02,2026-09-10
F1942,2,calving,2025-09-28,
F1942,1,sickness,2026-02-22,2026-03-03
F1942,1,calving,2026-02-26,
F1942,3,calving,2026-06-14,
F1942,3,sickness,2026-08-15,2026-09-01
F1943,2,sickness,2025-10-03,2025-10-17
F1943,3,sickness,2025-10-31,2025-11-18
F1943,1,sickness,2026-01-15,2026-01-22
F1943,3,sickness,2026-03-10,2026-03-30
F1943,2,sickness,2026-04-02,2026-04-18
F1943,1,sickness,2026-06-24,2026-07-06
F1943,2,calving,2026-06-27,
F1943,3,sickness,2026-07-14,2026-07-21
F1943,1,calving,2026-07-23,
F1943,3,calving,2026-07-23,
F1943,1,sickness,2026-08-11,2026-08-29
F1944,1,sickness,2025-11-29,2025-12-05
F1944,2,sickness,2026-01-28,2026-02-05
F1944,2,calving,2026-02-16,
F1944,2,sickness,2026-03-13,2026-03-23
F1944,1,sickness,2026-07-26,2026-08-08
F1944,2,sickness,2026-07-26,2026-08-04
F1944,2,sickness,2026-09-09,2026-09-16
F1945,2,sickness,2026-02-03,2026-02-15
F1945,2,sickness,2026-02-26,2026-03-14
F1945,1,calving,2026-03-16,
F1945,1,sickness,2026-07-06,2026-07-13
F1945,2,sickness,2026-08-07,2026-08-24
F1945,2,calving,2026-08-28,
F1946,1,calving,2025-10-08,
F1946,2,sickness,2026-01-01,2026-01-20
F1946,2,sickness,2026-01-30,2026-02-08
F1946,2,sickness,2026-02-11,2026-02-21
F1946,1,sickness,2026-04-14,2026-04-30
F1946,2,sickness,2026-06-10,2026-06-24
F1946,2,calving,2026-06-19,
F1947,1,sickness,2025-11-03,2025-11-15
F1947,1,sickness,2026-02-01,2026-02-11
F1947,1,sickness,2026-02-18,2026-03-08
F1947,1,calving,2026-06-15,
F1947,2,calving,2026-09-01,
F1948,2,sickness,2025-10-16,2025-10-28
F1948,2,sickness,2025-11-22,2025-12-01
F1948,2,sickness,2026-02-11,2026-02-18
F1948,1,sickness,2026-02-12,2026-02-21
F1948,1,calving,2026-04-02,
F1948,2,calving,2026-04-08,
F1948,1,sickness,2026-06-02,2026-06-12
F1948,3,sickness,2026-06-08,2026-06-17
F1948,3,calving,2026-09-21,
F1949,2,sickness,2025-10-23,2025-10-31
F1949,3,calving,2026-01-04,
F1949,3,sickness,2026-01-26,2026-02-15
F1949,2,sickness,2026-03-01,2026-03-19
F1949,2,calving,2026-06-19,
F1949,3,sickness,2026-07-02,2026-07-22
F1949,1,sickness,2026-07-17,2026-08-02
F1949,3,sickness,2026-08-21,2026-09-04
F1949,1,calving,2026-09-04,
F1950,1,sickness,2025-09-17,2025-09-28
F1950,1,calving,2026-02-20,
F1951,3,sickness,2025-11-15,2025-11-29
F1951,2,sickness,2025-11-19,2025-12-02
F1951,1,sickness,2025-11-28,2025-12-12
F1951,3,calving,2026-01-09,
F1951,1,calving,2026-03-04,
F1951,3,sickness,2026-03-12,2026-03-29
F1951,4,calving,2026-05-15,
F1951,2,calving,2026-08-29,
F1951,1,sickness,2026-09-12,2026-09-26
F1952,1,sickness,2025-10-12,2025-10-29
F1952,1,calving,2025-12-07,
F1952,2,sickness,2026-04-22,2026-05-05
F1952,2,calving,2026-09-07,
F1953,4,sickness,2025-09-17,2025-10-01
F1953,4,sickness,2025-10-04,2025-10-19
F1953,4,sickness,2025-11-13,2025-12-03
F1953,4,calving,2025-12-03,
F1953,1,calving,2025-12-23,
F1953,2,calving,2026-01-19,
F1953,4,sickness,2026-01-19,2026-02-07
F1953,2,sickness,2026-01-23,2026-02-02
F1953,1,sickness,2026-02-08,2026-02-17
F1953,2,sickness,2026-03-16,2026-04-03
F1953,3,calving,2026-03-23,
F1953,3,sickness,2026-05-15,2026-05-28
F1953,3,sickness,2026-06-03,2026-06-11
F1953,1,sickness,2026-07-07,2026-07-16
F1953,3,sickness,2026-09-30,2026-10-03
F1954,1,calving,2025-10-29,
F1954,1,sickness,2026-01-04,2026-01-15
F1955,1,calving,2025-11-01,
F1955,2,sickness,2025-12-20,2026-01-07
F1955,2,calving,2026-04-14,
F1955,2,sickness,2026-04-19,2026-05-05
F1955,1,sickness,2026-05-13,2026-05-27
F1955,2,sickness,2026-06-25,2026-07-09
F1955,1,sickness,2026-07-30,2026-08-17
F1955,2,sickness,2026-09-30,2026-10-03
F1956,1,sickness,2025-11-07,2025-11-15
F1956,1,calving,2025-11-15,
F1956,1,sickness,2026-09-24,2026-10-03
F1957,1,calving,2025-10-24,
F1957,1,sickness,2026-02-19,2026-03-02
F1958,1,sickness,2025-12-23,2026-01-07
F1958,1,calving,2026-08-19,
F1959,1,calving,2025-10-23,
F1959,1,sickness,2026-05-26,2026-06-11
F1959,1,sickness,2026-08-23,2026-09-01
F1959,1,sickness,2026-09-29,2026-10-03
F1960,2,sickness,2025-10-08,2025-10-15
F1960,2,sickness,2026-03-18,2026-03-27
F1960,2,calving,2026-05-17,
F1960,2,sickness,2026-06-18,2026-06-24
F1960,1,sickness,2026-08-19,2026-09-01
F1960,1,calving,2026-08-20,
F1961,1,calving,2026-01-28,
F1961,1,sickness,2026-05-22,2026-06-01
F1962,1,sickness,2025-11-27,2025-12-04
F1962,1,sickness,2026-02-13,2026-02-21
F1962,1,calving,2026-03-06,
F1962,1,sickness,2026-09-01,2026-09-18
F1963,3,calving,2026-01-02,
F1963,3,sickness,2026-03-02,2026-03-11
F1963,1,calving,2026-03-20,
F1963,1,sickness,2026-03-29,2026-04-09
F1963,2,sickness,2026-03-29,2026-04-04
F1963,4,calving,2026-05-14,
F1963,2,calving,2026-05-19,
F1964,1,calving,2026-04-18,
F1964,1,sickness,2026-06-15,2026-07-02
F1965,4,sickness,2025-09-20,2025-10-02
F1965,1,calving,2025-11-18,
F1965,4,sickness,2025-11-29,2025-12-05
F1965,1,sickness,2025-12-01,2025-12-21
F1965,1,sickness,2026-01-20,2026-01-30
F1965,2,sickness,2026-05-18,2026-05-27
F1965,2,calving,2026-05-23,
F1965,4,sickness,2026-05-26,2026-06-13
F1965,3,sickness,2026-08-24,2026-09-01
F1965,4,calving,2026-09-06,
F1966,1,calving,2025-11-08,
F1966,5,sickness,2025-11-27,2025-12-07
F1966,4,sickness,2025-12-27,2026-01-12
F1966,5,calving,2025-12-31,
F1966,2,calving,2026-02-11,
F1966,1,sickness,2026-02-28,2026-03-10
F1966,4,sickness,2026-03-23,2026-04-11
F1966,2,sickness,2026-06-26,2026-07-05
F1966,4,sickness,2026-07-01,2026-07-19
F1966,5,sickness,2026-07-03,2026-07-20
F1966,3,calving,2026-09-11,
F1966,4,calving,2026-09-11,
F1967,1,sickness,2025-09-18,2025-10-07
F1967,2,sickness,2025-11-08,2025-11-20
F1967,1,sickness,2026-01-09,2026-01-27
F1967,2,calving,2026-02-05,
F1967,2,sickness,2026-02-16,2026-03-02
F1967,1,sickness,2026-02-18,2026-03-05
F1967,2,sickness,2026-07-07,2026-07-22
F1967,1,calving,2026-08-16,
F1968,1,sickness,2025-09-20,2025-10-06
F1968,1,calving,2025-11-26,
F1968,1,sickness,2026-02-15,2026-02-26
F1968,1,sickness,2026-05-12,2026-05-24
F1969,1,sickness,2025-10-10,2025-10-19
F1969,1,calving,2026-07-17,
F1970,4,calving,2025-09-21,
F1970,2,sickness,2025-11-09,2025-11-18
F1970,2,sickness,2025-12-15,2026-01-01
F1970,2,calving,2026-04-04,
F1970,4,sickness,2026-06-12,2026-06-20
F1970,3,sickness,2026-06-16,2026-06-25
F1970,2,sickness,2026-07-04,2026-07-22
F1970,3,calving,2026-07-11,
F1970,1,calving,2026-07-16,
F1971,1,calving,2025-10-11,
F1972,1,sickness,2025-11-26,2025-12-05
F1972,2,sickness,2026-05-10,2026-05-22
F1972,1,calving,2026-05-20,
F1972,2,sickness,2026-08-22,2026-09-07
F1972,2,calving,2026-08-25,
F1973,1,sickness,2025-10-13,2025-10-28
F1973,1,calving,2026-02-16,
F1973,1,sickness,2026-03-14,2026-04-02
F1973,1,sickness,2026-05-29,2026-06-11
F1973,1,sickness,2026-06-18,2026-06-24
F1974,2,sickness,2025-12-13,2025-12-22
F1974,1,calving,2026-01-03,
F1974,1,sickness,2026-05-31,2026-06-15
F1974,2,sickness,2026-08-27,2026-09-08
F1975,1,calving,2025-10-29,
F1976,1,sickness,2025-10-23,2025-11-11
F1976,1,sickness,2026-04-22,2026-04-30
F1976,1,calving,2026-08-10,
F1977,1,calving,2025-12-03,
F1977,1,sickness,2026-04-08,2026-04-22
F1977,1,sickness,2026-06-23,2026-07-05
F1977,1,sickness,2026-08-03,2026-08-20
F1978,1,sickness,2025-12-06,2025-12-21
F1978,3,calving,2026-02-25,
F1978,2,sickness,2026-05-24,2026-06-06
F1978,1,calving,2026-06-24,
F1978,2,calving,2026-08-18,
F1979,1,sickness,2025-12-02,2025-12-22
F1979,3,calving,2026-01-29,
F1979,2,sickness,2026-03-13,2026-03-20
F1979,1,calving,2026-03-25,
F1979,2,sickness,2026-05-17,2026-05-30
F1979,2,sickness,2026-06-08,2026-06-27
F1979,2,calving,2026-06-13,
F1979,1,sickness,2026-10-03,2026-10-03
F1979,2,sickness,2026-10-03,2026-10-03
F1980,1,sickness,2025-09-17,2025-09-24
F1980,3,calving,2025-09-22,
F1980,1,calving,2025-10-20,
F1980,1,sickness,2025-11-15,2025-11-27
F1980,2,calving,2025-11-24,
F1980,1,sickness,2026-01-08,2026-01-19
F1980,2,sickness,2026-01-14,2026-02-01
F1980,4,sickness,2026-02-05,2026-02-22
F1980,1,sickness,2026-03-14,2026-03-23
F1980,5,calving,2026-03-21,
F1980,4,sickness,2026-05-10,2026-05-21
F1980,5,sickness,2026-05-31,2026-06-09
F1980,3,sickness,2026-06-08,2026-06-27
F1980,4,calving,2026-09-02,
F1981,1,sickness,2026-01-30,2026-02-14
F1981,1,calving,2026-04-11,
F1981,1,sickness,2026-08-14,2026-08-23
F1981,1,sickness,2026-09-21,2026-09-29
F1982,3,calving,2025-11-24,
F1982,4,sickness,2026-04-04,2026-04-11
F1982,1,calving,2026-04-17,
F1982,2,calving,2026-05-28,
F1982,3,sickness,2026-09-20,2026-10-03
F1983,2,sickness,2025-10-04,2025-10-13
F1983,2,sickness,2025-11-05,2025-11-14
F1983,2,calving,2026-04-18,
F1983,1,sickness,2026-06-21,2026-07-03
F1983,1,sickness,2026-08-01,2026-08-12
F1983,2,sickness,2026-09-09,2026-09-25
F1984,4,sickness,2025-10-19,2025-11-07
F1984,5,sickness,2026-01-15,2026-01-22
F1984,1,calving,2026-02-22,
F1984,2,sickness,2026-07-29,2026-08-11
F1984,5,calving,2026-08-10,
F1984,4,calving,2026-08-24,
F1984,3,calving,2026-09-03,
F1984,3,sickness,2026-09-05,2026-09-23
F1984,2,calving,2026-09-06,
F1984,4,sickness,2026-09-27,2026-10-03
F1984,5,sickness,2026-09-30,2026-10-03
F1985,3,calving,2025-11-17,
F1985,5,calving,2025-12-29,
F1985,2,calving,2026-01-13,
F1985,2,sickness,2026-02-13,2026-02-20
F1985,1,sickness,2026-02-26,2026-03-08
F1985,4,calving,2026-04-11,
F1985,2,sickness,2026-05-19,2026-06-08
F1985,3,sickness,2026-06-19,2026-06-27
F1985,5,sickness,2026-06-20,2026-06-28
F1985,1,calving,2026-07-17,
F1986,1,calving,2026-01-01,
F1987,1,sickness,2025-11-28,2025-12-11
F1987,1,calving,2026-01-17,
F1987,1,sickness,2026-03-04,2026-03-17
F1987,1,sickness,2026-08-08,2026-08-17
F1987,1,sickness,2026-09-24,2026-10-03
F1988,1,sickness,2025-10-30,2025-11-09
F1988,1,calving,2026-09-07,
F1989,1,sickness,2025-09-25,2025-10-10
F1989,1,sickness,2025-11-20,2025-12-06
F1989,1,sickness,2026-04-08,2026-04-25
F1989,1,calving,2026-07-27,
F1990,1,sickness,2025-09-26,2025-10-08
F1990,1,sickness,2026-01-31,2026-02-17
F1990,1,calving,2026-07-30,
F1991,1,calving,2025-09-22,
F1992,2,sickness,2026-03-25,2026-04-11
F1992,2,calving,2026-05-25,
F1992,2,sickness,2026-06-29,2026-07-08
F1992,1,calving,2026-08-19,
F1993,1,calving,2025-11-24,
F1993,2,sickness,2026-01-17,2026-02-05
F1993,1,sickness,2026-03-22,2026-04-10
F1993,2,calving,2026-06-09,
F1994,1,calving,2026-04-16,
F1995,1,sickness,2025-12-29,2026-01-05
F1995,1,sickness,2026-02-15,2026-02-21
F1995,1,calving,2026-08-03,
F1995,1,sickness,2026-09-23,2026-10-03
F1996,1,sickness,2025-09-29,2025-10-17
F1996,1,calving,2026-03-16,
F1996,1,sickness,2026-05-07,2026-05-13
F1997,1,calving,2026-06-24,
F1998,2,sickness,2025-09-19,2025-10-08
F1998,1,sickness,2025-10-02,2025-10-18
F1998,3,sickness,2025-10-29,2025-11-15
F1998,2,sickness,2025-11-16,2025-12-04
F1998,1,sickness,2026-01-10,2026-01-30
F1998,3,sickness,2026-02-05,2026-02-21
F1998,1,calving,2026-03-09,
F1999,1,calving,2025-09-27,
F1999,2,sickness,2025-10-28,2025-11-17
F1999,2,sickness,2026-02-19,2026-03-08
F1999,1,sickness,2026-02-28,2026-03-10
F1999,1,calving,2026-08-31,
F2000,1,sickness,2025-11-15,2025-11-23
F2000,1,sickness,2025-12-09,2025-12-29
F2000,2,sickness,2025-12-20,2026-01-07
F2000,2,sickness,2026-01-13,2026-01-24
F2000,2,calving,2026-05-08,
F2000,2,sickness,2026-08-14,2026-08-31
F2000,1,calving,2026-08-16,
F2000,2,sickness,2026-10-01,2026-10-03
