farmer_id,season,harvest_kg,delivered_kg,rust_severity
F0001,2021,2853,1805,0.0
F0001,2022,3559,2232,0.0
F0001,2023,2963,1244,0.0
F0001,2024,3152,1787,0.0
F0001,2025,2695,1573,0.45
F0001,2026,2172,1365,0.3
F0002,2021,542,0,0.0
F0002,2022,730,0,0.0
F0002,2023,792,0,0.33
F0002,2024,654,0,0.0
F0002,2025,576,0,0.0
F0002,2026,566,369,0.0
F0003,2021,1820,1820,0.0
F0003,2022,1153,970,0.17
F0003,2023,1780,1543,0.0
F0003,2024,1222,1083,0.0
F0003,2025,1621,1498,0.0
F0003,2026,1129,901,0.0
F0004,2021,853,480,0.0
F0004,2022,394,271,0.0
F0004,2023,703,417,0.42
F0004,2024,376,233,0.0
F0004,2025,509,373,0.0
F0004,2026,400,257,0.0
F0005,2021,1374,1270,0.0
F0005,2022,1102,1102,0.0
F0005,2023,1151,1055,0.0
F0005,2024,1205,1205,0.0
F0005,2025,812,796,0.0
F0005,2026,999,980,0.0
F0006,2021,1919,698,0.0
F0006,2022,1296,594,0.0
F0006,2023,1834,808,0.0
F0006,2024,1379,571,0.18
F0006,2025,1192,469,0.0
F0006,2026,853,292,0.21
F0007,2021,5332,4558,0.0
F0007,2022,6967,5368,0.0
F0007,2023,5311,3501,0.0
F0007,2024,7560,6477,0.35
F0007,2025,3036,2679,0.0
F0007,2026,5899,3933,0.0
F0008,2021,687,430,0.0
F0008,2022,609,501,0.0
F0008,2023,615,405,0.0
F0008,2024,642,480,0.0
F0008,2025,562,351,0.0
F0008,2026,451,313,0.0
F0009,2021,504,504,0.0
F0009,2022,457,382,0.0
F0009,2023,538,529,0.0
F0009,2024,476,462,0.0
F0009,2025,409,409,0.0
F0009,2026,403,401,0.0
F0010,2021,557,267,0.0
F0010,2022,617,349,0.0
F0010,2023,496,326,0.0
F0010,2024,655,403,0.0
F0010,2025,467,317,0.0
F0010,2026,473,274,0.0
F0011,2021,920,886,0.0
F0011,2022,1230,1230,0.0
F0011,2023,1058,1030,0.0
F0011,2024,1267,1251,0.0
F0011,2025,815,815,0.0
F0011,2026,1165,1116,0.0
F0012,2021,4999,3207,0.0
F0012,2022,2765,2351,0.0
F0012,2023,4434,3657,0.0
F0012,2024,2509,2141,0.0
F0012,2025,3952,3132,0.0
F0012,2026,1837,1472,0.0
F0013,2021,1458,1284,0.0
F0013,2022,1293,1214,0.0
F0013,2023,1620,1461,0.0
F0013,2024,1593,1593,0.0
F0013,2025,1294,1285,0.0
F0013,2026,1165,1105,0.0
F0014,2021,2203,1421,0.19
F0014,2022,1507,867,0.0
F0014,2023,2206,1643,0.41
F0014,2024,1421,905,0.0
F0014,2025,1608,910,0.0
F0014,2026,1721,1099,0.0
F0015,2021,748,653,0.0
F0015,2022,639,494,0.0
F0015,2023,787,535,0.44
F0015,2024,540,396,0.0
F0015,2025,778,677,0.0
F0015,2026,607,459,0.0
F0016,2021,542,445,0.0
F0016,2022,453,409,0.0
F0016,2023,555,460,0.0
F0016,2024,453,435,0.0
F0016,2025,413,371,0.0
F0016,2026,402,321,0.0
F0017,2021,662,338,0.0
F0017,2022,731,277,0.32
F0017,2023,617,295,0.48
F0017,2024,936,482,0.0
F0017,2025,623,286,0.0
F0017,2026,828,396,0.0
F0018,2021,689,522,0.57
F0018,2022,398,283,0.0
F0018,2023,858,679,0.0
F0018,2024,683,553,0.0
F0018,2025,467,386,0.0
F0018,2026,668,471,0.0
F0019,2021,434,314,0.0
F0019,2022,851,713,0.0
F0019,2023,848,706,0.3
F0019,2024,685,553,0.0
F0019,2025,581,495,0.0
F0019,2026,848,740,0.0
F0020,2021,1726,1609,0.0
F0020,2022,1082,1001,0.0
F0020,2023,1611,1489,0.56
F0020,2024,789,724,0.0
F0020,2025,1384,1384,0.19
F0020,2026,842,793,0.0
F0021,2021,317,139,0.0
F0021,2022,327,214,0.0
F0021,2023,277,170,0.33
F0021,2024,274,144,0.0
F0021,2025,231,102,0.0
F0021,2026,250,77,0.31
F0022,2021,281,142,0.0
F0022,2022,365,218,0.0
F0022,2023,292,161,0.0
F0022,2024,337,212,0.34
F0022,2025,208,110,0.0
F0022,2026,387,237,0.0
F0023,2021,632,603,0.0
F0023,2022,823,734,0.0
F0023,2023,593,503,0.0
F0023,2024,918,671,0.0
F0023,2025,383,319,0.0
F0023,2026,660,559,0.0
F0024,2021,350,212,0.29
F0024,2022,526,330,0.0
F0024,2023,409,261,0.0
F0024,2024,783,419,0.0
F0024,2025,296,188,0.0
F0024,2026,546,314,0.0
F0025,2021,1756,1256,0.0
F0025,2022,1029,621,0.0
F0025,2023,1591,1144,0.0
F0025,2024,1481,986,0.0
F0025,2025,1531,1142,0.0
F0025,2026,1121,864,0.0
F0026,2021,806,406,0.46
F0026,2022,379,274,0.0
F0026,2023,1013,628,0.18
F0026,2024,461,292,0.0
F0026,2025,759,376,0.0
F0026,2026,421,298,0.0
F0027,2021,1061,797,0.22
F0027,2022,1215,1060,0.0
F0027,2023,1143,1032,0.0
F0027,2024,1691,1219,0.0
F0027,2025,886,645,0.0
F0027,2026,1245,832,0.0
F0028,2021,1083,737,0.0
F0028,2022,627,412,0.0
F0028,2023,969,726,0.0
F0028,2024,839,604,0.0
F0028,2025,776,450,0.0
F0028,2026,644,350,0.0
F0029,2021,505,460,0.0
F0029,2022,754,675,0.0
F0029,2023,632,632,0.0
F0029,2024,667,587,0.0
F0029,2025,429,425,0.0
F0029,2026,684,646,0.0
F0030,2021,345,266,0.42
F0030,2022,565,461,0.0
F0030,2023,700,341,0.31
F0030,2024,943,531,0.0
F0030,2025,544,405,0.0
F0030,2026,748,504,0.0
F0031,2021,759,736,0.55
F0031,2022,515,439,0.0
F0031,2023,745,575,0.39
F0031,2024,714,714,0.0
F0031,2025,534,495,0.0
F0031,2026,631,473,0.0
F0032,2021,427,415,0.37
F0032,2022,387,387,0.0
F0032,2023,442,295,0.0
F0032,2024,586,527,0.0
F0032,2025,495,416,0.0
F0032,2026,631,528,0.0
F0033,2021,349,209,0.0
F0033,2022,251,143,0.35
F0033,2023,243,116,0.0
F0033,2024,239,176,0.0
F0033,2025,290,166,0.26
F0033,2026,201,141,0.0
F0034,2021,381,300,0.0
F0034,2022,602,506,0.0
F0034,2023,404,293,0.0
F0034,2024,590,483,0.41
F0034,2025,271,180,0.0
F0034,2026,493,380,0.0
F0035,2021,1467,979,0.0
F0035,2022,1266,866,0.28
F0035,2023,1100,630,0.41
F0035,2024,878,572,0.0
F0035,2025,1714,1129,0.17
F0035,2026,1154,806,0.0
F0036,2021,848,780,0.0
F0036,2022,823,733,0.0
F0036,2023,1015,851,0.0
F0036,2024,948,785,0.0
F0036,2025,844,732,0.0
F0036,2026,772,680,0.0
F0037,2021,899,827,0.0
F0037,2022,635,431,0.5
F0037,2023,653,514,0.0
F0037,2024,839,711,0.0
F0037,2025,643,558,0.0
F0037,2026,590,434,0.0
F0038,2021,313,249,0.0
F0038,2022,544,520,0.0
F0038,2023,302,198,0.54
F0038,2024,325,191,0.0
F0038,2025,351,209,0.0
F0038,2026,446,317,0.0
F0039,2021,586,457,0.0
F0039,2022,855,632,0.24
F0039,2023,435,360,0.0
F0039,2024,793,565,0.0
F0039,2025,619,488,0.0
F0039,2026,973,717,0.0
F0040,2021,560,442,0.0
F0040,2022,480,367,0.0
F0040,2023,537,437,0.2
F0040,2024,574,405,0.0
F0040,2025,420,311,0.0
F0040,2026,491,377,0.29
F0041,2021,501,306,0.0
F0041,2022,375,228,0.57
F0041,2023,316,252,0.0
F0041,2024,322,265,0.0
F0041,2025,529,345,0.0
F0041,2026,291,207,0.0
F0042,2021,2740,1833,0.2
F0042,2022,2791,1931,0.0
F0042,2023,2564,1796,0.51
F0042,2024,2422,1886,0.0
F0042,2025,2958,2034,0.57
F0042,2026,2110,1250,0.0
F0043,2021,510,440,0.0
F0043,2022,446,381,0.0
F0043,2023,565,488,0.0
F0043,2024,518,459,0.0
F0043,2025,430,378,0.0
F0043,2026,422,390,0.0
F0044,2021,781,725,0.0
F0044,2022,777,570,0.0
F0044,2023,738,628,0.0
F0044,2024,857,663,0.0
F0044,2025,802,661,0.0
F0044,2026,678,610,0.48
F0045,2021,662,509,0.0
F0045,2022,867,823,0.0
F0045,2023,725,594,0.0
F0045,2024,590,432,0.0
F0045,2025,530,502,0.56
F0045,2026,444,354,0.0
F0046,2021,2619,2134,0.0
F0046,2022,3967,3091,0.0
F0046,2023,2790,2091,0.0
F0046,2024,4114,2585,0.0
F0046,2025,2303,2158,0.0
F0046,2026,2844,2268,0.0
F0047,2021,537,469,0.0
F0047,2022,722,593,0.33
F0047,2023,410,341,0.0
F0047,2024,895,569,0.0
F0047,2025,544,471,0.0
F0047,2026,753,726,0.0
F0048,2021,3381,2925,0.0
F0048,2022,2858,2305,0.0
F0048,2023,4416,4115,0.0
F0048,2024,2995,2345,0.0
F0048,2025,5644,4031,0.0
F0048,2026,3239,2369,0.0
F0049,2021,589,589,0.0
F0049,2022,815,815,0.0
F0049,2023,857,828,0.0
F0049,2024,813,728,0.0
F0049,2025,474,462,0.0
F0049,2026,692,692,0.0
F0050,2021,1030,889,0.0
F0050,2022,1083,836,0.0
F0050,2023,1192,932,0.0
F0050,2024,1066,864,0.56
F0050,2025,813,617,0.0
F0050,2026,1029,880,0.0
F0051,2021,510,418,0.0
F0051,2022,421,421,0.0
F0051,2023,444,377,0.0
F0051,2024,476,427,0.0
F0051,2025,514,421,0.0
F0051,2026,479,426,0.0
F0052,2021,494,490,0.48
F0052,2022,342,306,0.0
F0052,2023,446,375,0.2
F0052,2024,442,442,0.0
F0052,2025,422,386,0.0
F0052,2026,408,385,0.0
F0053,2021,726,625,0.0
F0053,2022,807,713,0.0
F0053,2023,600,497,0.0
F0053,2024,944,755,0.0
F0053,2025,718,590,0.0
F0053,2026,684,678,0.0
F0054,2021,1146,973,0.0
F0054,2022,1483,1185,0.0
F0054,2023,1203,896,0.3
F0054,2024,1080,919,0.0
F0054,2025,1122,912,0.0
F0054,2026,1093,806,0.24
F0055,2021,928,804,0.21
F0055,2022,550,501,0.0
F0055,2023,1306,1216,0.0
F0055,2024,761,645,0.4
F0055,2025,728,684,0.0
F0055,2026,644,590,0.0
F0056,2021,1734,1148,0.0
F0056,2022,1207,939,0.0
F0056,2023,1390,1134,0.46
F0056,2024,800,543,0.0
F0056,2025,1656,1237,0.0
F0056,2026,1216,974,0.0
F0057,2021,2936,2089,0.0
F0057,2022,3885,2378,0.0
F0057,2023,2315,1550,0.53
F0057,2024,3297,2220,0.0
F0057,2025,3663,2676,0.0
F0057,2026,3648,2669,0.0
F0058,2021,288,189,0.0
F0058,2022,212,111,0.0
F0058,2023,295,199,0.0
F0058,2024,245,151,0.0
F0058,2025,213,112,0.0
F0058,2026,178,128,0.0
F0059,2021,615,494,0.0
F0059,2022,583,487,0.0
F0059,2023,618,549,0.0
F0059,2024,566,478,0.0
F0059,2025,676,536,0.0
F0059,2026,519,403,0.0
F0060,2021,1273,877,0.0
F0060,2022,1400,1207,0.0
F0060,2023,1294,769,0.0
F0060,2024,1969,1391,0.0
F0060,2025,1330,1026,0.0
F0060,2026,1903,1310,0.0
F0061,2021,618,458,0.2
F0061,2022,553,405,0.0
F0061,2023,641,435,0.0
F0061,2024,765,611,0.0
F0061,2025,410,347,0.0
F0061,2026,629,528,0.33
F0062,2021,408,157,0.49
F0062,2022,240,80,0.0
F0062,2023,462,177,0.0
F0062,2024,414,233,0.0
F0062,2025,503,264,0.0
F0062,2026,377,197,0.0
F0063,2021,1675,1004,0.0
F0063,2022,1028,660,0.0
F0063,2023,1231,835,0.0
F0063,2024,1067,644,0.0
F0063,2025,1185,794,0.0
F0063,2026,1015,579,0.0
F0064,2021,655,486,0.41
F0064,2022,639,639,0.0
F0064,2023,684,653,0.0
F0064,2024,1242,1185,0.0
F0064,2025,498,445,0.0
F0064,2026,705,670,0.0
F0065,2021,408,408,0.0
F0065,2022,439,386,0.0
F0065,2023,386,297,0.0
F0065,2024,484,484,0.0
F0065,2025,401,401,0.0
F0065,2026,322,298,0.5
F0066,2021,1151,737,0.0
F0066,2022,811,561,0.0
F0066,2023,1353,1040,0.0
F0066,2024,735,528,0.0
F0066,2025,1305,999,0.0
F0066,2026,818,635,0.0
F0067,2021,808,637,0.0
F0067,2022,913,751,0.0
F0067,2023,704,525,0.0
F0067,2024,1183,1068,0.0
F0067,2025,530,441,0.0
F0067,2026,806,624,0.0
F0068,2021,301,139,0.0
F0068,2022,308,189,0.0
F0068,2023,266,134,0.0
F0068,2024,329,199,0.0
F0068,2025,362,229,0.47
F0068,2026,256,164,0.0
F0069,2021,827,665,0.0
F0069,2022,552,515,0.0
F0069,2023,775,775,0.0
F0069,2024,558,462,0.0
F0069,2025,741,609,0.0
F0069,2026,549,519,0.0
F0070,2021,1034,808,0.0
F0070,2022,944,824,0.0
F0070,2023,1182,1163,0.0
F0070,2024,1230,1052,0.0
F0070,2025,700,600,0.0
F0070,2026,842,842,0.0
F0071,2021,732,616,0.19
F0071,2022,521,411,0.45
F0071,2023,555,489,0.0
F0071,2024,559,385,0.0
F0071,2025,719,521,0.0
F0071,2026,487,390,0.51
F0072,2021,310,235,0.0
F0072,2022,332,225,0.0
F0072,2023,370,237,0.0
F0072,2024,280,179,0.0
F0072,2025,459,318,0.18
F0072,2026,271,205,0.0
F0073,2021,2781,2313,0.0
F0073,2022,2122,1609,0.0
F0073,2023,3474,2971,0.0
F0073,2024,2671,2370,0.0
F0073,2025,1979,1349,0.19
F0073,2026,1430,1065,0.18
F0074,2021,1294,969,0.33
F0074,2022,1385,872,0.0
F0074,2023,1059,781,0.0
F0074,2024,1463,1083,0.55
F0074,2025,906,691,0.0
F0074,2026,1075,842,0.0
F0075,2021,186,127,0.0
F0075,2022,150,90,0.0
F0075,2023,154,117,0.0
F0075,2024,85,47,0.0
F0075,2025,156,97,0.0
F0075,2026,120,80,0.0
F0076,2021,1175,718,0.0
F0076,2022,856,391,0.0
F0076,2023,1081,556,0.0
F0076,2024,918,503,0.0
F0076,2025,879,397,0.0
F0076,2026,683,445,0.0
F0077,2021,1119,637,0.0
F0077,2022,1747,996,0.0
F0077,2023,1257,691,0.0
F0077,2024,1494,771,0.0
F0077,2025,1428,938,0.0
F0077,2026,1578,1023,0.34
F0078,2021,434,188,0.0
F0078,2022,419,256,0.0
F0078,2023,357,198,0.52
F0078,2024,269,144,0.0
F0078,2025,401,167,0.26
F0078,2026,341,178,0.51
F0079,2021,665,518,0.0
F0079,2022,585,491,0.37
F0079,2023,591,519,0.0
F0079,2024,704,684,0.58
F0079,2025,357,314,0.0
F0079,2026,564,421,0.0
F0080,2021,972,835,0.0
F0080,2022,1640,1561,0.0
F0080,2023,999,999,0.0
F0080,2024,1849,1478,0.0
F0080,2025,1222,1072,0.0
F0080,2026,2002,1875,0.0
F0081,2021,1720,1152,0.0
F0081,2022,2128,1721,0.0
F0081,2023,1456,1024,0.0
F0081,2024,1872,1166,0.0
F0081,2025,1854,1471,0.0
F0081,2026,2088,1829,0.0
F0082,2021,1427,1140,0.4
F0082,2022,746,529,0.44
F0082,2023,1146,664,0.3
F0082,2024,1085,773,0.0
F0082,2025,1140,843,0.0
F0082,2026,1311,903,0.0
F0083,2021,798,582,0.0
F0083,2022,966,585,0.42
F0083,2023,395,233,0.53
F0083,2024,788,557,0.0
F0083,2025,669,502,0.0
F0083,2026,1074,697,0.0
F0084,2021,1252,1020,0.0
F0084,2022,2245,2009,0.0
F0084,2023,1345,1145,0.0
F0084,2024,1716,1230,0.0
F0084,2025,1293,1183,0.41
F0084,2026,1456,1273,0.0
F0085,2021,2056,1033,0.0
F0085,2022,1917,1149,0.0
F0085,2023,2450,1701,0.0
F0085,2024,2293,1128,0.52
F0085,2025,1041,493,0.0
F0085,2026,1762,851,0.0
F0086,2021,338,338,0.0
F0086,2022,638,564,0.0
F0086,2023,337,337,0.0
F0086,2024,519,519,0.0
F0086,2025,429,394,0.47
F0086,2026,419,380,0.0
F0087,2021,1989,1493,0.35
F0087,2022,1546,1043,0.0
F0087,2023,1809,1052,0.0
F0087,2024,1359,751,0.0
F0087,2025,1479,925,0.0
F0087,2026,1393,867,0.32
F0088,2021,740,617,0.0
F0088,2022,623,577,0.0
F0088,2023,763,711,0.0
F0088,2024,742,713,0.0
F0088,2025,579,533,0.0
F0088,2026,518,464,0.0
F0089,2021,1626,753,0.0
F0089,2022,774,264,0.0
F0089,2023,1228,804,0.0
F0089,2024,759,352,0.0
F0089,2025,1249,750,0.42
F0089,2026,599,317,0.0
F0090,2021,462,340,0.0
F0090,2022,332,284,0.35
F0090,2023,391,291,0.0
F0090,2024,309,244,0.0
F0090,2025,367,269,0.35
F0090,2026,291,219,0.0
F0091,2021,276,204,0.54
F0091,2022,175,154,0.0
F0091,2023,327,279,0.0
F0091,2024,331,296,0.0
F0091,2025,262,200,0.0
F0091,2026,281,244,0.0
F0092,2021,1007,828,0.0
F0092,2022,1308,1308,0.0
F0092,2023,1011,1011,0.0
F0092,2024,1086,889,0.0
F0092,2025,981,981,0.43
F0092,2026,804,743,0.56
F0093,2021,628,316,0.0
F0093,2022,713,473,0.0
F0093,2023,586,337,0.0
F0093,2024,525,288,0.0
F0093,2025,656,266,0.0
F0093,2026,618,325,0.0
F0094,2021,1002,816,0.0
F0094,2022,880,774,0.38
F0094,2023,960,724,0.0
F0094,2024,922,826,0.4
F0094,2025,709,616,0.0
F0094,2026,705,589,0.27
F0095,2021,1197,1137,0.47
F0095,2022,1420,1120,0.0
F0095,2023,1688,1213,0.0
F0095,2024,1633,1437,0.47
F0095,2025,1402,1292,0.0
F0095,2026,1623,1348,0.45
F0096,2021,620,481,0.0
F0096,2022,571,437,0.0
F0096,2023,588,444,0.0
F0096,2024,500,348,0.26
F0096,2025,519,375,0.0
F0096,2026,554,406,0.0
F0097,2021,1082,996,0.0
F0097,2022,1269,1269,0.18
F0097,2023,968,968,0.0
F0097,2024,1454,1353,0.0
F0097,2025,694,628,0.0
F0097,2026,1383,1383,0.0
F0098,2021,205,123,0.52
F0098,2022,106,77,0.0
F0098,2023,192,138,0.0
F0098,2024,168,114,0.0
F0098,2025,227,152,0.0
F0098,2026,153,94,0.0
F0099,2021,1170,927,0.0
F0099,2022,1486,1353,0.0
F0099,2023,1319,1301,0.0
F0099,2024,1523,1389,0.0
F0099,2025,1290,1245,0.0
F0099,2026,1798,1572,0.0
F0100,2021,1796,900,0.0
F0100,2022,1015,560,0.0
F0100,2023,1769,977,0.0
F0100,2024,1007,776,0.0
F0100,2025,1278,861,0.0
F0100,2026,827,525,0.0
F0101,2021,648,491,0.0
F0101,2022,553,398,0.0
F0101,2023,644,449,0.0
F0101,2024,485,458,0.44
F0101,2025,441,362,0.0
F0101,2026,591,477,0.0
F0102,2021,1438,846,0.25
F0102,2022,1067,666,0.0
F0102,2023,1475,1130,0.54
F0102,2024,984,672,0.0
F0102,2025,1707,1365,0.52
F0102,2026,896,716,0.0
F0103,2021,2652,1779,0.0
F0103,2022,1637,1196,0.0
F0103,2023,2602,2020,0.0
F0103,2024,2434,2089,0.0
F0103,2025,2043,1386,0.0
F0103,2026,2082,1529,0.0
F0104,2021,908,557,0.0
F0104,2022,547,236,0.0
F0104,2023,779,498,0.0
F0104,2024,665,335,0.0
F0104,2025,925,501,0.0
F0104,2026,538,270,0.0
F0105,2021,572,402,0.0
F0105,2022,294,230,0.0
F0105,2023,451,348,0.0
F0105,2024,351,241,0.26
F0105,2025,483,337,0.0
F0105,2026,276,208,0.47
F0106,2021,152,137,0.0
F0106,2022,120,97,0.0
F0106,2023,192,187,0.0
F0106,2024,139,133,0.0
F0106,2025,98,95,0.0
F0106,2026,121,121,0.0
F0107,2021,2081,1745,0.0
F0107,2022,2231,1800,0.33
F0107,2023,1485,1439,0.0
F0107,2024,2252,1719,0.0
F0107,2025,2205,1556,0.0
F0107,2026,1935,1337,0.0
F0108,2021,1259,1166,0.0
F0108,2022,770,686,0.0
F0108,2023,1329,1096,0.0
F0108,2024,662,637,0.0
F0108,2025,1529,1330,0.0
F0108,2026,665,636,0.0
F0109,2021,898,788,0.0
F0109,2022,1364,1161,0.0
F0109,2023,802,802,0.34
F0109,2024,1068,951,0.0
F0109,2025,765,666,0.0
F0109,2026,1400,1083,0.0
F0110,2021,1523,802,0.0
F0110,2022,868,446,0.0
F0110,2023,1196,659,0.0
F0110,2024,790,410,0.0
F0110,2025,1127,545,0.39
F0110,2026,558,269,0.0
F0111,2021,1412,972,0.0
F0111,2022,1656,1147,0.0
F0111,2023,1439,957,0.0
F0111,2024,1664,990,0.0
F0111,2025,1035,723,0.52
F0111,2026,1147,926,0.0
F0112,2021,585,535,0.29
F0112,2022,294,253,0.3
F0112,2023,495,435,0.0
F0112,2024,457,414,0.0
F0112,2025,426,384,0.0
F0112,2026,392,368,0.24
F0113,2021,1257,1064,0.37
F0113,2022,986,799,0.0
F0113,2023,1408,1106,0.0
F0113,2024,1253,1050,0.0
F0113,2025,1590,1314,0.0
F0113,2026,1077,1021,0.0
F0114,2021,1328,821,0.0
F0114,2022,702,459,0.0
F0114,2023,1536,961,0.0
F0114,2024,703,557,0.0
F0114,2025,1122,640,0.0
F0114,2026,760,479,0.0
F0115,2021,1846,1627,0.0
F0115,2022,1408,1076,0.35
F0115,2023,1686,1352,0.0
F0115,2024,1962,1675,0.0
F0115,2025,1318,1161,0.0
F0115,2026,1478,1089,0.0
F0116,2021,498,330,0.0
F0116,2022,595,489,0.0
F0116,2023,503,354,0.0
F0116,2024,686,539,0.0
F0116,2025,547,429,0.31
F0116,2026,592,478,0.0
F0117,2021,1178,809,0.0
F0117,2022,1041,913,0.49
F0117,2023,991,638,0.0
F0117,2024,1213,812,0.0
F0117,2025,1158,793,0.0
F0117,2026,1033,737,0.53
F0118,2021,2548,1829,0.0
F0118,2022,1738,1425,0.0
F0118,2023,2806,2433,0.0
F0118,2024,1766,1156,0.0
F0118,2025,1933,1451,0.0
F0118,2026,1456,1144,0.0
F0119,2021,1289,933,0.0
F0119,2022,1122,1005,0.0
F0119,2023,1149,907,0.0
F0119,2024,1102,986,0.0
F0119,2025,1505,1322,0.0
F0119,2026,929,791,0.0
F0120,2021,289,241,0.56
F0120,2022,315,279,0.0
F0120,2023,268,239,0.0
F0120,2024,398,288,0.0
F0120,2025,260,247,0.0
F0120,2026,287,246,0.58
F0121,2021,1584,1306,0.0
F0121,2022,1634,1520,0.0
F0121,2023,1329,996,0.0
F0121,2024,2176,1703,0.0
F0121,2025,1318,1223,0.0
F0121,2026,1575,1397,0.0
F0122,2021,2552,1767,0.0
F0122,2022,2951,1636,0.0
F0122,2023,2229,1589,0.0
F0122,2024,3363,1907,0.0
F0122,2025,3205,1755,0.0
F0122,2026,3010,1982,0.0
F0123,2021,744,489,0.0
F0123,2022,479,294,0.58
F0123,2023,454,270,0.0
F0123,2024,465,273,0.0
F0123,2025,628,316,0.0
F0123,2026,559,235,0.0
F0124,2021,274,273,0.15
F0124,2022,283,242,0.0
F0124,2023,330,304,0.0
F0124,2024,314,288,0.0
F0124,2025,227,204,0.0
F0124,2026,234,176,0.0
F0125,2021,827,792,0.0
F0125,2022,997,997,0.0
F0125,2023,1376,1357,0.0
F0125,2024,1225,1173,0.18
F0125,2025,1129,1129,0.0
F0125,2026,1181,1181,0.0
F0126,2021,266,209,0.38
F0126,2022,335,240,0.0
F0126,2023,260,160,0.5
F0126,2024,269,214,0.0
F0126,2025,299,189,0.0
F0126,2026,335,236,0.0
F0127,2021,1088,719,0.18
F0127,2022,634,465,0.0
F0127,2023,1144,1018,0.0
F0127,2024,824,605,0.0
F0127,2025,1115,849,0.0
F0127,2026,556,492,0.0
F0128,2021,1173,795,0.43
F0128,2022,1310,912,0.0
F0128,2023,1544,1113,0.0
F0128,2024,1733,1294,0.0
F0128,2025,1522,1343,0.0
F0128,2026,1334,959,0.47
F0129,2021,1004,979,0.0
F0129,2022,558,558,0.32
F0129,2023,909,844,0.0
F0129,2024,818,818,0.0
F0129,2025,1066,1066,0.0
F0129,2026,749,749,0.0
F0130,2021,841,675,0.0
F0130,2022,707,549,0.0
F0130,2023,924,664,0.0
F0130,2024,719,628,0.0
F0130,2025,675,527,0.0
F0130,2026,629,496,0.0
F0131,2021,1416,815,0.0
F0131,2022,891,540,0.0
F0131,2023,1218,580,0.0
F0131,2024,822,349,0.28
F0131,2025,1192,498,0.0
F0131,2026,823,448,0.0
F0132,2021,630,370,0.0
F0132,2022,526,289,0.0
F0132,2023,642,404,0.0
F0132,2024,435,233,0.0
F0132,2025,434,192,0.0
F0132,2026,439,251,0.38
F0133,2021,1530,840,0.0
F0133,2022,1499,935,0.0
F0133,2023,1715,877,0.0
F0133,2024,2079,1123,0.0
F0133,2025,1166,525,0.0
F0133,2026,1322,632,0.0
F0134,2021,731,443,0.0
F0134,2022,703,457,0.0
F0134,2023,730,653,0.17
F0134,2024,745,448,0.0
F0134,2025,884,582,0.0
F0134,2026,580,345,0.0
F0135,2021,200,55,0.28
F0135,2022,110,42,0.0
F0135,2023,177,39,0.0
F0135,2024,127,37,0.0
F0135,2025,206,65,0.0
F0135,2026,128,30,0.26
F0136,2021,1010,750,0.45
F0136,2022,977,712,0.0
F0136,2023,1180,841,0.0
F0136,2024,1010,645,0.45
F0136,2025,540,395,0.34
F0136,2026,666,427,0.0
F0137,2021,352,301,0.55
F0137,2022,417,346,0.0
F0137,2023,422,372,0.0
F0137,2024,541,531,0.0
F0137,2025,496,458,0.0
F0137,2026,634,632,0.0
F0138,2021,1369,1026,0.0
F0138,2022,1107,759,0.0
F0138,2023,1111,880,0.0
F0138,2024,1238,983,0.35
F0138,2025,1160,870,0.0
F0138,2026,1370,979,0.0
F0139,2021,339,210,0.0
F0139,2022,320,232,0.0
F0139,2023,294,182,0.0
F0139,2024,380,255,0.0
F0139,2025,192,137,0.0
F0139,2026,266,193,0.0
F0140,2021,461,290,0.0
F0140,2022,317,232,0.0
F0140,2023,309,210,0.27
F0140,2024,278,183,0.17
F0140,2025,430,271,0.0
F0140,2026,314,204,0.0
F0141,2021,1122,1058,0.0
F0141,2022,809,782,0.0
F0141,2023,1033,721,0.0
F0141,2024,662,662,0.0
F0141,2025,891,874,0.44
F0141,2026,562,562,0.0
F0142,2021,1502,1397,0.0
F0142,2022,790,790,0.0
F0142,2023,1446,1014,0.0
F0142,2024,876,792,0.0
F0142,2025,1000,838,0.16
F0142,2026,1010,803,0.0
F0143,2021,1666,1138,0.0
F0143,2022,2190,1994,0.4
F0143,2023,1191,939,0.0
F0143,2024,2853,2314,0.0
F0143,2025,1533,1310,0.0
F0143,2026,2436,2281,0.0
F0144,2021,579,509,0.2
F0144,2022,707,629,0.0
F0144,2023,619,619,0.0
F0144,2024,657,508,0.0
F0144,2025,478,394,0.0
F0144,2026,732,573,0.0
F0145,2021,788,743,0.0
F0145,2022,793,787,0.0
F0145,2023,873,766,0.28
F0145,2024,717,676,0.0
F0145,2025,712,637,0.0
F0145,2026,738,555,0.16
F0146,2021,298,194,0.0
F0146,2022,206,123,0.23
F0146,2023,202,130,0.0
F0146,2024,293,218,0.0
F0146,2025,267,197,0.0
F0146,2026,206,157,0.0
F0147,2021,1262,1153,0.0
F0147,2022,749,672,0.0
F0147,2023,1137,1059,0.0
F0147,2024,785,590,0.0
F0147,2025,1307,1264,0.0
F0147,2026,795,615,0.0
F0148,2021,1807,1143,0.0
F0148,2022,1012,647,0.0
F0148,2023,1361,1028,0.0
F0148,2024,957,685,0.0
F0148,2025,1327,983,0.0
F0148,2026,1080,805,0.0
F0149,2021,596,286,0.0
F0149,2022,635,396,0.0
F0149,2023,524,180,0.57
F0149,2024,402,256,0.49
F0149,2025,357,212,0.0
F0149,2026,542,242,0.0
F0150,2021,202,122,0.0
F0150,2022,307,205,0.0
F0150,2023,193,138,0.0
F0150,2024,280,213,0.0
F0150,2025,213,154,0.0
F0150,2026,291,228,0.0
F0151,2021,671,608,0.0
F0151,2022,441,381,0.0
F0151,2023,765,765,0.0
F0151,2024,486,467,0.0
F0151,2025,506,432,0.0
F0151,2026,408,356,0.0
F0152,2021,1481,1372,0.0
F0152,2022,2512,2512,0.0
F0152,2023,1403,1331,0.0
F0152,2024,2258,2258,0.0
F0152,2025,1611,1611,0.0
F0152,2026,1662,1337,0.42
F0153,2021,879,743,0.0
F0153,2022,930,930,0.0
F0153,2023,899,899,0.0
F0153,2024,744,744,0.0
F0153,2025,781,702,0.4
F0153,2026,680,680,0.0
F0154,2021,2296,1683,0.34
F0154,2022,1103,743,0.0
F0154,2023,2768,2194,0.0
F0154,2024,2077,1593,0.0
F0154,2025,1889,1470,0.0
F0154,2026,1168,862,0.0
F0155,2021,1991,795,0.4
F0155,2022,1479,929,0.2
F0155,2023,1543,740,0.0
F0155,2024,1562,844,0.0
F0155,2025,1870,1021,0.0
F0155,2026,1653,939,0.0
F0156,2021,682,460,0.0
F0156,2022,542,433,0.0
F0156,2023,561,485,0.0
F0156,2024,655,505,0.0
F0156,2025,549,470,0.52
F0156,2026,459,340,0.0
F0157,2021,943,943,0.0
F0157,2022,568,450,0.0
F0157,2023,959,865,0.0
F0157,2024,683,607,0.0
F0157,2025,688,534,0.0
F0157,2026,500,415,0.0
F0158,2021,460,361,0.0
F0158,2022,976,708,0.0
F0158,2023,619,484,0.0
F0158,2024,691,462,0.52
F0158,2025,403,270,0.19
F0158,2026,665,532,0.0
F0159,2021,565,464,0.0
F0159,2022,502,398,0.0
F0159,2023,454,406,0.0
F0159,2024,299,223,0.0
F0159,2025,500,456,0.35
F0159,2026,276,255,0.0
F0160,2021,2573,1537,0.0
F0160,2022,1935,1254,0.0
F0160,2023,2821,1748,0.0
F0160,2024,2053,1240,0.0
F0160,2025,1742,1073,0.0
F0160,2026,1557,910,0.0
F0161,2021,745,676,0.0
F0161,2022,642,642,0.0
F0161,2023,655,655,0.0
F0161,2024,671,534,0.0
F0161,2025,830,830,0.0
F0161,2026,612,580,0.0
F0162,2021,893,795,0.0
F0162,2022,489,408,0.0
F0162,2023,829,825,0.0
F0162,2024,540,510,0.0
F0162,2025,840,592,0.0
F0162,2026,535,430,0.0
F0163,2021,551,457,0.0
F0163,2022,671,671,0.0
F0163,2023,496,452,0.0
F0163,2024,625,556,0.0
F0163,2025,334,225,0.0
F0163,2026,471,397,0.0
F0164,2021,685,613,0.0
F0164,2022,657,552,0.0
F0164,2023,624,528,0.0
F0164,2024,602,510,0.0
F0164,2025,620,521,0.0
F0164,2026,511,362,0.0
F0165,2021,376,289,0.0
F0165,2022,511,450,0.0
F0165,2023,656,559,0.0
F0165,2024,706,648,0.0
F0165,2025,566,517,0.3
F0165,2026,521,460,0.0
F0166,2021,600,550,0.0
F0166,2022,633,509,0.0
F0166,2023,592,517,0.0
F0166,2024,563,467,0.0
F0166,2025,397,366,0.0
F0166,2026,501,476,0.0
F0167,2021,2051,1318,0.0
F0167,2022,3053,2199,0.0
F0167,2023,1765,1263,0.0
F0167,2024,3874,2148,0.0
F0167,2025,2033,1616,0.0
F0167,2026,2327,1511,0.0
F0168,2021,1137,756,0.0
F0168,2022,1621,968,0.0
F0168,2023,1181,837,0.0
F0168,2024,1638,1267,0.0
F0168,2025,1173,714,0.0
F0168,2026,1812,1112,0.0
F0169,2021,685,621,0.0
F0169,2022,642,522,0.0
F0169,2023,709,574,0.0
F0169,2024,589,435,0.0
F0169,2025,523,365,0.0
F0169,2026,528,315,0.0
F0170,2021,1064,852,0.0
F0170,2022,663,433,0.0
F0170,2023,826,776,0.0
F0170,2024,746,588,0.0
F0170,2025,759,488,0.0
F0170,2026,500,395,0.0
F0171,2021,3211,3126,0.0
F0171,2022,2182,1949,0.0
F0171,2023,3046,2396,0.0
F0171,2024,1983,1739,0.0
F0171,2025,2693,1887,0.0
F0171,2026,2152,2054,0.0
F0172,2021,1237,1010,0.0
F0172,2022,1855,1696,0.0
F0172,2023,1294,1294,0.0
F0172,2024,2436,1974,0.0
F0172,2025,1016,749,0.0
F0172,2026,1900,1726,0.0
F0173,2021,869,641,0.0
F0173,2022,1022,628,0.0
F0173,2023,1004,753,0.0
F0173,2024,1263,891,0.0
F0173,2025,1181,1024,0.0
F0173,2026,1034,812,0.0
F0174,2021,1923,1352,0.0
F0174,2022,2571,1570,0.0
F0174,2023,1789,1318,0.0
F0174,2024,1731,1186,0.0
F0174,2025,1535,1029,0.0
F0174,2026,1723,849,0.59
F0175,2021,2051,1716,0.0
F0175,2022,1315,1079,0.0
F0175,2023,2002,1430,0.0
F0175,2024,1339,1164,0.3
F0175,2025,1316,1278,0.0
F0175,2026,1364,1108,0.0
F0176,2021,445,325,0.0
F0176,2022,654,533,0.0
F0176,2023,367,322,0.0
F0176,2024,824,680,0.0
F0176,2025,452,413,0.0
F0176,2026,631,521,0.17
F0177,2021,1252,716,0.0
F0177,2022,1179,710,0.0
F0177,2023,951,692,0.0
F0177,2024,1057,658,0.0
F0177,2025,814,533,0.0
F0177,2026,1195,705,0.0
F0178,2021,1937,1393,0.0
F0178,2022,2072,1316,0.0
F0178,2023,2122,1724,0.0
F0178,2024,2241,1482,0.0
F0178,2025,1275,754,0.0
F0178,2026,1642,792,0.0
F0179,2021,3792,3435,0.39
F0179,2022,3871,3484,0.0
F0179,2023,4123,3926,0.0
F0179,2024,6557,5325,0.0
F0179,2025,5004,4750,0.0
F0179,2026,5560,5443,0.0
F0180,2021,744,641,0.42
F0180,2022,804,661,0.0
F0180,2023,755,606,0.0
F0180,2024,1126,930,0.0
F0180,2025,637,352,0.3
F0180,2026,768,658,0.0
F0181,2021,476,340,0.0
F0181,2022,315,304,0.0
F0181,2023,382,298,0.57
F0181,2024,260,197,0.0
F0181,2025,294,245,0.0
F0181,2026,253,208,0.0
F0182,2021,668,514,0.5
F0182,2022,626,408,0.0
F0182,2023,721,594,0.0
F0182,2024,977,734,0.0
F0182,2025,831,498,0.0
F0182,2026,998,665,0.0
F0183,2021,702,559,0.52
F0183,2022,348,288,0.57
F0183,2023,496,373,0.0
F0183,2024,471,316,0.0
F0183,2025,618,498,0.0
F0183,2026,549,414,0.3
F0184,2021,825,720,0.0
F0184,2022,1075,1060,0.0
F0184,2023,992,882,0.0
F0184,2024,1321,1254,0.0
F0184,2025,749,749,0.0
F0184,2026,1095,888,0.0
F0185,2021,452,267,0.55
F0185,2022,344,220,0.0
F0185,2023,471,249,0.0
F0185,2024,517,365,0.45
F0185,2025,453,286,0.0
F0185,2026,482,271,0.0
F0186,2021,2534,1895,0.0
F0186,2022,2387,1413,0.0
F0186,2023,2948,2027,0.0
F0186,2024,2560,1840,0.0
F0186,2025,2477,1393,0.37
F0186,2026,1937,1423,0.34
F0187,2021,1903,630,0.0
F0187,2022,1647,375,0.0
F0187,2023,1783,505,0.0
F0187,2024,2733,961,0.0
F0187,2025,1456,305,0.0
F0187,2026,1569,461,0.0
F0188,2021,416,317,0.48
F0188,2022,485,370,0.0
F0188,2023,426,305,0.17
F0188,2024,594,420,0.31
F0188,2025,341,278,0.0
F0188,2026,542,459,0.0
F0189,2021,1705,1150,0.0
F0189,2022,1755,1417,0.0
F0189,2023,1535,1134,0.55
F0189,2024,1116,1019,0.0
F0189,2025,1780,1325,0.15
F0189,2026,1417,1093,0.0
F0190,2021,223,202,0.0
F0190,2022,288,265,0.35
F0190,2023,279,252,0.0
F0190,2024,422,311,0.0
F0190,2025,251,231,0.0
F0190,2026,413,369,0.0
F0191,2021,368,267,0.0
F0191,2022,413,404,0.0
F0191,2023,416,338,0.0
F0191,2024,378,301,0.0
F0191,2025,400,343,0.0
F0191,2026,285,271,0.0
F0192,2021,628,478,0.0
F0192,2022,694,478,0.0
F0192,2023,533,442,0.0
F0192,2024,664,478,0.0
F0192,2025,629,468,0.0
F0192,2026,678,497,0.0
F0193,2021,1530,1315,0.0
F0193,2022,946,776,0.0
F0193,2023,1283,1128,0.0
F0193,2024,1112,912,0.0
F0193,2025,902,798,0.0
F0193,2026,666,560,0.35
F0194,2021,341,315,0.0
F0194,2022,363,317,0.0
F0194,2023,279,208,0.42
F0194,2024,229,178,0.15
F0194,2025,343,343,0.0
F0194,2026,268,230,0.0
F0195,2021,384,346,0.0
F0195,2022,460,379,0.0
F0195,2023,396,396,0.37
F0195,2024,322,280,0.0
F0195,2025,351,314,0.0
F0195,2026,435,381,0.0
F0196,2021,1383,1030,0.0
F0196,2022,1881,1425,0.0
F0196,2023,1724,1496,0.0
F0196,2024,1873,1354,0.4
F0196,2025,962,752,0.49
F0196,2026,1306,1114,0.0
F0197,2021,324,169,0.0
F0197,2022,550,319,0.0
F0197,2023,300,193,0.15
F0197,2024,511,405,0.0
F0197,2025,314,222,0.0
F0197,2026,533,312,0.0
F0198,2021,1497,1150,0.53
F0198,2022,650,432,0.0
F0198,2023,1589,1371,0.0
F0198,2024,1196,848,0.0
F0198,2025,1429,1043,0.0
F0198,2026,1091,822,0.0
F0199,2021,1949,1128,0.0
F0199,2022,1654,1059,0.0
F0199,2023,1914,1143,0.0
F0199,2024,1788,976,0.27
F0199,2025,1602,969,0.0
F0199,2026,1154,812,0.0
F0200,2021,813,655,0.0
F0200,2022,1051,909,0.0
F0200,2023,643,508,0.0
F0200,2024,948,761,0.57
F0200,2025,563,490,0.0
F0200,2026,1145,890,0.0
F0201,2021,1149,1149,0.0
F0201,2022,792,700,0.0
F0201,2023,1338,1205,0.0
F0201,2024,650,480,0.0
F0201,2025,987,929,0.56
F0201,2026,481,481,0.0
F0202,2021,2559,1709,0.0
F0202,2022,1922,1626,0.0
F0202,2023,2443,1927,0.0
F0202,2024,2346,1864,0.0
F0202,2025,2425,1763,0.0
F0202,2026,2034,1348,0.0
F0203,2021,488,238,0.5
F0203,2022,372,258,0.0
F0203,2023,428,245,0.0
F0203,2024,443,209,0.0
F0203,2025,551,295,0.0
F0203,2026,413,210,0.0
F0204,2021,787,421,0.0
F0204,2022,456,248,0.0
F0204,2023,744,391,0.0
F0204,2024,439,261,0.0
F0204,2025,663,437,0.0
F0204,2026,452,257,0.55
F0205,2021,1269,1132,0.0
F0205,2022,1080,1080,0.0
F0205,2023,1264,1111,0.0
F0205,2024,1682,1549,0.17
F0205,2025,835,807,0.0
F0205,2026,1263,1157,0.0
F0206,2021,126,84,0.0
F0206,2022,101,53,0.0
F0206,2023,106,76,0.0
F0206,2024,99,70,0.53
F0206,2025,75,59,0.0
F0206,2026,83,58,0.0
F0207,2021,445,336,0.0
F0207,2022,527,213,0.0
F0207,2023,364,264,0.0
F0207,2024,475,251,0.0
F0207,2025,386,227,0.56
F0207,2026,299,173,0.0
F0208,2021,529,453,0.0
F0208,2022,633,597,0.4
F0208,2023,485,485,0.0
F0208,2024,941,934,0.0
F0208,2025,528,404,0.0
F0208,2026,631,499,0.0
F0209,2021,686,482,0.0
F0209,2022,1037,679,0.0
F0209,2023,562,434,0.21
F0209,2024,883,689,0.0
F0209,2025,840,662,0.0
F0209,2026,1253,931,0.0
F0210,2021,3828,3383,0.0
F0210,2022,2010,1667,0.0
F0210,2023,3556,3399,0.0
F0210,2024,2058,1887,0.0
F0210,2025,2897,2897,0.0
F0210,2026,1454,1279,0.0
F0211,2021,1008,917,0.0
F0211,2022,1248,1133,0.0
F0211,2023,795,727,0.0
F0211,2024,1274,1185,0.0
F0211,2025,620,566,0.0
F0211,2026,1166,993,0.0
F0212,2021,924,659,0.0
F0212,2022,516,417,0.22
F0212,2023,663,446,0.0
F0212,2024,506,334,0.0
F0212,2025,822,533,0.0
F0212,2026,345,219,0.51
F0213,2021,402,128,0.27
F0213,2022,283,85,0.23
F0213,2023,438,105,0.0
F0213,2024,383,130,0.0
F0213,2025,506,124,0.0
F0213,2026,403,141,0.0
F0214,2021,904,314,0.0
F0214,2022,435,147,0.29
F0214,2023,553,147,0.0
F0214,2024,573,232,0.0
F0214,2025,628,236,0.0
F0214,2026,337,125,0.0
F0215,2021,548,418,0.0
F0215,2022,827,525,0.0
F0215,2023,380,339,0.0
F0215,2024,857,509,0.0
F0215,2025,451,357,0.0
F0215,2026,572,392,0.0
F0216,2021,1001,731,0.19
F0216,2022,759,517,0.0
F0216,2023,1079,931,0.0
F0216,2024,778,668,0.0
F0216,2025,852,575,0.54
F0216,2026,661,478,0.0
F0217,2021,941,605,0.3
F0217,2022,628,443,0.29
F0217,2023,998,640,0.0
F0217,2024,1103,627,0.0
F0217,2025,795,490,0.0
F0217,2026,898,563,0.0
F0218,2021,2369,2129,0.47
F0218,2022,1678,1465,0.0
F0218,2023,2604,2014,0.0
F0218,2024,2368,1922,0.0
F0218,2025,2701,1720,0.0
F0218,2026,2031,1808,0.0
F0219,2021,1739,1044,0.0
F0219,2022,1215,841,0.0
F0219,2023,1882,1066,0.0
F0219,2024,1154,529,0.0
F0219,2025,1594,703,0.0
F0219,2026,1332,807,0.0
F0220,2021,1206,1105,0.0
F0220,2022,778,778,0.0
F0220,2023,1106,1019,0.0
F0220,2024,906,875,0.0
F0220,2025,876,736,0.0
F0220,2026,745,697,0.0
F0221,2021,2062,1426,0.25
F0221,2022,1570,1197,0.0
F0221,2023,1951,1539,0.0
F0221,2024,1896,1274,0.51
F0221,2025,1976,1402,0.0
F0221,2026,2515,2081,0.0
F0222,2021,8256,4625,0.0
F0222,2022,8033,4954,0.0
F0222,2023,8216,5017,0.0
F0222,2024,9361,6765,0.0
F0222,2025,8845,6209,0.0
F0222,2026,7930,5567,0.27
F0223,2021,528,422,0.0
F0223,2022,598,386,0.0
F0223,2023,408,291,0.0
F0223,2024,700,575,0.56
F0223,2025,205,144,0.52
F0223,2026,462,303,0.0
F0224,2021,711,469,0.0
F0224,2022,1636,1301,0.0
F0224,2023,1010,525,0.0
F0224,2024,1988,1308,0.0
F0224,2025,1127,650,0.0
F0224,2026,1356,730,0.0
F0225,2021,1370,1209,0.0
F0225,2022,1108,1108,0.0
F0225,2023,1335,1116,0.21
F0225,2024,720,720,0.0
F0225,2025,1494,1394,0.0
F0225,2026,994,911,0.0
F0226,2021,2171,1948,0.29
F0226,2022,1648,1561,0.17
F0226,2023,1737,1559,0.0
F0226,2024,2281,1986,0.0
F0226,2025,1268,1134,0.0
F0226,2026,2014,1809,0.0
F0227,2021,659,357,0.5
F0227,2022,388,217,0.0
F0227,2023,683,295,0.3
F0227,2024,482,258,0.0
F0227,2025,977,561,0.0
F0227,2026,558,200,0.0
F0228,2021,402,258,0.0
F0228,2022,431,292,0.0
F0228,2023,380,221,0.0
F0228,2024,337,239,0.0
F0228,2025,342,249,0.0
F0228,2026,407,318,0.0
F0229,2021,1915,1784,0.0
F0229,2022,2326,1880,0.0
F0229,2023,2312,1736,0.0
F0229,2024,2263,1901,0.0
F0229,2025,1482,1397,0.27
F0229,2026,1686,1302,0.0
F0230,2021,448,356,0.0
F0230,2022,700,455,0.0
F0230,2023,351,261,0.0
F0230,2024,579,455,0.26
F0230,2025,368,267,0.34
F0230,2026,472,361,0.52
F0231,2021,838,613,0.0
F0231,2022,709,510,0.0
F0231,2023,922,810,0.0
F0231,2024,727,587,0.0
F0231,2025,807,545,0.0
F0231,2026,704,604,0.0
F0232,2021,708,531,0.0
F0232,2022,760,538,0.0
F0232,2023,653,365,0.0
F0232,2024,987,698,0.0
F0232,2025,510,292,0.0
F0232,2026,885,568,0.0
F0233,2021,1442,1024,0.51
F0233,2022,1527,717,0.0
F0233,2023,1338,608,0.0
F0233,2024,2542,1205,0.0
F0233,2025,1444,870,0.48
F0233,2026,1634,974,0.0
F0234,2021,1360,1088,0.0
F0234,2022,1458,1243,0.0
F0234,2023,1542,1494,0.45
F0234,2024,1221,1034,0.0
F0234,2025,1828,1565,0.0
F0234,2026,1515,1324,0.17
F0235,2021,648,475,0.0
F0235,2022,623,386,0.54
F0235,2023,403,301,0.0
F0235,2024,947,707,0.0
F0235,2025,452,299,0.0
F0235,2026,587,449,0.0
F0236,2021,3493,3366,0.0
F0236,2022,3726,3132,0.0
F0236,2023,3405,2586,0.0
F0236,2024,3918,3573,0.0
F0236,2025,4507,3719,0.0
F0236,2026,2686,2212,0.43
F0237,2021,1470,1342,0.0
F0237,2022,1070,948,0.0
F0237,2023,1517,1245,0.0
F0237,2024,971,814,0.0
F0237,2025,1318,1245,0.0
F0237,2026,1068,963,0.0
F0238,2021,399,315,0.0
F0238,2022,651,426,0.0
F0238,2023,451,268,0.0
F0238,2024,566,443,0.0
F0238,2025,407,342,0.0
F0238,2026,515,392,0.0
F0239,2021,384,384,0.0
F0239,2022,370,341,0.0
F0239,2023,408,326,0.0
F0239,2024,331,304,0.0
F0239,2025,514,442,0.0
F0239,2026,293,269,0.37
F0240,2021,1508,1387,0.0
F0240,2022,812,651,0.0
F0240,2023,1364,1235,0.0
F0240,2024,724,636,0.0
F0240,2025,1127,987,0.0
F0240,2026,800,760,0.0
F0241,2021,360,293,0.0
F0241,2022,390,366,0.0
F0241,2023,394,325,0.0
F0241,2024,360,319,0.0
F0241,2025,345,262,0.0
F0241,2026,372,353,0.26
F0242,2021,901,603,0.0
F0242,2022,614,489,0.57
F0242,2023,538,395,0.33
F0242,2024,549,450,0.0
F0242,2025,881,696,0.0
F0242,2026,467,239,0.0
F0243,2021,483,339,0.0
F0243,2022,365,250,0.42
F0243,2023,395,315,0.0
F0243,2024,362,267,0.0
F0243,2025,433,311,0.0
F0243,2026,366,264,0.0
F0244,2021,991,718,0.0
F0244,2022,631,413,0.0
F0244,2023,845,603,0.31
F0244,2024,611,463,0.0
F0244,2025,759,603,0.0
F0244,2026,450,316,0.0
F0245,2021,571,347,0.0
F0245,2022,489,245,0.0
F0245,2023,442,252,0.35
F0245,2024,494,296,0.0
F0245,2025,617,280,0.0
F0245,2026,410,193,0.41
F0246,2021,956,810,0.0
F0246,2022,823,677,0.0
F0246,2023,1864,1756,0.0
F0246,2024,937,825,0.0
F0246,2025,1515,1503,0.0
F0246,2026,1090,1023,0.0
F0247,2021,189,133,0.0
F0247,2022,249,248,0.0
F0247,2023,234,234,0.0
F0247,2024,289,234,0.25
F0247,2025,133,114,0.0
F0247,2026,185,175,0.0
F0248,2021,926,703,0.0
F0248,2022,858,542,0.35
F0248,2023,699,553,0.0
F0248,2024,836,588,0.0
F0248,2025,940,787,0.0
F0248,2026,722,593,0.0
F0249,2021,634,453,0.4
F0249,2022,559,535,0.0
F0249,2023,650,530,0.0
F0249,2024,660,555,0.29
F0249,2025,466,421,0.0
F0249,2026,568,542,0.42
F0250,2021,325,231,0.0
F0250,2022,411,281,0.0
F0250,2023,435,376,0.0
F0250,2024,341,325,0.0
F0250,2025,312,261,0.0
F0250,2026,331,269,0.0
F0251,2021,948,769,0.0
F0251,2022,900,742,0.0
F0251,2023,761,569,0.0
F0251,2024,753,545,0.0
F0251,2025,1164,926,0.18
F0251,2026,646,536,0.0
F0252,2021,505,486,0.0
F0252,2022,405,394,0.0
F0252,2023,538,516,0.0
F0252,2024,372,312,0.0
F0252,2025,556,448,0.0
F0252,2026,383,383,0.0
F0253,2021,476,363,0.41
F0253,2022,352,259,0.35
F0253,2023,443,326,0.0
F0253,2024,560,391,0.0
F0253,2025,427,303,0.0
F0253,2026,424,260,0.44
F0254,2021,503,458,0.0
F0254,2022,670,579,0.0
F0254,2023,409,378,0.0
F0254,2024,688,629,0.0
F0254,2025,513,443,0.0
F0254,2026,611,532,0.0
F0255,2021,1768,1315,0.37
F0255,2022,984,704,0.0
F0255,2023,1673,1050,0.0
F0255,2024,1142,761,0.0
F0255,2025,2038,1581,0.0
F0255,2026,1255,952,0.0
F0256,2021,659,277,0.0
F0256,2022,637,253,0.0
F0256,2023,613,285,0.0
F0256,2024,683,263,0.5
F0256,2025,330,148,0.22
F0256,2026,419,151,0.27
F0257,2021,1758,1619,0.0
F0257,2022,1326,1168,0.0
F0257,2023,1446,1387,0.0
F0257,2024,1459,1120,0.35
F0257,2025,1334,1241,0.44
F0257,2026,809,723,0.0
F0258,2021,1443,1281,0.0
F0258,2022,882,722,0.0
F0258,2023,1565,1448,0.0
F0258,2024,821,660,0.0
F0258,2025,1236,1039,0.0
F0258,2026,808,685,0.0
F0259,2021,4642,3827,0.0
F0259,2022,4174,3604,0.0
F0259,2023,4130,3403,0.0
F0259,2024,6373,6193,0.31
F0259,2025,2322,1842,0.0
F0259,2026,4257,3906,0.0
F0260,2021,827,518,0.0
F0260,2022,1352,712,0.0
F0260,2023,767,317,0.0
F0260,2024,1222,661,0.0
F0260,2025,785,417,0.2
F0260,2026,855,365,0.0
F0261,2021,932,690,0.31
F0261,2022,1321,1129,0.16
F0261,2023,1227,949,0.0
F0261,2024,1310,1116,0.0
F0261,2025,1000,832,0.0
F0261,2026,1309,1276,0.0
F0262,2021,635,610,0.0
F0262,2022,605,495,0.0
F0262,2023,633,547,0.0
F0262,2024,785,708,0.0
F0262,2025,487,436,0.0
F0262,2026,632,529,0.0
F0263,2021,926,596,0.0
F0263,2022,512,303,0.34
F0263,2023,598,348,0.0
F0263,2024,618,424,0.38
F0263,2025,761,617,0.0
F0263,2026,506,363,0.0
F0264,2021,849,633,0.0
F0264,2022,676,504,0.28
F0264,2023,642,419,0.0
F0264,2024,752,522,0.0
F0264,2025,970,697,0.0
F0264,2026,637,473,0.19
F0265,2021,730,620,0.0
F0265,2022,968,759,0.0
F0265,2023,692,464,0.0
F0265,2024,998,828,0.53
F0265,2025,418,377,0.0
F0265,2026,722,575,0.41
F0266,2021,1363,644,0.0
F0266,2022,1474,783,0.0
F0266,2023,1062,553,0.0
F0266,2024,2003,701,0.5
F0266,2025,739,235,0.0
F0266,2026,1268,794,0.0
F0267,2021,797,633,0.0
F0267,2022,849,673,0.39
F0267,2023,815,581,0.0
F0267,2024,822,684,0.0
F0267,2025,941,713,0.39
F0267,2026,821,609,0.0
F0268,2021,742,633,0.46
F0268,2022,538,522,0.0
F0268,2023,769,628,0.0
F0268,2024,900,821,0.0
F0268,2025,724,532,0.0
F0268,2026,821,749,0.0
F0269,2021,374,233,0.0
F0269,2022,235,168,0.0
F0269,2023,338,191,0.0
F0269,2024,274,172,0.0
F0269,2025,408,246,0.4
F0269,2026,154,110,0.0
F0270,2021,2599,2299,0.15
F0270,2022,2628,2269,0.0
F0270,2023,2180,1705,0.23
F0270,2024,2127,1543,0.0
F0270,2025,2842,2547,0.0
F0270,2026,2123,1789,0.0
F0271,2021,723,536,0.0
F0271,2022,634,521,0.0
F0271,2023,678,535,0.0
F0271,2024,776,740,0.0
F0271,2025,618,517,0.0
F0271,2026,609,502,0.0
F0272,2021,315,145,0.0
F0272,2022,604,213,0.0
F0272,2023,316,146,0.0
F0272,2024,750,481,0.0
F0272,2025,400,228,0.56
F0272,2026,473,278,0.0
F0273,2021,1816,1589,0.0
F0273,2022,1281,1203,0.0
F0273,2023,1950,1721,0.0
F0273,2024,1410,1228,0.0
F0273,2025,2162,2022,0.0
F0273,2026,1309,1309,0.0
F0274,2021,1461,1407,0.0
F0274,2022,1469,1183,0.0
F0274,2023,1867,1867,0.52
F0274,2024,1497,1497,0.0
F0274,2025,1367,1367,0.0
F0274,2026,1461,1368,0.0
F0275,2021,702,537,0.0
F0275,2022,769,670,0.0
F0275,2023,626,533,0.0
F0275,2024,850,677,0.0
F0275,2025,791,710,0.0
F0275,2026,764,676,0.31
F0276,2021,899,891,0.0
F0276,2022,577,565,0.0
F0276,2023,950,874,0.0
F0276,2024,482,482,0.0
F0276,2025,871,871,0.55
F0276,2026,264,264,0.39
F0277,2021,1392,559,0.0
F0277,2022,906,346,0.0
F0277,2023,1655,651,0.0
F0277,2024,1058,337,0.0
F0277,2025,837,292,0.0
F0277,2026,756,259,0.0
F0278,2021,540,452,0.0
F0278,2022,938,890,0.0
F0278,2023,619,474,0.0
F0278,2024,1040,756,0.0
F0278,2025,632,538,0.0
F0278,2026,936,836,0.0
F0279,2021,315,181,0.27
F0279,2022,292,169,0.0
F0279,2023,357,180,0.0
F0279,2024,327,203,0.0
F0279,2025,315,216,0.42
F0279,2026,237,122,0.0
F0280,2021,524,393,0.0
F0280,2022,337,268,0.0
F0280,2023,589,586,0.54
F0280,2024,245,194,0.0
F0280,2025,435,300,0.0
F0280,2026,245,194,0.0
F0281,2021,1425,1151,0.0
F0281,2022,1893,1893,0.0
F0281,2023,1433,1072,0.0
F0281,2024,2363,1938,0.0
F0281,2025,1582,1261,0.0
F0281,2026,1760,1330,0.0
F0282,2021,136,115,0.0
F0282,2022,94,94,0.0
F0282,2023,122,122,0.0
F0282,2024,109,96,0.0
F0282,2025,127,112,0.33
F0282,2026,77,69,0.34
F0283,2021,907,403,0.0
F0283,2022,562,263,0.0
F0283,2023,875,241,0.34
F0283,2024,489,145,0.0
F0283,2025,589,295,0.0
F0283,2026,463,124,0.36
F0284,2021,305,261,0.0
F0284,2022,454,405,0.0
F0284,2023,265,265,0.0
F0284,2024,437,415,0.25
F0284,2025,234,191,0.0
F0284,2026,337,336,0.0
F0285,2021,1122,1065,0.2
F0285,2022,1025,702,0.0
F0285,2023,1193,947,0.0
F0285,2024,781,655,0.3
F0285,2025,883,789,0.0
F0285,2026,1191,1119,0.0
F0286,2021,747,334,0.55
F0286,2022,302,125,0.0
F0286,2023,796,365,0.0
F0286,2024,520,227,0.27
F0286,2025,431,182,0.0
F0286,2026,445,171,0.0
F0287,2021,1032,635,0.4
F0287,2022,638,521,0.0
F0287,2023,968,853,0.0
F0287,2024,884,777,0.38
F0287,2025,916,750,0.0
F0287,2026,1040,856,0.0
F0288,2021,1159,926,0.0
F0288,2022,1083,957,0.0
F0288,2023,1213,781,0.0
F0288,2024,1177,840,0.0
F0288,2025,1081,830,0.0
F0288,2026,1113,837,0.0
F0289,2021,146,80,0.23
F0289,2022,104,32,0.4
F0289,2023,204,82,0.0
F0289,2024,130,74,0.26
F0289,2025,158,78,0.0
F0289,2026,105,56,0.54
F0290,2021,302,176,0.3
F0290,2022,456,330,0.0
F0290,2023,307,188,0.0
F0290,2024,574,456,0.0
F0290,2025,297,146,0.0
F0290,2026,552,412,0.0
F0291,2021,1364,1364,0.0
F0291,2022,1711,1393,0.0
F0291,2023,1905,1900,0.0
F0291,2024,1397,1393,0.0
F0291,2025,1527,1383,0.0
F0291,2026,1726,1577,0.0
F0292,2021,1065,786,0.0
F0292,2022,645,572,0.0
F0292,2023,980,750,0.0
F0292,2024,705,615,0.0
F0292,2025,714,657,0.0
F0292,2026,564,524,0.0
F0293,2021,507,444,0.0
F0293,2022,596,485,0.0
F0293,2023,374,358,0.0
F0293,2024,668,515,0.0
F0293,2025,470,383,0.56
F0293,2026,402,383,0.0
F0294,2021,1085,989,0.56
F0294,2022,547,472,0.0
F0294,2023,1361,931,0.0
F0294,2024,630,451,0.0
F0294,2025,1370,1000,0.0
F0294,2026,889,653,0.0
F0295,2021,442,213,0.0
F0295,2022,675,395,0.0
F0295,2023,919,668,0.0
F0295,2024,956,532,0.0
F0295,2025,626,380,0.0
F0295,2026,817,423,0.0
F0296,2021,588,255,0.0
F0296,2022,609,283,0.0
F0296,2023,542,248,0.0
F0296,2024,673,252,0.21
F0296,2025,525,240,0.0
F0296,2026,622,224,0.0
F0297,2021,805,735,0.0
F0297,2022,1045,882,0.0
F0297,2023,731,523,0.0
F0297,2024,842,791,0.0
F0297,2025,804,559,0.0
F0297,2026,1076,885,0.0
F0298,2021,1740,1646,0.0
F0298,2022,782,596,0.28
F0298,2023,1008,714,0.45
F0298,2024,879,694,0.42
F0298,2025,851,689,0.0
F0298,2026,829,546,0.0
F0299,2021,2252,1815,0.0
F0299,2022,2960,2586,0.0
F0299,2023,2527,2246,0.0
F0299,2024,2982,2108,0.0
F0299,2025,2191,1508,0.0
F0299,2026,2532,1989,0.0
F0300,2021,1572,1255,0.0
F0300,2022,1146,862,0.46
F0300,2023,1570,1475,0.0
F0300,2024,1441,1313,0.0
F0300,2025,2456,1961,0.0
F0300,2026,1594,1347,0.0
F0301,2021,2068,1593,0.0
F0301,2022,1495,1215,0.58
F0301,2023,1525,1192,0.0
F0301,2024,2334,1984,0.0
F0301,2025,1590,1297,0.0
F0301,2026,1695,1346,0.0
F0302,2021,289,230,0.0
F0302,2022,236,219,0.0
F0302,2023,245,245,0.0
F0302,2024,254,214,0.0
F0302,2025,374,372,0.0
F0302,2026,212,192,0.0
F0303,2021,2120,1192,0.0
F0303,2022,1857,965,0.58
F0303,2023,1331,934,0.0
F0303,2024,1734,968,0.0
F0303,2025,2192,1301,0.0
F0303,2026,2449,1515,0.0
F0304,2021,591,524,0.34
F0304,2022,491,491,0.0
F0304,2023,497,437,0.0
F0304,2024,769,769,0.0
F0304,2025,323,322,0.0
F0304,2026,449,424,0.0
F0305,2021,1663,840,0.0
F0305,2022,1983,1103,0.0
F0305,2023,1294,583,0.0
F0305,2024,1930,1007,0.0
F0305,2025,1487,735,0.0
F0305,2026,1653,829,0.0
F0306,2021,3255,2307,0.0
F0306,2022,2133,1428,0.0
F0306,2023,2683,2068,0.0
F0306,2024,2372,1639,0.0
F0306,2025,3147,2724,0.0
F0306,2026,1915,1674,0.0
F0307,2021,1963,1712,0.0
F0307,2022,1061,1050,0.0
F0307,2023,1786,1335,0.0
F0307,2024,1265,1210,0.0
F0307,2025,1393,1340,0.0
F0307,2026,950,815,0.0
F0308,2021,2467,1430,0.0
F0308,2022,1919,1252,0.0
F0308,2023,2224,1450,0.0
F0308,2024,1837,1017,0.39
F0308,2025,2294,1684,0.18
F0308,2026,1664,1053,0.0
F0309,2021,1087,853,0.0
F0309,2022,1251,918,0.0
F0309,2023,922,430,0.0
F0309,2024,1099,741,0.0
F0309,2025,1218,893,0.0
F0309,2026,1208,710,0.0
F0310,2021,1593,1072,0.0
F0310,2022,824,541,0.0
F0310,2023,1118,759,0.0
F0310,2024,892,622,0.0
F0310,2025,847,639,0.0
F0310,2026,719,588,0.0
F0311,2021,1321,887,0.0
F0311,2022,924,762,0.0
F0311,2023,1347,858,0.0
F0311,2024,866,481,0.0
F0311,2025,1344,946,0.0
F0311,2026,896,631,0.0
F0312,2021,1702,1428,0.0
F0312,2022,1312,883,0.0
F0312,2023,1516,1229,0.0
F0312,2024,1433,1098,0.0
F0312,2025,1526,1201,0.51
F0312,2026,1045,868,0.0
F0313,2021,832,750,0.0
F0313,2022,554,543,0.0
F0313,2023,897,688,0.48
F0313,2024,466,345,0.2
F0313,2025,579,445,0.0
F0313,2026,599,460,0.0
F0314,2021,765,419,0.0
F0314,2022,815,410,0.0
F0314,2023,863,453,0.0
F0314,2024,950,397,0.0
F0314,2025,758,419,0.0
F0314,2026,692,393,0.0
F0315,2021,542,305,0.33
F0315,2022,491,267,0.27
F0315,2023,530,359,0.0
F0315,2024,565,306,0.0
F0315,2025,606,202,0.44
F0315,2026,501,287,0.0
F0316,2021,1116,385,0.0
F0316,2022,1486,718,0.46
F0316,2023,807,388,0.0
F0316,2024,1772,850,0.0
F0316,2025,811,405,0.0
F0316,2026,1066,462,0.0
F0317,2021,1723,909,0.0
F0317,2022,925,467,0.26
F0317,2023,1731,1284,0.0
F0317,2024,842,458,0.0
F0317,2025,1806,714,0.0
F0317,2026,977,452,0.48
F0318,2021,539,508,0.0
F0318,2022,569,441,0.0
F0318,2023,677,597,0.0
F0318,2024,547,535,0.0
F0318,2025,611,519,0.0
F0318,2026,536,467,0.0
F0319,2021,505,401,0.0
F0319,2022,293,256,0.0
F0319,2023,499,409,0.0
F0319,2024,311,263,0.2
F0319,2025,307,251,0.0
F0319,2026,223,198,0.0
F0320,2021,814,703,0.0
F0320,2022,1260,1201,0.0
F0320,2023,747,726,0.0
F0320,2024,1070,1065,0.38
F0320,2025,778,549,0.0
F0320,2026,992,933,0.0
F0321,2021,2495,1746,0.0
F0321,2022,2789,1998,0.0
F0321,2023,1705,1230,0.0
F0321,2024,2487,1542,0.0
F0321,2025,2154,1718,0.51
F0321,2026,2382,1841,0.0
F0322,2021,686,569,0.0
F0322,2022,786,722,0.0
F0322,2023,692,463,0.0
F0322,2024,914,749,0.0
F0322,2025,501,417,0.56
F0322,2026,518,401,0.0
F0323,2021,942,504,0.0
F0323,2022,1009,794,0.0
F0323,2023,889,557,0.0
F0323,2024,1186,881,0.0
F0323,2025,917,676,0.0
F0323,2026,813,575,0.0
F0324,2021,798,602,0.0
F0324,2022,741,538,0.0
F0324,2023,900,661,0.0
F0324,2024,807,623,0.0
F0324,2025,808,637,0.0
F0324,2026,911,733,0.0
F0325,2021,492,349,0.21
F0325,2022,551,267,0.0
F0325,2023,578,330,0.0
F0325,2024,726,419,0.19
F0325,2025,404,254,0.0
F0325,2026,648,269,0.0
F0326,2021,1926,1783,0.48
F0326,2022,843,827,0.0
F0326,2023,1312,1211,0.0
F0326,2024,1128,1055,0.0
F0326,2025,1798,1763,0.0
F0326,2026,1052,1052,0.0
F0327,2021,956,440,0.0
F0327,2022,741,420,0.0
F0327,2023,813,472,0.2
F0327,2024,751,415,0.0
F0327,2025,1049,440,0.0
F0327,2026,801,414,0.0
F0328,2021,3021,1946,0.0
F0328,2022,1832,980,0.0
F0328,2023,3422,1920,0.0
F0328,2024,2305,1521,0.0
F0328,2025,2605,1835,0.0
F0328,2026,1653,1287,0.0
F0329,2021,635,474,0.0
F0329,2022,438,401,0.51
F0329,2023,369,359,0.0
F0329,2024,465,430,0.17
F0329,2025,567,537,0.0
F0329,2026,459,432,0.0
F0330,2021,884,712,0.56
F0330,2022,641,478,0.0
F0330,2023,1006,668,0.0
F0330,2024,863,633,0.0
F0330,2025,1309,904,0.0
F0330,2026,812,616,0.0
F0331,2021,562,442,0.0
F0331,2022,398,300,0.0
F0331,2023,524,366,0.0
F0331,2024,492,369,0.0
F0331,2025,463,333,0.0
F0331,2026,291,206,0.0
F0332,2021,382,311,0.0
F0332,2022,612,488,0.0
F0332,2023,781,661,0.0
F0332,2024,958,689,0.0
F0332,2025,818,579,0.49
F0332,2026,637,545,0.26
F0333,2021,1755,1623,0.0
F0333,2022,1923,1876,0.0
F0333,2023,1815,1708,0.0
F0333,2024,2465,2385,0.39
F0333,2025,1478,1466,0.0
F0333,2026,1844,1844,0.0
F0334,2021,413,259,0.23
F0334,2022,299,159,0.0
F0334,2023,443,285,0.0
F0334,2024,375,234,0.0
F0334,2025,291,164,0.0
F0334,2026,257,172,0.57
F0335,2021,1279,893,0.0
F0335,2022,964,469,0.0
F0335,2023,1149,620,0.0
F0335,2024,916,497,0.44
F0335,2025,887,492,0.44
F0335,2026,551,209,0.0
F0336,2021,938,721,0.0
F0336,2022,558,492,0.0
F0336,2023,813,621,0.4
F0336,2024,478,372,0.0
F0336,2025,891,665,0.49
F0336,2026,507,428,0.0
F0337,2021,927,641,0.38
F0337,2022,910,603,0.0
F0337,2023,869,651,0.0
F0337,2024,1096,770,0.52
F0337,2025,540,398,0.0
F0337,2026,910,607,0.23
F0338,2021,276,240,0.0
F0338,2022,340,278,0.0
F0338,2023,202,169,0.17
F0338,2024,396,379,0.0
F0338,2025,257,219,0.0
F0338,2026,301,272,0.0
F0339,2021,1412,1412,0.0
F0339,2022,1466,1461,0.0
F0339,2023,1295,1228,0.0
F0339,2024,1342,1061,0.0
F0339,2025,1370,1370,0.0
F0339,2026,1602,1350,0.0
F0340,2021,76,59,0.0
F0340,2022,97,84,0.23
F0340,2023,64,48,0.27
F0340,2024,91,61,0.0
F0340,2025,36,21,0.0
F0340,2026,80,51,0.0
F0341,2021,353,175,0.33
F0341,2022,404,238,0.0
F0341,2023,390,228,0.0
F0341,2024,521,248,0.57
F0341,2025,287,160,0.0
F0341,2026,511,355,0.0
F0342,2021,245,214,0.0
F0342,2022,247,176,0.42
F0342,2023,169,141,0.0
F0342,2024,296,233,0.0
F0342,2025,303,276,0.0
F0342,2026,272,234,0.0
F0343,2021,1160,687,0.0
F0343,2022,1301,891,0.0
F0343,2023,1490,974,0.0
F0343,2024,1269,856,0.0
F0343,2025,1125,786,0.0
F0343,2026,852,692,0.0
F0344,2021,2249,1855,0.34
F0344,2022,1267,1267,0.0
F0344,2023,2257,2057,0.0
F0344,2024,1551,1209,0.0
F0344,2025,1916,1667,0.0
F0344,2026,1568,1515,0.0
F0345,2021,914,611,0.0
F0345,2022,1175,743,0.0
F0345,2023,705,400,0.21
F0345,2024,967,662,0.0
F0345,2025,790,643,0.31
F0345,2026,920,622,0.0
F0346,2021,800,694,0.0
F0346,2022,466,351,0.0
F0346,2023,825,629,0.0
F0346,2024,525,485,0.0
F0346,2025,575,476,0.0
F0346,2026,414,335,0.0
F0347,2021,1069,516,0.0
F0347,2022,854,571,0.0
F0347,2023,1223,840,0.0
F0347,2024,806,543,0.0
F0347,2025,1051,707,0.34
F0347,2026,576,359,0.0
F0348,2021,675,529,0.33
F0348,2022,505,390,0.59
F0348,2023,514,433,0.0
F0348,2024,628,561,0.0
F0348,2025,672,672,0.0
F0348,2026,642,535,0.0
F0349,2021,365,270,0.43
F0349,2022,354,267,0.0
F0349,2023,394,302,0.0
F0349,2024,446,367,0.54
F0349,2025,223,187,0.0
F0349,2026,277,225,0.44
F0350,2021,1692,1619,0.0
F0350,2022,1316,1185,0.0
F0350,2023,1350,1189,0.0
F0350,2024,1490,1285,0.0
F0350,2025,1539,1356,0.0
F0350,2026,1539,1287,0.0
F0351,2021,5702,3708,0.0
F0351,2022,3461,2475,0.0
F0351,2023,5462,3464,0.0
F0351,2024,2934,1757,0.56
F0351,2025,4569,3076,0.0
F0351,2026,3991,2728,0.0
F0352,2021,1691,1461,0.0
F0352,2022,1174,918,0.0
F0352,2023,1486,1351,0.0
F0352,2024,1107,974,0.0
F0352,2025,1167,1027,0.59
F0352,2026,665,626,0.0
F0353,2021,1001,616,0.0
F0353,2022,1066,697,0.0
F0353,2023,825,570,0.0
F0353,2024,1136,644,0.0
F0353,2025,868,715,0.3
F0353,2026,626,413,0.0
F0354,2021,236,189,0.0
F0354,2022,199,194,0.0
F0354,2023,213,185,0.0
F0354,2024,205,187,0.0
F0354,2025,222,191,0.0
F0354,2026,238,194,0.0
F0355,2021,1897,1825,0.0
F0355,2022,1024,948,0.0
F0355,2023,1495,1477,0.37
F0355,2024,1219,929,0.3
F0355,2025,1219,967,0.0
F0355,2026,1397,1124,0.25
F0356,2021,492,336,0.0
F0356,2022,783,758,0.0
F0356,2023,443,343,0.0
F0356,2024,737,669,0.0
F0356,2025,490,490,0.0
F0356,2026,690,583,0.0
F0357,2021,2798,2218,0.0
F0357,2022,1388,1084,0.0
F0357,2023,2848,2472,0.4
F0357,2024,1127,913,0.0
F0357,2025,3010,2283,0.0
F0357,2026,1607,1236,0.0
F0358,2021,584,437,0.0
F0358,2022,780,540,0.0
F0358,2023,686,468,0.0
F0358,2024,795,599,0.0
F0358,2025,536,460,0.0
F0358,2026,561,327,0.0
F0359,2021,1492,1281,0.0
F0359,2022,1291,1044,0.0
F0359,2023,1769,1748,0.0
F0359,2024,1166,1012,0.0
F0359,2025,2313,2058,0.0
F0359,2026,1311,1132,0.0
F0360,2021,722,523,0.0
F0360,2022,578,356,0.0
F0360,2023,673,509,0.17
F0360,2024,463,391,0.0
F0360,2025,669,532,0.0
F0360,2026,554,342,0.2
F0361,2021,2271,1288,0.0
F0361,2022,1851,1083,0.0
F0361,2023,2410,1574,0.0
F0361,2024,1791,1249,0.4
F0361,2025,1694,1288,0.0
F0361,2026,1684,852,0.0
F0362,2021,238,194,0.0
F0362,2022,293,269,0.5
F0362,2023,149,115,0.0
F0362,2024,366,292,0.0
F0362,2025,194,156,0.0
F0362,2026,275,238,0.0
F0363,2021,502,442,0.42
F0363,2022,408,348,0.0
F0363,2023,404,314,0.0
F0363,2024,440,440,0.0
F0363,2025,405,397,0.0
F0363,2026,543,543,0.0
F0364,2021,1992,1186,0.0
F0364,2022,1233,630,0.0
F0364,2023,1792,1001,0.0
F0364,2024,1327,913,0.0
F0364,2025,1308,980,0.0
F0364,2026,1001,644,0.0
F0365,2021,1386,821,0.0
F0365,2022,1360,997,0.0
F0365,2023,1326,1003,0.0
F0365,2024,1207,838,0.0
F0365,2025,1484,1000,0.0
F0365,2026,1569,1261,0.0
F0366,2021,1369,756,0.0
F0366,2022,1140,781,0.0
F0366,2023,1011,667,0.0
F0366,2024,1269,768,0.0
F0366,2025,995,475,0.0
F0366,2026,980,578,0.0
F0367,2021,594,400,0.0
F0367,2022,605,466,0.0
F0367,2023,669,534,0.0
F0367,2024,680,428,0.0
F0367,2025,462,308,0.3
F0367,2026,502,332,0.0
F0368,2021,554,502,0.0
F0368,2022,1084,1025,0.0
F0368,2023,648,608,0.0
F0368,2024,1355,1145,0.0
F0368,2025,751,606,0.0
F0368,2026,1210,1025,0.0
F0369,2021,1541,1373,0.0
F0369,2022,1192,1156,0.0
F0369,2023,1404,1351,0.0
F0369,2024,1228,1185,0.0
F0369,2025,1379,1170,0.0
F0369,2026,1176,1176,0.24
F0370,2021,1851,1401,0.0
F0370,2022,2716,1859,0.0
F0370,2023,2505,2024,0.0
F0370,2024,3303,2681,0.0
F0370,2025,1505,1177,0.4
F0370,2026,2028,1391,0.0
F0371,2021,1319,1132,0.0
F0371,2022,1616,1151,0.0
F0371,2023,943,691,0.0
F0371,2024,2027,1612,0.0
F0371,2025,1121,940,0.0
F0371,2026,1313,1234,0.0
F0372,2021,661,375,0.0
F0372,2022,596,341,0.0
F0372,2023,818,417,0.0
F0372,2024,577,282,0.0
F0372,2025,945,548,0.0
F0372,2026,591,302,0.0
F0373,2021,638,619,0.0
F0373,2022,416,362,0.0
F0373,2023,712,573,0.0
F0373,2024,592,421,0.0
F0373,2025,357,303,0.0
F0373,2026,460,431,0.0
F0374,2021,2499,1956,0.0
F0374,2022,3337,2643,0.0
F0374,2023,2425,1737,0.51
F0374,2024,2138,1445,0.43
F0374,2025,2076,1433,0.0
F0374,2026,2894,2670,0.0
F0375,2021,1979,1901,0.0
F0375,2022,996,953,0.0
F0375,2023,1827,1689,0.0
F0375,2024,1272,886,0.0
F0375,2025,1716,1716,0.0
F0375,2026,1159,1146,0.0
F0376,2021,393,341,0.0
F0376,2022,480,377,0.53
F0376,2023,294,287,0.5
F0376,2024,413,356,0.0
F0376,2025,381,321,0.0
F0376,2026,431,361,0.0
F0377,2021,1433,1292,0.0
F0377,2022,1507,1339,0.0
F0377,2023,1231,1202,0.0
F0377,2024,1868,1728,0.0
F0377,2025,1553,1401,0.0
F0377,2026,1894,1723,0.0
F0378,2021,1543,953,0.0
F0378,2022,911,482,0.0
F0378,2023,1525,1020,0.0
F0378,2024,842,631,0.0
F0378,2025,1519,893,0.0
F0378,2026,1244,851,0.0
F0379,2021,1583,991,0.0
F0379,2022,1343,942,0.0
F0379,2023,1735,1584,0.0
F0379,2024,2318,1857,0.0
F0379,2025,1330,1282,0.0
F0379,2026,1510,1063,0.0
F0380,2021,437,307,0.0
F0380,2022,470,314,0.0
F0380,2023,359,252,0.0
F0380,2024,439,278,0.0
F0380,2025,510,316,0.0
F0380,2026,342,240,0.0
F0381,2021,1191,965,0.0
F0381,2022,920,761,0.0
F0381,2023,1518,1133,0.0
F0381,2024,825,798,0.0
F0381,2025,1591,1411,0.0
F0381,2026,894,698,0.0
F0382,2021,542,500,0.21
F0382,2022,799,613,0.0
F0382,2023,482,444,0.56
F0382,2024,661,573,0.0
F0382,2025,424,337,0.49
F0382,2026,557,445,0.0
F0383,2021,539,476,0.0
F0383,2022,617,557,0.0
F0383,2023,444,343,0.0
F0383,2024,504,474,0.47
F0383,2025,369,354,0.0
F0383,2026,497,443,0.0
F0384,2021,1538,1162,0.0
F0384,2022,933,759,0.0
F0384,2023,1241,1006,0.0
F0384,2024,1058,750,0.0
F0384,2025,1660,1059,0.0
F0384,2026,1043,972,0.0
F0385,2021,1931,1312,0.0
F0385,2022,1720,1380,0.56
F0385,2023,1436,1253,0.0
F0385,2024,1833,1288,0.0
F0385,2025,1533,1172,0.0
F0385,2026,1344,991,0.0
F0386,2021,1137,808,0.0
F0386,2022,975,724,0.0
F0386,2023,896,433,0.21
F0386,2024,704,546,0.0
F0386,2025,1193,854,0.0
F0386,2026,943,698,0.0
F0387,2021,1829,1749,0.0
F0387,2022,1457,1363,0.0
F0387,2023,1601,1453,0.47
F0387,2024,985,882,0.0
F0387,2025,2426,2043,0.0
F0387,2026,1604,1569,0.0
F0388,2021,2337,1549,0.52
F0388,2022,1204,662,0.0
F0388,2023,2633,1950,0.0
F0388,2024,1940,1458,0.32
F0388,2025,1238,842,0.0
F0388,2026,1487,691,0.0
F0389,2021,565,370,0.0
F0389,2022,445,354,0.52
F0389,2023,286,152,0.0
F0389,2024,621,337,0.0
F0389,2025,528,334,0.0
F0389,2026,444,253,0.53
F0390,2021,341,183,0.6
F0390,2022,221,132,0.0
F0390,2023,358,231,0.0
F0390,2024,269,134,0.56
F0390,2025,219,127,0.26
F0390,2026,257,154,0.0
F0391,2021,937,817,0.0
F0391,2022,720,651,0.0
F0391,2023,853,683,0.0
F0391,2024,611,611,0.19
F0391,2025,466,362,0.0
F0391,2026,415,396,0.0
F0392,2021,413,303,0.17
F0392,2022,627,373,0.0
F0392,2023,391,268,0.56
F0392,2024,483,296,0.0
F0392,2025,476,265,0.55
F0392,2026,441,306,0.0
F0393,2021,754,588,0.43
F0393,2022,499,310,0.0
F0393,2023,737,437,0.0
F0393,2024,733,563,0.17
F0393,2025,665,437,0.39
F0393,2026,588,471,0.0
F0394,2021,793,522,0.59
F0394,2022,503,367,0.0
F0394,2023,902,654,0.0
F0394,2024,915,594,0.0
F0394,2025,618,439,0.0
F0394,2026,691,581,0.0
F0395,2021,872,731,0.0
F0395,2022,866,701,0.0
F0395,2023,860,673,0.44
F0395,2024,693,528,0.0
F0395,2025,812,553,0.0
F0395,2026,666,459,0.0
F0396,2021,648,313,0.0
F0396,2022,1070,517,0.0
F0396,2023,680,278,0.0
F0396,2024,996,577,0.0
F0396,2025,727,348,0.54
F0396,2026,660,371,0.0
F0397,2021,1603,1043,0.0
F0397,2022,2027,1284,0.29
F0397,2023,1015,725,0.0
F0397,2024,2305,1363,0.0
F0397,2025,1086,630,0.0
F0397,2026,1675,962,0.0
F0398,2021,765,765,0.0
F0398,2022,595,485,0.0
F0398,2023,738,529,0.0
F0398,2024,759,679,0.0
F0398,2025,792,773,0.0
F0398,2026,573,496,0.0
F0399,2021,322,151,0.0
F0399,2022,212,140,0.0
F0399,2023,382,310,0.0
F0399,2024,222,152,0.0
F0399,2025,330,168,0.29
F0399,2026,233,142,0.0
F0400,2021,1610,1214,0.0
F0400,2022,1495,1252,0.0
F0400,2023,1210,935,0.51
F0400,2024,1383,1126,0.0
F0400,2025,1059,772,0.0
F0400,2026,1771,1460,0.0
F0401,2021,535,115,0.0
F0401,2022,573,184,0.0
F0401,2023,481,118,0.0
F0401,2024,690,189,0.0
F0401,2025,506,101,0.0
F0401,2026,446,121,0.0
F0402,2021,409,275,0.0
F0402,2022,204,151,0.0
F0402,2023,357,211,0.0
F0402,2024,197,114,0.0
F0402,2025,364,210,0.26
F0402,2026,192,117,0.0
F0403,2021,1629,534,0.17
F0403,2022,1222,655,0.45
F0403,2023,1343,527,0.0
F0403,2024,1387,554,0.23
F0403,2025,1149,451,0.0
F0403,2026,1250,372,0.0
F0404,2021,889,824,0.0
F0404,2022,1143,920,0.0
F0404,2023,987,619,0.0
F0404,2024,1133,958,0.0
F0404,2025,1045,876,0.0
F0404,2026,1180,1087,0.0
F0405,2021,1679,1312,0.0
F0405,2022,1056,819,0.0
F0405,2023,1617,980,0.59
F0405,2024,609,437,0.0
F0405,2025,1431,1135,0.0
F0405,2026,952,691,0.0
F0406,2021,686,420,0.0
F0406,2022,950,619,0.0
F0406,2023,787,396,0.0
F0406,2024,958,518,0.0
F0406,2025,485,280,0.0
F0406,2026,688,432,0.0
F0407,2021,590,499,0.0
F0407,2022,522,522,0.28
F0407,2023,424,424,0.0
F0407,2024,528,510,0.0
F0407,2025,600,566,0.19
F0407,2026,509,449,0.0
F0408,2021,631,210,0.0
F0408,2022,351,178,0.0
F0408,2023,527,245,0.0
F0408,2024,302,147,0.29
F0408,2025,540,241,0.0
F0408,2026,278,142,0.0
F0409,2021,588,280,0.0
F0409,2022,327,129,0.0
F0409,2023,742,445,0.0
F0409,2024,393,208,0.0
F0409,2025,462,254,0.0
F0409,2026,305,167,0.0
F0410,2021,1356,1126,0.54
F0410,2022,1999,1891,0.0
F0410,2023,1754,1179,0.0
F0410,2024,2334,2070,0.33
F0410,2025,1135,947,0.0
F0410,2026,1962,1785,0.0
F0411,2021,785,750,0.0
F0411,2022,867,806,0.0
F0411,2023,677,594,0.0
F0411,2024,707,707,0.0
F0411,2025,576,462,0.0
F0411,2026,841,758,0.0
F0412,2021,598,528,0.0
F0412,2022,498,394,0.0
F0412,2023,587,512,0.0
F0412,2024,441,375,0.0
F0412,2025,331,331,0.0
F0412,2026,448,375,0.0
F0413,2021,556,417,0.0
F0413,2022,321,170,0.38
F0413,2023,285,186,0.0
F0413,2024,417,314,0.0
F0413,2025,473,329,0.0
F0413,2026,353,229,0.0
F0414,2021,1142,829,0.0
F0414,2022,1269,970,0.0
F0414,2023,1303,1201,0.0
F0414,2024,1206,968,0.0
F0414,2025,950,742,0.0
F0414,2026,1602,1245,0.0
F0415,2021,1508,1244,0.0
F0415,2022,1125,973,0.0
F0415,2023,1681,1534,0.0
F0415,2024,1335,1064,0.0
F0415,2025,1377,1320,0.0
F0415,2026,1050,817,0.0
F0416,2021,348,187,0.46
F0416,2022,438,287,0.0
F0416,2023,320,188,0.0
F0416,2024,515,292,0.0
F0416,2025,275,145,0.0
F0416,2026,375,227,0.59
F0417,2021,1718,1021,0.0
F0417,2022,2432,1783,0.0
F0417,2023,1958,1128,0.0
F0417,2024,2277,1744,0.0
F0417,2025,2034,1121,0.0
F0417,2026,2331,1424,0.34
F0418,2021,1286,913,0.43
F0418,2022,985,733,0.0
F0418,2023,1571,1299,0.0
F0418,2024,1324,1203,0.0
F0418,2025,1067,892,0.0
F0418,2026,1090,972,0.0
F0419,2021,1318,1163,0.0
F0419,2022,1751,1464,0.0
F0419,2023,1085,965,0.0
F0419,2024,1939,1668,0.0
F0419,2025,1217,1021,0.0
F0419,2026,1326,1326,0.0
F0420,2021,1361,993,0.0
F0420,2022,984,941,0.0
F0420,2023,1226,1116,0.46
F0420,2024,834,723,0.45
F0420,2025,1290,998,0.0
F0420,2026,1164,1050,0.0
F0421,2021,2176,2106,0.0
F0421,2022,973,973,0.0
F0421,2023,1991,1648,0.0
F0421,2024,1353,1275,0.0
F0421,2025,1520,1172,0.0
F0421,2026,836,792,0.0
F0422,2021,1323,1067,0.6
F0422,2022,789,693,0.0
F0422,2023,1247,903,0.0
F0422,2024,1365,1073,0.17
F0422,2025,1324,1281,0.0
F0422,2026,1031,783,0.0
F0423,2021,618,395,0.0
F0423,2022,773,556,0.0
F0423,2023,608,448,0.0
F0423,2024,821,633,0.0
F0423,2025,751,449,0.0
F0423,2026,687,454,0.0
F0424,2021,762,647,0.0
F0424,2022,680,559,0.0
F0424,2023,918,715,0.0
F0424,2024,717,560,0.0
F0424,2025,635,561,0.0
F0424,2026,554,540,0.0
F0425,2021,757,714,0.0
F0425,2022,1205,1057,0.0
F0425,2023,713,670,0.0
F0425,2024,1008,832,0.0
F0425,2025,640,559,0.22
F0425,2026,833,689,0.0
F0426,2021,1337,885,0.0
F0426,2022,909,560,0.0
F0426,2023,1294,771,0.0
F0426,2024,901,545,0.0
F0426,2025,1356,801,0.0
F0426,2026,953,635,0.0
F0427,2021,348,258,0.24
F0427,2022,428,299,0.0
F0427,2023,346,212,0.0
F0427,2024,583,461,0.21
F0427,2025,231,164,0.0
F0427,2026,356,288,0.58
F0428,2021,273,273,0.0
F0428,2022,375,343,0.0
F0428,2023,279,279,0.0
F0428,2024,338,315,0.0
F0428,2025,315,292,0.0
F0428,2026,327,253,0.0
F0429,2021,572,455,0.0
F0429,2022,971,685,0.0
F0429,2023,608,482,0.0
F0429,2024,900,650,0.0
F0429,2025,666,445,0.0
F0429,2026,835,599,0.0
F0430,2021,557,432,0.0
F0430,2022,512,358,0.47
F0430,2023,430,332,0.0
F0430,2024,741,517,0.51
F0430,2025,303,224,0.0
F0430,2026,532,416,0.0
F0431,2021,2860,1515,0.0
F0431,2022,3829,2524,0.0
F0431,2023,2526,1528,0.0
F0431,2024,3573,2300,0.0
F0431,2025,2693,1389,0.0
F0431,2026,4849,3081,0.0
F0432,2021,1039,690,0.0
F0432,2022,461,274,0.49
F0432,2023,641,432,0.0
F0432,2024,516,298,0.0
F0432,2025,918,591,0.39
F0432,2026,426,255,0.0
F0433,2021,579,407,0.0
F0433,2022,417,275,0.0
F0433,2023,539,278,0.0
F0433,2024,446,292,0.0
F0433,2025,387,258,0.0
F0433,2026,448,341,0.0
F0434,2021,258,181,0.0
F0434,2022,557,340,0.41
F0434,2023,333,208,0.54
F0434,2024,455,267,0.0
F0434,2025,474,327,0.0
F0434,2026,582,389,0.0
F0435,2021,3804,2931,0.0
F0435,2022,1964,1487,0.0
F0435,2023,3938,2453,0.0
F0435,2024,1933,1443,0.0
F0435,2025,3469,2786,0.0
F0435,2026,1890,1077,0.0
F0436,2021,753,625,0.0
F0436,2022,1003,792,0.0
F0436,2023,804,692,0.0
F0436,2024,1216,976,0.0
F0436,2025,558,424,0.0
F0436,2026,720,592,0.0
F0437,2021,3205,2553,0.0
F0437,2022,2403,1788,0.0
F0437,2023,2751,2536,0.0
F0437,2024,3168,2996,0.0
F0437,2025,3939,3882,0.0
F0437,2026,2565,1836,0.0
F0438,2021,2062,1821,0.17
F0438,2022,2023,1948,0.0
F0438,2023,1876,1738,0.0
F0438,2024,2607,2164,0.0
F0438,2025,1556,1339,0.0
F0438,2026,2340,1866,0.0
F0439,2021,741,534,0.0
F0439,2022,448,354,0.0
F0439,2023,745,646,0.0
F0439,2024,636,535,0.34
F0439,2025,353,333,0.37
F0439,2026,323,281,0.0
F0440,2021,780,372,0.0
F0440,2022,669,331,0.0
F0440,2023,693,312,0.44
F0440,2024,681,385,0.0
F0440,2025,855,453,0.0
F0440,2026,592,350,0.0
F0441,2021,446,343,0.0
F0441,2022,581,506,0.0
F0441,2023,465,359,0.34
F0441,2024,428,398,0.0
F0441,2025,450,326,0.0
F0441,2026,527,395,0.4
F0442,2021,463,285,0.0
F0442,2022,293,114,0.0
F0442,2023,343,185,0.0
F0442,2024,352,185,0.0
F0442,2025,251,128,0.0
F0442,2026,348,235,0.0
F0443,2021,6799,5796,0.31
F0443,2022,5923,5923,0.29
F0443,2023,4909,4042,0.0
F0443,2024,6388,5139,0.23
F0443,2025,6492,5766,0.0
F0443,2026,6364,4413,0.19
F0444,2021,221,123,0.0
F0444,2022,180,105,0.0
F0444,2023,210,96,0.51
F0444,2024,145,86,0.0
F0444,2025,209,115,0.0
F0444,2026,176,99,0.54
F0445,2021,1127,567,0.0
F0445,2022,794,427,0.0
F0445,2023,1238,748,0.3
F0445,2024,860,473,0.0
F0445,2025,891,516,0.0
F0445,2026,819,500,0.0
F0446,2021,188,125,0.0
F0446,2022,187,130,0.0
F0446,2023,163,126,0.0
F0446,2024,231,139,0.0
F0446,2025,183,134,0.0
F0446,2026,158,142,0.0
F0447,2021,976,702,0.0
F0447,2022,1268,950,0.16
F0447,2023,1098,1071,0.0
F0447,2024,1525,1020,0.0
F0447,2025,1108,995,0.0
F0447,2026,1559,1492,0.0
F0448,2021,824,770,0.0
F0448,2022,689,406,0.0
F0448,2023,814,562,0.0
F0448,2024,966,744,0.0
F0448,2025,625,459,0.0
F0448,2026,770,576,0.0
F0449,2021,746,746,0.0
F0449,2022,1146,1039,0.0
F0449,2023,635,560,0.0
F0449,2024,1250,1033,0.28
F0449,2025,653,649,0.0
F0449,2026,1000,991,0.0
F0450,2021,407,243,0.0
F0450,2022,476,326,0.0
F0450,2023,399,298,0.0
F0450,2024,524,393,0.0
F0450,2025,379,283,0.0
F0450,2026,477,385,0.0
F0451,2021,1230,1042,0.0
F0451,2022,1169,854,0.0
F0451,2023,1501,1395,0.0
F0451,2024,1313,1142,0.54
F0451,2025,825,773,0.0
F0451,2026,1346,1264,0.0
F0452,2021,1532,1340,0.28
F0452,2022,938,783,0.0
F0452,2023,1566,1466,0.0
F0452,2024,1050,740,0.52
F0452,2025,1193,916,0.58
F0452,2026,735,626,0.0
F0453,2021,1505,1187,0.0
F0453,2022,1932,1408,0.0
F0453,2023,1793,1386,0.0
F0453,2024,1764,1153,0.0
F0453,2025,1347,1094,0.0
F0453,2026,2174,1700,0.0
F0454,2021,2258,2012,0.34
F0454,2022,1478,1259,0.0
F0454,2023,2201,1999,0.0
F0454,2024,2509,2270,0.52
F0454,2025,1346,1082,0.0
F0454,2026,1920,1540,0.0
F0455,2021,505,157,0.0
F0455,2022,402,183,0.0
F0455,2023,466,106,0.48
F0455,2024,331,171,0.28
F0455,2025,539,242,0.0
F0455,2026,404,161,0.0
F0456,2021,582,582,0.0
F0456,2022,519,519,0.0
F0456,2023,667,667,0.5
F0456,2024,447,447,0.0
F0456,2025,1055,884,0.0
F0456,2026,590,557,0.0
F0457,2021,1076,908,0.0
F0457,2022,1014,840,0.0
F0457,2023,1418,914,0.0
F0457,2024,1119,760,0.0
F0457,2025,969,835,0.0
F0457,2026,928,630,0.0
F0458,2021,481,472,0.0
F0458,2022,657,625,0.0
F0458,2023,438,438,0.0
F0458,2024,752,668,0.0
F0458,2025,502,502,0.0
F0458,2026,810,757,0.0
F0459,2021,1130,950,0.0
F0459,2022,875,875,0.27
F0459,2023,1384,1129,0.21
F0459,2024,740,695,0.31
F0459,2025,1570,1470,0.0
F0459,2026,1013,952,0.0
F0460,2021,844,844,0.0
F0460,2022,874,724,0.25
F0460,2023,763,670,0.41
F0460,2024,771,675,0.54
F0460,2025,472,415,0.34
F0460,2026,591,507,0.0
F0461,2021,816,600,0.26
F0461,2022,731,479,0.0
F0461,2023,836,603,0.0
F0461,2024,719,551,0.28
F0461,2025,713,438,0.0
F0461,2026,800,470,0.0
F0462,2021,1802,1267,0.0
F0462,2022,830,555,0.0
F0462,2023,1652,1132,0.0
F0462,2024,887,660,0.0
F0462,2025,1482,1030,0.0
F0462,2026,962,838,0.0
F0463,2021,1249,986,0.0
F0463,2022,2539,2240,0.0
F0463,2023,1406,1208,0.39
F0463,2024,2022,1412,0.2
F0463,2025,871,787,0.0
F0463,2026,2212,1622,0.0
F0464,2021,998,791,0.0
F0464,2022,1177,897,0.0
F0464,2023,690,564,0.0
F0464,2024,1216,1088,0.0
F0464,2025,705,544,0.0
F0464,2026,955,812,0.0
F0465,2021,542,425,0.0
F0465,2022,697,498,0.0
F0465,2023,974,686,0.0
F0465,2024,868,725,0.0
F0465,2025,1101,919,0.0
F0465,2026,836,558,0.0
F0466,2021,494,353,0.0
F0466,2022,587,403,0.0
F0466,2023,356,296,0.4
F0466,2024,505,353,0.0
F0466,2025,275,229,0.0
F0466,2026,433,402,0.17
F0467,2021,1593,1543,0.0
F0467,2022,2766,2286,0.6
F0467,2023,1005,859,0.0
F0467,2024,2839,2792,0.0
F0467,2025,1317,1234,0.59
F0467,2026,1694,1287,0.0
F0468,2021,964,798,0.0
F0468,2022,898,878,0.0
F0468,2023,859,857,0.0
F0468,2024,857,689,0.0
F0468,2025,876,682,0.0
F0468,2026,863,727,0.53
F0469,2021,782,704,0.0
F0469,2022,646,433,0.0
F0469,2023,755,599,0.0
F0469,2024,624,491,0.23
F0469,2025,562,389,0.0
F0469,2026,496,395,0.0
F0470,2021,650,650,0.0
F0470,2022,492,462,0.0
F0470,2023,492,492,0.0
F0470,2024,491,434,0.0
F0470,2025,703,703,0.0
F0470,2026,528,495,0.21
F0471,2021,2804,1455,0.0
F0471,2022,2253,1230,0.0
F0471,2023,3641,1691,0.0
F0471,2024,2641,1715,0.0
F0471,2025,3218,1790,0.0
F0471,2026,2319,1467,0.0
F0472,2021,2544,2285,0.0
F0472,2022,1598,1481,0.0
F0472,2023,2064,1753,0.0
F0472,2024,1477,1193,0.35
F0472,2025,1561,1485,0.0
F0472,2026,1532,1525,0.0
F0473,2021,541,441,0.0
F0473,2022,593,421,0.32
F0473,2023,624,457,0.0
F0473,2024,697,310,0.0
F0473,2025,1000,741,0.0
F0473,2026,628,417,0.54
F0474,2021,3015,2031,0.0
F0474,2022,1879,1116,0.0
F0474,2023,2593,1844,0.0
F0474,2024,1543,1051,0.59
F0474,2025,2049,1524,0.0
F0474,2026,1801,1271,0.0
F0475,2021,1175,602,0.0
F0475,2022,1119,480,0.0
F0475,2023,1045,591,0.55
F0475,2024,818,331,0.4
F0475,2025,670,297,0.0
F0475,2026,1069,525,0.0
F0476,2021,310,128,0.0
F0476,2022,160,50,0.28
F0476,2023,216,114,0.6
F0476,2024,152,48,0.0
F0476,2025,252,84,0.57
F0476,2026,130,43,0.0
F0477,2021,997,930,0.0
F0477,2022,1107,947,0.0
F0477,2023,1035,1035,0.0
F0477,2024,1032,917,0.19
F0477,2025,992,826,0.36
F0477,2026,838,618,0.0
F0478,2021,1677,1018,0.0
F0478,2022,2464,1038,0.29
F0478,2023,1479,889,0.0
F0478,2024,2908,1507,0.0
F0478,2025,1220,768,0.0
F0478,2026,2041,994,0.0
F0479,2021,1445,1113,0.0
F0479,2022,1056,711,0.0
F0479,2023,1094,962,0.0
F0479,2024,951,753,0.0
F0479,2025,1276,1027,0.52
F0479,2026,604,451,0.0
F0480,2021,2253,1204,0.0
F0480,2022,1471,715,0.0
F0480,2023,1974,1291,0.0
F0480,2024,1281,659,0.0
F0480,2025,2144,772,0.0
F0480,2026,1564,849,0.0
F0481,2021,1210,1197,0.0
F0481,2022,1421,1421,0.17
F0481,2023,1008,891,0.0
F0481,2024,1427,1335,0.39
F0481,2025,595,595,0.0
F0481,2026,1075,1075,0.0
F0482,2021,606,537,0.0
F0482,2022,622,611,0.0
F0482,2023,528,414,0.0
F0482,2024,576,576,0.0
F0482,2025,690,619,0.0
F0482,2026,383,377,0.35
F0483,2021,1145,617,0.0
F0483,2022,1350,667,0.0
F0483,2023,1004,636,0.0
F0483,2024,1217,505,0.0
F0483,2025,991,579,0.51
F0483,2026,895,399,0.0
F0484,2021,1242,1229,0.0
F0484,2022,703,572,0.0
F0484,2023,1661,1235,0.0
F0484,2024,812,812,0.0
F0484,2025,1190,1101,0.0
F0484,2026,763,657,0.0
F0485,2021,3085,2170,0.0
F0485,2022,4581,3531,0.0
F0485,2023,2874,1873,0.0
F0485,2024,4913,4083,0.0
F0485,2025,4009,3262,0.0
F0485,2026,4155,2959,0.0
F0486,2021,1643,897,0.0
F0486,2022,1387,801,0.0
F0486,2023,1211,722,0.0
F0486,2024,1239,743,0.34
F0486,2025,1115,691,0.0
F0486,2026,1415,887,0.0
F0487,2021,1574,1438,0.0
F0487,2022,2563,2055,0.0
F0487,2023,1884,1581,0.0
F0487,2024,2837,1991,0.33
F0487,2025,1107,916,0.0
F0487,2026,2292,1854,0.0
F0488,2021,714,495,0.0
F0488,2022,1446,1009,0.0
F0488,2023,1031,876,0.0
F0488,2024,1466,961,0.0
F0488,2025,936,704,0.0
F0488,2026,1375,1017,0.0
F0489,2021,1293,961,0.0
F0489,2022,1059,691,0.0
F0489,2023,1444,1166,0.0
F0489,2024,1191,774,0.0
F0489,2025,1318,1020,0.0
F0489,2026,1243,749,0.0
F0490,2021,844,764,0.0
F0490,2022,715,675,0.0
F0490,2023,751,578,0.0
F0490,2024,1005,767,0.0
F0490,2025,660,528,0.0
F0490,2026,681,619,0.0
F0491,2021,917,570,0.0
F0491,2022,1102,469,0.0
F0491,2023,882,436,0.0
F0491,2024,1232,789,0.0
F0491,2025,990,572,0.0
F0491,2026,1166,744,0.0
F0492,2021,1162,958,0.0
F0492,2022,683,578,0.0
F0492,2023,1069,936,0.49
F0492,2024,468,439,0.0
F0492,2025,1386,1296,0.0
F0492,2026,678,618,0.0
F0493,2021,1224,761,0.0
F0493,2022,852,492,0.33
F0493,2023,903,606,0.0
F0493,2024,828,507,0.16
F0493,2025,678,417,0.0
F0493,2026,771,505,0.0
F0494,2021,255,208,0.0
F0494,2022,246,210,0.24
F0494,2023,143,127,0.0
F0494,2024,232,156,0.42
F0494,2025,171,133,0.0
F0494,2026,292,159,0.0
F0495,2021,676,610,0.0
F0495,2022,398,398,0.0
F0495,2023,603,603,0.16
F0495,2024,314,314,0.0
F0495,2025,625,625,0.0
F0495,2026,341,298,0.0
F0496,2021,1680,1525,0.54
F0496,2022,1491,1278,0.0
F0496,2023,1819,1460,0.0
F0496,2024,2453,1827,0.0
F0496,2025,1155,1046,0.0
F0496,2026,2173,1521,0.19
F0497,2021,574,495,0.0
F0497,2022,833,533,0.0
F0497,2023,609,343,0.59
F0497,2024,471,316,0.0
F0497,2025,627,428,0.6
F0497,2026,588,352,0.0
F0498,2021,617,443,0.0
F0498,2022,621,540,0.0
F0498,2023,642,564,0.0
F0498,2024,625,546,0.0
F0498,2025,675,665,0.0
F0498,2026,691,561,0.0
F0499,2021,1266,589,0.0
F0499,2022,777,323,0.0
F0499,2023,1138,550,0.0
F0499,2024,990,395,0.0
F0499,2025,792,351,0.55
F0499,2026,601,282,0.0
F0500,2021,379,270,0.0
F0500,2022,233,225,0.0
F0500,2023,334,273,0.0
F0500,2024,218,163,0.0
F0500,2025,268,214,0.0
F0500,2026,179,146,0.0
F0501,2021,904,593,0.35
F0501,2022,1242,581,0.0
F0501,2023,907,488,0.0
F0501,2024,1418,679,0.0
F0501,2025,1036,594,0.0
F0501,2026,1350,455,0.0
F0502,2021,1152,1090,0.0
F0502,2022,635,504,0.48
F0502,2023,718,467,0.0
F0502,2024,643,531,0.0
F0502,2025,639,523,0.27
F0502,2026,524,399,0.0
F0503,2021,498,424,0.0
F0503,2022,442,424,0.0
F0503,2023,446,433,0.0
F0503,2024,461,450,0.0
F0503,2025,474,445,0.0
F0503,2026,384,373,0.0
F0504,2021,1445,1128,0.0
F0504,2022,1902,1592,0.0
F0504,2023,1665,1264,0.0
F0504,2024,1878,1519,0.0
F0504,2025,1284,1024,0.0
F0504,2026,1788,1494,0.56
F0505,2021,610,525,0.0
F0505,2022,415,380,0.0
F0505,2023,529,439,0.0
F0505,2024,420,336,0.0
F0505,2025,396,396,0.0
F0505,2026,303,223,0.0
F0506,2021,787,754,0.0
F0506,2022,743,739,0.0
F0506,2023,654,654,0.0
F0506,2024,942,877,0.0
F0506,2025,888,888,0.0
F0506,2026,628,628,0.47
F0507,2021,780,763,0.0
F0507,2022,482,372,0.16
F0507,2023,743,594,0.0
F0507,2024,420,332,0.0
F0507,2025,805,647,0.0
F0507,2026,460,449,0.0
F0508,2021,1123,730,0.0
F0508,2022,1045,803,0.0
F0508,2023,1135,841,0.0
F0508,2024,1102,677,0.0
F0508,2025,961,776,0.0
F0508,2026,1056,516,0.0
F0509,2021,703,362,0.0
F0509,2022,929,339,0.0
F0509,2023,767,318,0.0
F0509,2024,1033,422,0.2
F0509,2025,721,282,0.0
F0509,2026,835,299,0.0
F0510,2021,221,158,0.0
F0510,2022,143,92,0.33
F0510,2023,186,129,0.27
F0510,2024,123,94,0.0
F0510,2025,246,188,0.0
F0510,2026,151,117,0.0
F0511,2021,459,299,0.6
F0511,2022,270,163,0.0
F0511,2023,467,283,0.0
F0511,2024,515,311,0.0
F0511,2025,376,214,0.59
F0511,2026,286,186,0.38
F0512,2021,1272,919,0.0
F0512,2022,2024,1379,0.0
F0512,2023,1004,872,0.0
F0512,2024,2086,1481,0.0
F0512,2025,1395,809,0.0
F0512,2026,1761,1198,0.0
F0513,2021,938,466,0.34
F0513,2022,557,290,0.0
F0513,2023,979,418,0.0
F0513,2024,542,241,0.0
F0513,2025,764,374,0.34
F0513,2026,476,208,0.23
F0514,2021,585,424,0.0
F0514,2022,452,305,0.45
F0514,2023,394,299,0.16
F0514,2024,464,296,0.0
F0514,2025,428,307,0.0
F0514,2026,421,248,0.0
F0515,2021,2349,1990,0.0
F0515,2022,1565,1354,0.0
F0515,2023,1915,1915,0.0
F0515,2024,1503,1502,0.0
F0515,2025,3006,2499,0.0
F0515,2026,1294,1241,0.0
F0516,2021,659,191,0.25
F0516,2022,750,209,0.0
F0516,2023,766,325,0.0
F0516,2024,826,222,0.0
F0516,2025,663,337,0.52
F0516,2026,626,158,0.0
F0517,2021,592,410,0.0
F0517,2022,465,286,0.0
F0517,2023,577,405,0.0
F0517,2024,568,424,0.57
F0517,2025,342,214,0.0
F0517,2026,481,368,0.25
F0518,2021,4373,3987,0.0
F0518,2022,2801,2579,0.0
F0518,2023,3991,3433,0.0
F0518,2024,3503,2921,0.0
F0518,2025,4384,3083,0.0
F0518,2026,3310,3208,0.33
F0519,2021,126,111,0.0
F0519,2022,134,118,0.0
F0519,2023,118,99,0.0
F0519,2024,107,78,0.0
F0519,2025,121,90,0.0
F0519,2026,103,79,0.0
F0520,2021,547,491,0.0
F0520,2022,691,500,0.0
F0520,2023,617,511,0.0
F0520,2024,634,497,0.0
F0520,2025,479,375,0.0
F0520,2026,489,332,0.41
F0521,2021,5360,3150,0.0
F0521,2022,6553,4352,0.0
F0521,2023,4884,3592,0.0
F0521,2024,6837,4396,0.33
F0521,2025,4032,2759,0.0
F0521,2026,6255,3821,0.0
F0522,2021,1059,740,0.0
F0522,2022,1637,1250,0.0
F0522,2023,988,729,0.27
F0522,2024,1015,676,0.41
F0522,2025,729,526,0.0
F0522,2026,1716,1575,0.0
F0523,2021,1186,978,0.21
F0523,2022,1285,1102,0.0
F0523,2023,1404,1179,0.0
F0523,2024,1545,1355,0.0
F0523,2025,752,688,0.0
F0523,2026,1403,1178,0.0
F0524,2021,787,511,0.0
F0524,2022,749,591,0.0
F0524,2023,615,505,0.0
F0524,2024,633,391,0.0
F0524,2025,839,700,0.0
F0524,2026,733,511,0.0
F0525,2021,361,178,0.53
F0525,2022,240,149,0.0
F0525,2023,309,137,0.0
F0525,2024,257,132,0.37
F0525,2025,308,187,0.0
F0525,2026,352,242,0.0
F0526,2021,1184,821,0.0
F0526,2022,1199,872,0.57
F0526,2023,896,623,0.33
F0526,2024,1207,972,0.0
F0526,2025,720,476,0.0
F0526,2026,894,714,0.0
F0527,2021,493,321,0.0
F0527,2022,280,127,0.0
F0527,2023,418,285,0.0
F0527,2024,362,235,0.0
F0527,2025,516,295,0.0
F0527,2026,335,200,0.0
F0528,2021,1013,736,0.0
F0528,2022,929,584,0.0
F0528,2023,842,640,0.26
F0528,2024,890,669,0.0
F0528,2025,981,981,0.0
F0528,2026,1122,608,0.0
F0529,2021,3098,2697,0.0
F0529,2022,3304,3006,0.0
F0529,2023,2443,2043,0.53
F0529,2024,1808,1635,0.51
F0529,2025,1304,1128,0.0
F0529,2026,2895,2735,0.0
F0530,2021,404,300,0.0
F0530,2022,434,397,0.0
F0530,2023,483,280,0.55
F0530,2024,276,205,0.0
F0530,2025,673,516,0.21
F0530,2026,416,315,0.0
F0531,2021,432,400,0.0
F0531,2022,269,266,0.0
F0531,2023,435,343,0.0
F0531,2024,254,249,0.0
F0531,2025,488,440,0.16
F0531,2026,234,233,0.29
F0532,2021,2931,2440,0.0
F0532,2022,1936,1627,0.0
F0532,2023,2610,1795,0.0
F0532,2024,2914,2250,0.0
F0532,2025,2087,1437,0.0
F0532,2026,2040,1488,0.0
F0533,2021,958,934,0.0
F0533,2022,482,469,0.0
F0533,2023,869,814,0.55
F0533,2024,476,476,0.0
F0533,2025,934,781,0.49
F0533,2026,353,353,0.27
F0534,2021,174,133,0.0
F0534,2022,221,196,0.0
F0534,2023,138,90,0.0
F0534,2024,185,148,0.0
F0534,2025,129,103,0.0
F0534,2026,216,173,0.0
F0535,2021,1481,1120,0.0
F0535,2022,866,827,0.0
F0535,2023,1609,1249,0.0
F0535,2024,896,618,0.23
F0535,2025,1079,975,0.0
F0535,2026,588,550,0.0
F0536,2021,565,432,0.0
F0536,2022,382,270,0.6
F0536,2023,379,255,0.0
F0536,2024,395,317,0.41
F0536,2025,500,383,0.0
F0536,2026,433,319,0.0
F0537,2021,1715,1200,0.0
F0537,2022,2298,1640,0.47
F0537,2023,1309,1010,0.0
F0537,2024,2156,1595,0.0
F0537,2025,1594,1369,0.0
F0537,2026,2313,1976,0.49
F0538,2021,753,704,0.0
F0538,2022,777,627,0.0
F0538,2023,663,512,0.0
F0538,2024,1116,861,0.0
F0538,2025,625,533,0.0
F0538,2026,762,560,0.0
F0539,2021,1239,1019,0.0
F0539,2022,1277,944,0.5
F0539,2023,858,768,0.18
F0539,2024,1091,998,0.22
F0539,2025,1248,991,0.0
F0539,2026,1146,881,0.0
F0540,2021,847,655,0.28
F0540,2022,647,469,0.15
F0540,2023,632,504,0.0
F0540,2024,684,557,0.0
F0540,2025,658,658,0.0
F0540,2026,710,585,0.0
F0541,2021,398,323,0.0
F0541,2022,438,388,0.0
F0541,2023,463,403,0.23
F0541,2024,464,451,0.0
F0541,2025,319,319,0.0
F0541,2026,345,340,0.0
F0542,2021,2111,1735,0.0
F0542,2022,1301,1154,0.0
F0542,2023,2014,1905,0.0
F0542,2024,1305,977,0.0
F0542,2025,1948,1690,0.0
F0542,2026,1270,1212,0.0
F0543,2021,303,236,0.49
F0543,2022,180,155,0.0
F0543,2023,283,235,0.0
F0543,2024,216,133,0.0
F0543,2025,249,173,0.0
F0543,2026,171,123,0.37
F0544,2021,1261,1132,0.0
F0544,2022,1182,1166,0.0
F0544,2023,1240,1092,0.32
F0544,2024,1066,690,0.0
F0544,2025,1172,1121,0.0
F0544,2026,1109,918,0.0
F0545,2021,568,564,0.0
F0545,2022,655,561,0.0
F0545,2023,529,481,0.0
F0545,2024,736,683,0.0
F0545,2025,524,512,0.0
F0545,2026,681,568,0.0
F0546,2021,2783,2228,0.32
F0546,2022,1699,1442,0.0
F0546,2023,2946,2569,0.38
F0546,2024,1509,1422,0.0
F0546,2025,2936,2398,0.0
F0546,2026,1702,1334,0.0
F0547,2021,414,210,0.54
F0547,2022,272,173,0.0
F0547,2023,383,165,0.0
F0547,2024,480,170,0.0
F0547,2025,247,137,0.0
F0547,2026,253,139,0.0
F0548,2021,528,434,0.38
F0548,2022,479,361,0.0
F0548,2023,508,364,0.22
F0548,2024,515,383,0.0
F0548,2025,534,347,0.0
F0548,2026,514,357,0.53
F0549,2021,1763,1473,0.0
F0549,2022,1034,913,0.0
F0549,2023,1802,1374,0.0
F0549,2024,890,583,0.0
F0549,2025,1681,1164,0.16
F0549,2026,1182,909,0.0
F0550,2021,2401,1395,0.0
F0550,2022,1866,1123,0.0
F0550,2023,2598,1610,0.0
F0550,2024,1637,1180,0.0
F0550,2025,2141,1553,0.0
F0550,2026,1739,963,0.0
F0551,2021,716,601,0.0
F0551,2022,1535,1318,0.0
F0551,2023,767,609,0.0
F0551,2024,1415,1170,0.0
F0551,2025,920,712,0.0
F0551,2026,1380,1050,0.0
F0552,2021,2597,2287,0.19
F0552,2022,1858,1520,0.0
F0552,2023,2137,1787,0.0
F0552,2024,2445,1754,0.0
F0552,2025,2176,1774,0.0
F0552,2026,2379,1962,0.0
F0553,2021,381,381,0.0
F0553,2022,474,402,0.0
F0553,2023,327,270,0.0
F0553,2024,400,353,0.0
F0553,2025,286,217,0.0
F0553,2026,402,317,0.0
F0554,2021,926,658,0.0
F0554,2022,1170,679,0.0
F0554,2023,825,641,0.0
F0554,2024,1050,619,0.39
F0554,2025,654,516,0.0
F0554,2026,809,693,0.0
F0555,2021,569,504,0.0
F0555,2022,484,352,0.0
F0555,2023,475,421,0.0
F0555,2024,471,428,0.0
F0555,2025,591,476,0.44
F0555,2026,345,330,0.0
F0556,2021,1693,1483,0.0
F0556,2022,1557,1335,0.0
F0556,2023,1500,1364,0.0
F0556,2024,1845,1840,0.0
F0556,2025,1110,903,0.0
F0556,2026,1245,1176,0.34
F0557,2021,2030,2030,0.0
F0557,2022,1624,1502,0.33
F0557,2023,1333,1096,0.24
F0557,2024,1527,1527,0.0
F0557,2025,1761,1484,0.0
F0557,2026,1359,1114,0.52
F0558,2021,353,246,0.0
F0558,2022,211,101,0.0
F0558,2023,343,260,0.0
F0558,2024,184,97,0.0
F0558,2025,373,257,0.0
F0558,2026,218,129,0.0
F0559,2021,415,303,0.0
F0559,2022,272,183,0.0
F0559,2023,457,290,0.0
F0559,2024,245,223,0.0
F0559,2025,243,154,0.52
F0559,2026,155,124,0.0
F0560,2021,585,458,0.0
F0560,2022,420,296,0.29
F0560,2023,523,357,0.0
F0560,2024,512,407,0.0
F0560,2025,474,361,0.4
F0560,2026,392,291,0.0
F0561,2021,309,259,0.0
F0561,2022,289,273,0.0
F0561,2023,296,243,0.51
F0561,2024,197,149,0.45
F0561,2025,229,221,0.0
F0561,2026,252,252,0.58
F0562,2021,2258,1407,0.0
F0562,2022,1433,868,0.0
F0562,2023,1932,1169,0.0
F0562,2024,1821,1161,0.0
F0562,2025,1421,1034,0.0
F0562,2026,1255,966,0.0
F0563,2021,399,301,0.0
F0563,2022,533,430,0.0
F0563,2023,350,302,0.0
F0563,2024,625,511,0.0
F0563,2025,435,331,0.2
F0563,2026,339,303,0.0
F0564,2021,1375,1215,0.54
F0564,2022,1376,1176,0.0
F0564,2023,2186,1588,0.0
F0564,2024,1923,1652,0.0
F0564,2025,2243,1927,0.0
F0564,2026,2503,2194,0.0
F0565,2021,1206,1165,0.0
F0565,2022,844,654,0.0
F0565,2023,1308,1065,0.21
F0565,2024,881,784,0.0
F0565,2025,854,732,0.0
F0565,2026,550,502,0.0
F0566,2021,1416,1006,0.0
F0566,2022,1428,1133,0.0
F0566,2023,1469,991,0.0
F0566,2024,1705,1071,0.0
F0566,2025,1450,1077,0.0
F0566,2026,1218,1019,0.0
F0567,2021,4150,4091,0.0
F0567,2022,2763,2590,0.0
F0567,2023,3300,2545,0.0
F0567,2024,2445,2125,0.0
F0567,2025,3925,3428,0.0
F0567,2026,2376,1992,0.0
F0568,2021,459,372,0.0
F0568,2022,521,362,0.43
F0568,2023,331,276,0.0
F0568,2024,643,537,0.0
F0568,2025,355,292,0.0
F0568,2026,507,457,0.0
F0569,2021,2067,1891,0.0
F0569,2022,2936,2402,0.41
F0569,2023,1553,1039,0.33
F0569,2024,2765,2266,0.0
F0569,2025,2334,1908,0.0
F0569,2026,2774,2379,0.0
F0570,2021,705,378,0.0
F0570,2022,690,507,0.31
F0570,2023,528,486,0.0
F0570,2024,843,769,0.0
F0570,2025,845,711,0.0
F0570,2026,913,742,0.0
F0571,2021,808,676,0.0
F0571,2022,694,547,0.0
F0571,2023,932,650,0.0
F0571,2024,748,543,0.54
F0571,2025,506,460,0.0
F0571,2026,750,641,0.0
F0572,2021,693,481,0.0
F0572,2022,650,628,0.0
F0572,2023,1046,823,0.0
F0572,2024,642,607,0.0
F0572,2025,890,780,0.0
F0572,2026,631,556,0.55
F0573,2021,274,227,0.0
F0573,2022,416,332,0.0
F0573,2023,226,172,0.0
F0573,2024,282,243,0.0
F0573,2025,269,226,0.0
F0573,2026,280,280,0.0
F0574,2021,213,213,0.52
F0574,2022,263,250,0.0
F0574,2023,359,318,0.0
F0574,2024,677,677,0.0
F0574,2025,284,244,0.0
F0574,2026,477,407,0.0
F0575,2021,671,560,0.0
F0575,2022,494,411,0.28
F0575,2023,597,575,0.0
F0575,2024,567,564,0.0
F0575,2025,750,602,0.0
F0575,2026,444,361,0.0
F0576,2021,378,330,0.0
F0576,2022,291,278,0.0
F0576,2023,463,393,0.0
F0576,2024,247,228,0.39
F0576,2025,350,350,0.0
F0576,2026,354,336,0.0
F0577,2021,1768,1062,0.0
F0577,2022,2299,1160,0.0
F0577,2023,2485,1304,0.0
F0577,2024,2711,1640,0.0
F0577,2025,1896,759,0.0
F0577,2026,1883,1146,0.28
F0578,2021,665,524,0.0
F0578,2022,453,304,0.0
F0578,2023,553,430,0.19
F0578,2024,443,409,0.0
F0578,2025,701,546,0.0
F0578,2026,428,370,0.52
F0579,2021,1393,786,0.0
F0579,2022,1145,555,0.0
F0579,2023,1381,1050,0.0
F0579,2024,933,594,0.0
F0579,2025,1082,515,0.0
F0579,2026,878,511,0.21
F0580,2021,1984,969,0.0
F0580,2022,1700,1085,0.17
F0580,2023,1971,1202,0.0
F0580,2024,2071,1083,0.2
F0580,2025,1502,625,0.0
F0580,2026,1583,912,0.0
F0581,2021,571,443,0.0
F0581,2022,812,554,0.0
F0581,2023,515,365,0.0
F0581,2024,1056,771,0.0
F0581,2025,486,421,0.0
F0581,2026,849,687,0.44
F0582,2021,876,745,0.0
F0582,2022,757,583,0.0
F0582,2023,950,633,0.18
F0582,2024,657,549,0.4
F0582,2025,621,421,0.0
F0582,2026,791,641,0.0
F0583,2021,395,251,0.26
F0583,2022,303,169,0.0
F0583,2023,416,293,0.0
F0583,2024,274,135,0.0
F0583,2025,300,208,0.0
F0583,2026,310,189,0.0
F0584,2021,2353,1286,0.45
F0584,2022,2994,1600,0.0
F0584,2023,2768,1417,0.0
F0584,2024,4369,2438,0.0
F0584,2025,2730,1165,0.0
F0584,2026,3748,2059,0.0
F0585,2021,522,309,0.0
F0585,2022,242,112,0.0
F0585,2023,426,211,0.0
F0585,2024,254,160,0.0
F0585,2025,452,283,0.0
F0585,2026,261,164,0.0
F0586,2021,3923,3160,0.0
F0586,2022,4750,3930,0.0
F0586,2023,4474,3793,0.0
F0586,2024,4765,4462,0.0
F0586,2025,2915,2743,0.0
F0586,2026,3463,3463,0.0
F0587,2021,819,633,0.0
F0587,2022,1142,1021,0.0
F0587,2023,792,792,0.0
F0587,2024,1154,1079,0.0
F0587,2025,894,786,0.0
F0587,2026,961,794,0.0
F0588,2021,1939,1575,0.0
F0588,2022,1387,781,0.0
F0588,2023,1401,821,0.0
F0588,2024,1312,832,0.0
F0588,2025,1490,750,0.0
F0588,2026,1353,763,0.0
F0589,2021,2391,1630,0.0
F0589,2022,2270,1623,0.0
F0589,2023,2513,2028,0.0
F0589,2024,2753,2309,0.46
F0589,2025,1101,808,0.0
F0589,2026,2009,1383,0.0
F0590,2021,490,350,0.0
F0590,2022,501,384,0.0
F0590,2023,439,324,0.0
F0590,2024,513,334,0.0
F0590,2025,505,334,0.27
F0590,2026,325,202,0.0
F0591,2021,2160,1642,0.0
F0591,2022,2161,1569,0.0
F0591,2023,2047,1424,0.49
F0591,2024,1556,1055,0.0
F0591,2025,2371,1695,0.0
F0591,2026,1777,1065,0.0
F0592,2021,2547,2368,0.0
F0592,2022,2926,2521,0.0
F0592,2023,2548,2326,0.0
F0592,2024,3869,3869,0.0
F0592,2025,1812,1542,0.0
F0592,2026,3107,2654,0.0
F0593,2021,1247,978,0.0
F0593,2022,1179,923,0.0
F0593,2023,981,596,0.0
F0593,2024,1275,1128,0.0
F0593,2025,989,802,0.0
F0593,2026,1148,750,0.0
F0594,2021,3991,3819,0.0
F0594,2022,2165,1682,0.0
F0594,2023,3596,3019,0.0
F0594,2024,2645,2587,0.0
F0594,2025,4714,3997,0.0
F0594,2026,3040,2666,0.0
F0595,2021,226,124,0.0
F0595,2022,219,120,0.0
F0595,2023,206,106,0.0
F0595,2024,232,116,0.0
F0595,2025,167,127,0.0
F0595,2026,145,76,0.0
F0596,2021,2122,1635,0.0
F0596,2022,1700,1360,0.0
F0596,2023,1974,1292,0.0
F0596,2024,1867,1446,0.0
F0596,2025,2149,1442,0.0
F0596,2026,1673,1226,0.0
F0597,2021,386,269,0.34
F0597,2022,384,307,0.0
F0597,2023,375,245,0.0
F0597,2024,413,204,0.0
F0597,2025,375,229,0.38
F0597,2026,360,284,0.0
F0598,2021,2452,1292,0.0
F0598,2022,2604,1351,0.0
F0598,2023,2426,1036,0.0
F0598,2024,2978,1723,0.0
F0598,2025,1787,1028,0.0
F0598,2026,3067,1815,0.0
F0599,2021,369,310,0.0
F0599,2022,278,229,0.31
F0599,2023,291,260,0.0
F0599,2024,371,371,0.0
F0599,2025,448,436,0.0
F0599,2026,295,271,0.0
F0600,2021,800,551,0.0
F0600,2022,1010,809,0.0
F0600,2023,1109,687,0.0
F0600,2024,1248,1004,0.0
F0600,2025,666,494,0.0
F0600,2026,1115,912,0.0
F0601,2021,650,512,0.0
F0601,2022,969,641,0.0
F0601,2023,748,492,0.0
F0601,2024,898,534,0.0
F0601,2025,510,317,0.0
F0601,2026,744,477,0.0
F0602,2021,1375,949,0.0
F0602,2022,2005,1592,0.0
F0602,2023,1283,908,0.0
F0602,2024,1548,1352,0.0
F0602,2025,1434,1238,0.0
F0602,2026,1862,1032,0.0
F0603,2021,1396,769,0.0
F0603,2022,1415,770,0.0
F0603,2023,1333,824,0.0
F0603,2024,1332,624,0.0
F0603,2025,1308,598,0.0
F0603,2026,1585,813,0.0
F0604,2021,323,224,0.21
F0604,2022,395,324,0.0
F0604,2023,291,250,0.0
F0604,2024,581,448,0.0
F0604,2025,237,192,0.0
F0604,2026,339,268,0.0
F0605,2021,779,597,0.0
F0605,2022,868,624,0.0
F0605,2023,847,847,0.0
F0605,2024,967,702,0.4
F0605,2025,598,522,0.0
F0605,2026,819,661,0.0
F0606,2021,755,630,0.0
F0606,2022,519,443,0.3
F0606,2023,579,481,0.0
F0606,2024,501,387,0.35
F0606,2025,642,487,0.0
F0606,2026,499,343,0.6
F0607,2021,757,441,0.0
F0607,2022,433,251,0.0
F0607,2023,638,288,0.0
F0607,2024,611,350,0.3
F0607,2025,453,177,0.0
F0607,2026,480,320,0.0
F0608,2021,3611,744,0.0
F0608,2022,3074,1434,0.0
F0608,2023,3107,1105,0.0
F0608,2024,3348,1277,0.0
F0608,2025,2972,720,0.58
F0608,2026,2144,674,0.0
F0609,2021,1035,722,0.0
F0609,2022,1439,1211,0.0
F0609,2023,875,786,0.42
F0609,2024,1191,1065,0.0
F0609,2025,832,595,0.35
F0609,2026,1116,898,0.0
F0610,2021,277,229,0.45
F0610,2022,244,232,0.0
F0610,2023,262,161,0.0
F0610,2024,395,287,0.15
F0610,2025,144,114,0.0
F0610,2026,240,167,0.0
F0611,2021,3811,2430,0.0
F0611,2022,2525,1418,0.0
F0611,2023,3227,1987,0.0
F0611,2024,2707,1095,0.0
F0611,2025,4016,2536,0.0
F0611,2026,2172,1244,0.53
F0612,2021,1845,1626,0.0
F0612,2022,1530,1307,0.0
F0612,2023,1790,1281,0.0
F0612,2024,1272,931,0.0
F0612,2025,1566,1303,0.0
F0612,2026,1205,891,0.0
F0613,2021,1092,990,0.59
F0613,2022,946,843,0.24
F0613,2023,954,652,0.0
F0613,2024,2479,2242,0.0
F0613,2025,1011,768,0.0
F0613,2026,1395,1052,0.19
F0614,2021,390,296,0.0
F0614,2022,579,528,0.32
F0614,2023,306,245,0.0
F0614,2024,749,572,0.5
F0614,2025,357,244,0.0
F0614,2026,568,381,0.0
F0615,2021,759,546,0.0
F0615,2022,710,623,0.0
F0615,2023,788,662,0.0
F0615,2024,581,376,0.0
F0615,2025,833,583,0.52
F0615,2026,518,438,0.0
F0616,2021,1224,969,0.0
F0616,2022,1008,844,0.0
F0616,2023,1128,769,0.55
F0616,2024,982,699,0.0
F0616,2025,832,547,0.0
F0616,2026,921,741,0.0
F0617,2021,226,180,0.0
F0617,2022,145,120,0.0
F0617,2023,198,183,0.0
F0617,2024,143,105,0.0
F0617,2025,207,149,0.0
F0617,2026,144,101,0.0
F0618,2021,844,550,0.0
F0618,2022,1026,782,0.0
F0618,2023,909,540,0.0
F0618,2024,1055,694,0.0
F0618,2025,990,523,0.0
F0618,2026,1153,567,0.0
F0619,2021,1737,423,0.0
F0619,2022,1280,575,0.0
F0619,2023,1539,580,0.0
F0619,2024,1527,715,0.0
F0619,2025,1203,479,0.0
F0619,2026,1341,515,0.0
F0620,2021,987,562,0.0
F0620,2022,1168,680,0.0
F0620,2023,918,618,0.0
F0620,2024,1254,871,0.0
F0620,2025,1079,647,0.0
F0620,2026,1061,719,0.0
F0621,2021,1079,1045,0.46
F0621,2022,760,594,0.0
F0621,2023,1444,1087,0.51
F0621,2024,601,481,0.0
F0621,2025,1602,1377,0.0
F0621,2026,1027,911,0.0
F0622,2021,4449,4014,0.0
F0622,2022,2997,2606,0.5
F0622,2023,2757,2677,0.0
F0622,2024,3013,2838,0.0
F0622,2025,2884,2663,0.0
F0622,2026,2222,2008,0.0
F0623,2021,678,584,0.0
F0623,2022,831,610,0.0
F0623,2023,579,440,0.0
F0623,2024,632,594,0.0
F0623,2025,552,337,0.0
F0623,2026,804,730,0.0
F0624,2021,1139,342,0.0
F0624,2022,1452,476,0.0
F0624,2023,1030,267,0.0
F0624,2024,1059,274,0.0
F0624,2025,1257,414,0.0
F0624,2026,1097,426,0.0
F0625,2021,663,591,0.0
F0625,2022,699,515,0.58
F0625,2023,374,314,0.0
F0625,2024,973,802,0.17
F0625,2025,449,336,0.0
F0625,2026,609,483,0.0
F0626,2021,1309,841,0.0
F0626,2022,1259,1022,0.0
F0626,2023,1298,908,0.0
F0626,2024,1125,849,0.0
F0626,2025,1329,1164,0.0
F0626,2026,1089,706,0.51
F0627,2021,643,476,0.3
F0627,2022,426,237,0.0
F0627,2023,656,408,0.0
F0627,2024,538,293,0.0
F0627,2025,566,235,0.27
F0627,2026,518,405,0.0
F0628,2021,462,374,0.0
F0628,2022,369,282,0.0
F0628,2023,398,329,0.0
F0628,2024,346,247,0.42
F0628,2025,213,149,0.0
F0628,2026,285,211,0.0
F0629,2021,1891,1722,0.0
F0629,2022,2474,2474,0.44
F0629,2023,1235,1144,0.0
F0629,2024,2404,2046,0.29
F0629,2025,1630,1231,0.0
F0629,2026,2612,2323,0.36
F0630,2021,9400,6908,0.0
F0630,2022,4330,4330,0.0
F0630,2023,8464,7465,0.37
F0630,2024,3461,3067,0.57
F0630,2025,5878,3912,0.39
F0630,2026,3209,2607,0.0
F0631,2021,655,366,0.0
F0631,2022,1120,642,0.0
F0631,2023,766,519,0.0
F0631,2024,1266,572,0.0
F0631,2025,633,450,0.0
F0631,2026,903,502,0.0
F0632,2021,476,312,0.0
F0632,2022,502,320,0.57
F0632,2023,334,220,0.0
F0632,2024,705,556,0.0
F0632,2025,530,299,0.0
F0632,2026,588,360,0.0
F0633,2021,1237,1038,0.0
F0633,2022,859,757,0.0
F0633,2023,1264,958,0.0
F0633,2024,993,741,0.0
F0633,2025,1046,789,0.0
F0633,2026,1113,994,0.0
F0634,2021,921,220,0.4
F0634,2022,739,217,0.0
F0634,2023,1148,395,0.0
F0634,2024,1199,377,0.22
F0634,2025,669,126,0.0
F0634,2026,1112,227,0.0
F0635,2021,404,369,0.0
F0635,2022,469,469,0.0
F0635,2023,356,324,0.0
F0635,2024,495,470,0.0
F0635,2025,389,371,0.0
F0635,2026,482,437,0.0
F0636,2021,908,601,0.0
F0636,2022,572,504,0.0
F0636,2023,878,581,0.0
F0636,2024,509,504,0.24
F0636,2025,588,344,0.0
F0636,2026,460,444,0.52
F0637,2021,492,361,0.0
F0637,2022,604,389,0.0
F0637,2023,489,356,0.0
F0637,2024,784,615,0.0
F0637,2025,326,296,0.0
F0637,2026,614,455,0.0
F0638,2021,1115,673,0.29
F0638,2022,740,556,0.0
F0638,2023,1150,813,0.0
F0638,2024,1019,836,0.0
F0638,2025,1238,948,0.19
F0638,2026,831,651,0.0
F0639,2021,1597,1318,0.0
F0639,2022,1695,1195,0.0
F0639,2023,1387,1089,0.0
F0639,2024,2042,1738,0.0
F0639,2025,1363,1014,0.0
F0639,2026,1869,1424,0.0
F0640,2021,463,368,0.59
F0640,2022,342,273,0.0
F0640,2023,539,533,0.33
F0640,2024,454,447,0.31
F0640,2025,351,281,0.0
F0640,2026,395,270,0.0
F0641,2021,2798,2247,0.0
F0641,2022,4419,3624,0.56
F0641,2023,1759,1620,0.0
F0641,2024,4076,3542,0.21
F0641,2025,2210,2080,0.22
F0641,2026,3629,2598,0.0
F0642,2021,416,310,0.0
F0642,2022,282,214,0.0
F0642,2023,402,306,0.22
F0642,2024,275,187,0.0
F0642,2025,559,429,0.0
F0642,2026,286,250,0.0
F0643,2021,2664,2011,0.0
F0643,2022,2287,1696,0.0
F0643,2023,2583,2052,0.49
F0643,2024,1898,1557,0.27
F0643,2025,2360,1785,0.0
F0643,2026,2728,2201,0.32
F0644,2021,507,507,0.0
F0644,2022,267,224,0.0
F0644,2023,349,276,0.0
F0644,2024,296,296,0.0
F0644,2025,439,423,0.0
F0644,2026,268,258,0.51
F0645,2021,1399,1078,0.0
F0645,2022,802,667,0.0
F0645,2023,1474,1099,0.0
F0645,2024,759,575,0.0
F0645,2025,1592,1218,0.0
F0645,2026,858,651,0.0
F0646,2021,1295,599,0.0
F0646,2022,1540,850,0.0
F0646,2023,1559,1050,0.0
F0646,2024,1920,1063,0.41
F0646,2025,696,406,0.0
F0646,2026,1317,879,0.0
F0647,2021,1059,239,0.0
F0647,2022,606,163,0.0
F0647,2023,729,305,0.0
F0647,2024,596,119,0.44
F0647,2025,541,153,0.0
F0647,2026,436,229,0.4
F0648,2021,940,856,0.0
F0648,2022,1443,1076,0.0
F0648,2023,988,588,0.0
F0648,2024,1283,1027,0.18
F0648,2025,793,385,0.24
F0648,2026,1199,749,0.0
F0649,2021,2316,2142,0.0
F0649,2022,1429,1278,0.0
F0649,2023,2202,1915,0.0
F0649,2024,1615,1446,0.0
F0649,2025,1864,1864,0.0
F0649,2026,1174,1141,0.0
F0650,2021,472,392,0.24
F0650,2022,785,565,0.0
F0650,2023,570,564,0.42
F0650,2024,678,664,0.0
F0650,2025,727,602,0.0
F0650,2026,740,718,0.0
F0651,2021,1150,786,0.0
F0651,2022,948,607,0.0
F0651,2023,878,566,0.0
F0651,2024,844,510,0.0
F0651,2025,1079,692,0.0
F0651,2026,767,488,0.22
F0652,2021,1215,1095,0.0
F0652,2022,1956,1485,0.0
F0652,2023,1479,1255,0.0
F0652,2024,2260,1598,0.21
F0652,2025,775,577,0.0
F0652,2026,1641,927,0.0
F0653,2021,1447,1383,0.0
F0653,2022,1399,1237,0.0
F0653,2023,1385,1173,0.31
F0653,2024,1411,1169,0.0
F0653,2025,1535,1340,0.0
F0653,2026,1476,1160,0.0
F0654,2021,460,391,0.0
F0654,2022,513,459,0.0
F0654,2023,459,434,0.0
F0654,2024,524,462,0.0
F0654,2025,482,387,0.52
F0654,2026,368,368,0.0
F0655,2021,2283,1832,0.18
F0655,2022,2308,1268,0.0
F0655,2023,1865,1280,0.28
F0655,2024,1901,1415,0.0
F0655,2025,1535,735,0.0
F0655,2026,1858,1088,0.0
F0656,2021,463,403,0.0
F0656,2022,549,453,0.0
F0656,2023,485,370,0.0
F0656,2024,572,412,0.0
F0656,2025,536,399,0.0
F0656,2026,552,478,0.0
F0657,2021,273,226,0.35
F0657,2022,99,72,0.0
F0657,2023,277,211,0.0
F0657,2024,101,87,0.0
F0657,2025,255,181,0.0
F0657,2026,148,102,0.0
F0658,2021,1991,1727,0.0
F0658,2022,2150,1599,0.0
F0658,2023,1876,1807,0.29
F0658,2024,2398,2041,0.0
F0658,2025,1454,1235,0.0
F0658,2026,2108,1768,0.0
F0659,2021,903,502,0.0
F0659,2022,1021,533,0.0
F0659,2023,942,684,0.0
F0659,2024,1126,584,0.0
F0659,2025,1094,583,0.0
F0659,2026,835,422,0.51
F0660,2021,525,516,0.0
F0660,2022,460,454,0.0
F0660,2023,464,403,0.0
F0660,2024,467,383,0.0
F0660,2025,484,436,0.59
F0660,2026,325,297,0.0
F0661,2021,1076,802,0.0
F0661,2022,734,463,0.0
F0661,2023,1183,677,0.0
F0661,2024,775,598,0.0
F0661,2025,821,522,0.0
F0661,2026,620,394,0.0
F0662,2021,962,342,0.0
F0662,2022,1255,667,0.0
F0662,2023,748,397,0.0
F0662,2024,1797,986,0.0
F0662,2025,992,455,0.0
F0662,2026,1401,775,0.0
F0663,2021,1134,925,0.0
F0663,2022,1245,1029,0.0
F0663,2023,1112,988,0.0
F0663,2024,1172,915,0.17
F0663,2025,873,737,0.0
F0663,2026,1292,1141,0.0
F0664,2021,712,470,0.0
F0664,2022,962,650,0.0
F0664,2023,773,578,0.0
F0664,2024,1110,785,0.0
F0664,2025,534,354,0.0
F0664,2026,851,690,0.0
F0665,2021,1297,1270,0.0
F0665,2022,1099,1008,0.0
F0665,2023,1143,923,0.0
F0665,2024,988,875,0.44
F0665,2025,898,694,0.36
F0665,2026,702,538,0.0
F0666,2021,496,438,0.36
F0666,2022,474,367,0.0
F0666,2023,498,379,0.0
F0666,2024,567,440,0.46
F0666,2025,386,291,0.0
F0666,2026,680,505,0.48
F0667,2021,296,256,0.0
F0667,2022,282,208,0.53
F0667,2023,184,130,0.22
F0667,2024,279,220,0.0
F0667,2025,184,159,0.0
F0667,2026,252,173,0.0
F0668,2021,356,255,0.0
F0668,2022,239,157,0.0
F0668,2023,331,208,0.0
F0668,2024,274,193,0.2
F0668,2025,314,204,0.0
F0668,2026,236,152,0.0
F0669,2021,1223,1087,0.36
F0669,2022,580,448,0.0
F0669,2023,1284,952,0.0
F0669,2024,625,390,0.0
F0669,2025,883,682,0.0
F0669,2026,699,462,0.0
F0670,2021,935,893,0.18
F0670,2022,782,709,0.0
F0670,2023,1089,919,0.0
F0670,2024,973,894,0.55
F0670,2025,475,446,0.0
F0670,2026,669,584,0.0
F0671,2021,1125,952,0.0
F0671,2022,868,770,0.45
F0671,2023,792,743,0.59
F0671,2024,578,522,0.0
F0671,2025,1172,841,0.0
F0671,2026,692,615,0.0
F0672,2021,2179,1820,0.0
F0672,2022,1286,1131,0.0
F0672,2023,1791,1625,0.0
F0672,2024,1206,1206,0.0
F0672,2025,2121,2021,0.52
F0672,2026,855,687,0.0
F0673,2021,1369,1369,0.0
F0673,2022,1168,1168,0.0
F0673,2023,1313,1138,0.0
F0673,2024,1555,1555,0.0
F0673,2025,1271,1073,0.0
F0673,2026,1271,1218,0.0
F0674,2021,2675,2414,0.0
F0674,2022,1321,1165,0.0
F0674,2023,1786,1638,0.0
F0674,2024,1147,1046,0.0
F0674,2025,2076,1627,0.0
F0674,2026,1292,1193,0.0
F0675,2021,1263,970,0.0
F0675,2022,1432,926,0.0
F0675,2023,1208,889,0.0
F0675,2024,1598,1177,0.0
F0675,2025,1338,1046,0.0
F0675,2026,1509,1091,0.0
F0676,2021,1550,770,0.0
F0676,2022,740,238,0.0
F0676,2023,1512,633,0.54
F0676,2024,636,269,0.19
F0676,2025,734,306,0.0
F0676,2026,837,318,0.0
F0677,2021,1545,741,0.0
F0677,2022,1005,456,0.0
F0677,2023,1520,563,0.0
F0677,2024,1045,502,0.54
F0677,2025,1121,626,0.41
F0677,2026,743,434,0.0
F0678,2021,507,313,0.17
F0678,2022,192,141,0.58
F0678,2023,381,262,0.0
F0678,2024,222,184,0.0
F0678,2025,435,320,0.16
F0678,2026,212,169,0.0
F0679,2021,519,518,0.0
F0679,2022,474,467,0.0
F0679,2023,554,554,0.0
F0679,2024,562,523,0.0
F0679,2025,339,279,0.33
F0679,2026,335,317,0.0
F0680,2021,369,245,0.0
F0680,2022,581,415,0.0
F0680,2023,305,225,0.0
F0680,2024,440,323,0.0
F0680,2025,297,227,0.0
F0680,2026,463,386,0.39
F0681,2021,2195,2109,0.0
F0681,2022,2965,2965,0.0
F0681,2023,2174,1698,0.0
F0681,2024,2703,2436,0.22
F0681,2025,1818,1552,0.0
F0681,2026,3345,2823,0.0
F0682,2021,3145,3049,0.21
F0682,2022,1049,931,0.22
F0682,2023,2353,1986,0.24
F0682,2024,2004,2004,0.0
F0682,2025,1956,1769,0.0
F0682,2026,1782,1620,0.0
F0683,2021,1053,367,0.0
F0683,2022,853,427,0.0
F0683,2023,1582,943,0.0
F0683,2024,909,409,0.0
F0683,2025,1188,504,0.48
F0683,2026,577,282,0.0
F0684,2021,4113,3370,0.0
F0684,2022,2966,2507,0.21
F0684,2023,3355,2697,0.0
F0684,2024,2466,1953,0.0
F0684,2025,4099,3522,0.0
F0684,2026,2883,2176,0.0
F0685,2021,2100,1428,0.4
F0685,2022,1641,1479,0.0
F0685,2023,2536,2161,0.0
F0685,2024,1959,1518,0.0
F0685,2025,1561,1261,0.0
F0685,2026,2158,1635,0.0
F0686,2021,423,361,0.3
F0686,2022,378,315,0.0
F0686,2023,445,319,0.0
F0686,2024,485,375,0.0
F0686,2025,442,338,0.0
F0686,2026,458,352,0.35
F0687,2021,1026,785,0.0
F0687,2022,855,755,0.0
F0687,2023,994,693,0.0
F0687,2024,723,609,0.0
F0687,2025,808,808,0.54
F0687,2026,575,412,0.0
F0688,2021,673,602,0.0
F0688,2022,957,762,0.0
F0688,2023,663,544,0.0
F0688,2024,1235,1208,0.23
F0688,2025,481,423,0.0
F0688,2026,830,713,0.0
F0689,2021,515,339,0.0
F0689,2022,791,454,0.0
F0689,2023,459,245,0.0
F0689,2024,775,481,0.0
F0689,2025,443,191,0.0
F0689,2026,742,353,0.0
F0690,2021,1249,947,0.0
F0690,2022,799,672,0.27
F0690,2023,1141,801,0.0
F0690,2024,1065,814,0.0
F0690,2025,1640,1226,0.0
F0690,2026,940,768,0.0
F0691,2021,2955,2381,0.0
F0691,2022,1933,1697,0.0
F0691,2023,2834,2793,0.48
F0691,2024,1699,1491,0.47
F0691,2025,1685,1448,0.0
F0691,2026,2430,2173,0.0
F0692,2021,620,497,0.0
F0692,2022,506,394,0.54
F0692,2023,881,658,0.0
F0692,2024,788,515,0.0
F0692,2025,1082,762,0.0
F0692,2026,641,483,0.4
F0693,2021,1370,808,0.0
F0693,2022,972,805,0.0
F0693,2023,1394,904,0.0
F0693,2024,1152,781,0.0
F0693,2025,1781,1443,0.0
F0693,2026,1023,620,0.0
F0694,2021,854,854,0.54
F0694,2022,633,622,0.0
F0694,2023,1694,1631,0.0
F0694,2024,1158,1158,0.0
F0694,2025,1007,1007,0.0
F0694,2026,889,889,0.0
F0695,2021,380,294,0.0
F0695,2022,250,177,0.0
F0695,2023,379,238,0.0
F0695,2024,248,159,0.35
F0695,2025,276,218,0.0
F0695,2026,247,177,0.0
F0696,2021,1469,986,0.0
F0696,2022,1018,773,0.0
F0696,2023,1262,865,0.0
F0696,2024,1148,818,0.0
F0696,2025,1377,896,0.0
F0696,2026,1082,819,0.0
F0697,2021,816,465,0.0
F0697,2022,823,506,0.0
F0697,2023,837,407,0.0
F0697,2024,1159,566,0.0
F0697,2025,573,332,0.0
F0697,2026,722,282,0.0
F0698,2021,531,314,0.33
F0698,2022,449,286,0.0
F0698,2023,536,418,0.0
F0698,2024,515,425,0.0
F0698,2025,591,404,0.0
F0698,2026,604,458,0.0
F0699,2021,1258,910,0.37
F0699,2022,591,454,0.0
F0699,2023,1191,755,0.45
F0699,2024,610,473,0.0
F0699,2025,1123,678,0.2
F0699,2026,583,452,0.0
F0700,2021,1966,1669,0.0
F0700,2022,914,735,0.0
F0700,2023,1992,1603,0.51
F0700,2024,828,628,0.0
F0700,2025,1374,1015,0.0
F0700,2026,1076,917,0.0
F0701,2021,613,571,0.0
F0701,2022,491,362,0.0
F0701,2023,531,484,0.25
F0701,2024,471,370,0.0
F0701,2025,753,602,0.0
F0701,2026,483,404,0.33
F0702,2021,2432,1328,0.0
F0702,2022,1699,1095,0.0
F0702,2023,2514,1245,0.0
F0702,2024,1786,802,0.0
F0702,2025,2630,1612,0.0
F0702,2026,1587,789,0.54
F0703,2021,924,854,0.0
F0703,2022,1535,1284,0.0
F0703,2023,926,884,0.48
F0703,2024,1039,756,0.0
F0703,2025,764,695,0.0
F0703,2026,1668,1668,0.0
F0704,2021,1635,1296,0.48
F0704,2022,2335,1752,0.42
F0704,2023,1281,1097,0.0
F0704,2024,2853,1767,0.6
F0704,2025,1589,1328,0.0
F0704,2026,3315,2698,0.0
F0705,2021,1293,1081,0.0
F0705,2022,1407,1279,0.0
F0705,2023,1299,1043,0.4
F0705,2024,1209,1082,0.0
F0705,2025,1202,1083,0.57
F0705,2026,1071,705,0.24
F0706,2021,2362,1509,0.0
F0706,2022,1469,1021,0.0
F0706,2023,2664,1721,0.0
F0706,2024,1794,1037,0.0
F0706,2025,1808,1218,0.0
F0706,2026,1250,814,0.0
F0707,2021,1158,665,0.0
F0707,2022,663,390,0.37
F0707,2023,1142,718,0.0
F0707,2024,774,445,0.0
F0707,2025,1523,777,0.0
F0707,2026,712,480,0.0
F0708,2021,843,843,0.0
F0708,2022,741,741,0.0
F0708,2023,792,714,0.0
F0708,2024,644,583,0.0
F0708,2025,552,552,0.0
F0708,2026,610,521,0.0
F0709,2021,1418,1160,0.0
F0709,2022,934,786,0.0
F0709,2023,1181,881,0.0
F0709,2024,923,864,0.0
F0709,2025,785,771,0.0
F0709,2026,782,642,0.0
F0710,2021,736,618,0.0
F0710,2022,632,475,0.0
F0710,2023,730,610,0.0
F0710,2024,680,478,0.0
F0710,2025,918,853,0.0
F0710,2026,731,565,0.0
F0711,2021,2999,2497,0.0
F0711,2022,3435,3435,0.0
F0711,2023,3149,2532,0.45
F0711,2024,3131,2608,0.0
F0711,2025,3068,2732,0.35
F0711,2026,2871,1974,0.0
F0712,2021,766,714,0.24
F0712,2022,516,516,0.22
F0712,2023,684,624,0.5
F0712,2024,499,499,0.0
F0712,2025,839,761,0.0
F0712,2026,543,474,0.0
F0713,2021,1295,1040,0.0
F0713,2022,1024,806,0.0
F0713,2023,1220,1060,0.0
F0713,2024,1012,882,0.0
F0713,2025,1246,1121,0.0
F0713,2026,1059,1046,0.0
F0714,2021,1565,767,0.0
F0714,2022,854,571,0.2
F0714,2023,1122,778,0.0
F0714,2024,658,457,0.6
F0714,2025,957,463,0.0
F0714,2026,786,482,0.0
F0715,2021,800,618,0.55
F0715,2022,887,776,0.0
F0715,2023,912,715,0.0
F0715,2024,1304,941,0.0
F0715,2025,877,703,0.0
F0715,2026,1105,906,0.37
F0716,2021,2824,1434,0.0
F0716,2022,3670,2100,0.0
F0716,2023,2703,1439,0.4
F0716,2024,2873,2028,0.26
F0716,2025,3165,2157,0.0
F0716,2026,3054,1754,0.0
F0717,2021,898,571,0.0
F0717,2022,1623,1125,0.0
F0717,2023,935,541,0.0
F0717,2024,1578,673,0.0
F0717,2025,1206,652,0.0
F0717,2026,1574,707,0.0
F0718,2021,1543,1262,0.0
F0718,2022,1743,1363,0.0
F0718,2023,1543,1359,0.0
F0718,2024,1886,1644,0.44
F0718,2025,1034,742,0.0
F0718,2026,1871,1420,0.0
F0719,2021,359,255,0.0
F0719,2022,519,335,0.0
F0719,2023,476,319,0.0
F0719,2024,463,338,0.0
F0719,2025,413,263,0.0
F0719,2026,451,298,0.0
F0720,2021,1798,1319,0.0
F0720,2022,2465,1642,0.0
F0720,2023,1637,1262,0.0
F0720,2024,2287,1528,0.0
F0720,2025,1718,1418,0.0
F0720,2026,1815,1352,0.0
F0721,2021,1656,1656,0.0
F0721,2022,1633,1537,0.0
F0721,2023,1383,1334,0.0
F0721,2024,1911,1750,0.34
F0721,2025,798,798,0.0
F0721,2026,1572,1572,0.0
F0722,2021,421,308,0.47
F0722,2022,226,166,0.0
F0722,2023,357,286,0.24
F0722,2024,320,266,0.0
F0722,2025,517,495,0.0
F0722,2026,307,240,0.0
F0723,2021,1622,1059,0.0
F0723,2022,916,633,0.0
F0723,2023,1107,777,0.4
F0723,2024,581,405,0.0
F0723,2025,1350,752,0.0
F0723,2026,1178,864,0.0
F0724,2021,466,292,0.0
F0724,2022,473,271,0.0
F0724,2023,541,211,0.15
F0724,2024,482,267,0.0
F0724,2025,365,240,0.0
F0724,2026,373,177,0.16
F0725,2021,657,589,0.0
F0725,2022,744,568,0.0
F0725,2023,539,415,0.0
F0725,2024,671,583,0.0
F0725,2025,539,480,0.6
F0725,2026,417,378,0.0
F0726,2021,758,611,0.0
F0726,2022,1064,868,0.0
F0726,2023,874,740,0.0
F0726,2024,719,674,0.0
F0726,2025,965,821,0.0
F0726,2026,891,879,0.0
F0727,2021,928,716,0.5
F0727,2022,702,506,0.0
F0727,2023,994,740,0.0
F0727,2024,1145,716,0.49
F0727,2025,551,371,0.0
F0727,2026,1067,859,0.0
F0728,2021,1015,750,0.0
F0728,2022,1498,1032,0.3
F0728,2023,755,522,0.0
F0728,2024,1437,881,0.0
F0728,2025,1047,820,0.0
F0728,2026,1357,994,0.0
F0729,2021,1840,806,0.0
F0729,2022,1447,780,0.18
F0729,2023,2057,1177,0.0
F0729,2024,1592,778,0.0
F0729,2025,2136,1268,0.0
F0729,2026,1800,823,0.0
F0730,2021,803,696,0.0
F0730,2022,865,633,0.0
F0730,2023,707,596,0.2
F0730,2024,619,566,0.0
F0730,2025,537,464,0.57
F0730,2026,457,431,0.0
F0731,2021,722,480,0.0
F0731,2022,1217,963,0.36
F0731,2023,939,859,0.0
F0731,2024,1953,1494,0.37
F0731,2025,1232,785,0.0
F0731,2026,1741,1253,0.0
F0732,2021,487,390,0.0
F0732,2022,498,474,0.0
F0732,2023,362,342,0.0
F0732,2024,469,400,0.0
F0732,2025,458,390,0.0
F0732,2026,486,367,0.0
F0733,2021,9110,9110,0.0
F0733,2022,5837,5375,0.0
F0733,2023,10013,8253,0.0
F0733,2024,8328,8019,0.0
F0733,2025,6622,6527,0.0
F0733,2026,6224,5622,0.0
F0734,2021,1183,1019,0.0
F0734,2022,1062,996,0.0
F0734,2023,1168,949,0.59
F0734,2024,754,735,0.0
F0734,2025,1378,1202,0.0
F0734,2026,1155,986,0.0
F0735,2021,192,136,0.0
F0735,2022,240,109,0.39
F0735,2023,162,82,0.0
F0735,2024,242,141,0.0
F0735,2025,215,142,0.17
F0735,2026,249,151,0.27
F0736,2021,1028,996,0.0
F0736,2022,935,697,0.0
F0736,2023,721,688,0.53
F0736,2024,867,773,0.0
F0736,2025,532,461,0.0
F0736,2026,693,647,0.0
F0737,2021,880,434,0.0
F0737,2022,979,502,0.0
F0737,2023,1036,514,0.0
F0737,2024,934,177,0.54
F0737,2025,645,154,0.0
F0737,2026,1112,333,0.0
F0738,2021,1633,1070,0.43
F0738,2022,743,479,0.0
F0738,2023,1484,1110,0.0
F0738,2024,952,530,0.0
F0738,2025,1600,873,0.0
F0738,2026,1021,581,0.0
F0739,2021,1327,987,0.0
F0739,2022,682,463,0.0
F0739,2023,1142,918,0.0
F0739,2024,705,469,0.0
F0739,2025,756,461,0.0
F0739,2026,599,378,0.0
F0740,2021,1524,1111,0.0
F0740,2022,1203,773,0.0
F0740,2023,1686,1096,0.21
F0740,2024,1429,953,0.0
F0740,2025,1810,1389,0.0
F0740,2026,1154,860,0.0
F0741,2021,860,617,0.34
F0741,2022,566,443,0.0
F0741,2023,854,758,0.0
F0741,2024,818,727,0.0
F0741,2025,920,829,0.0
F0741,2026,827,691,0.0
F0742,2021,991,869,0.16
F0742,2022,796,708,0.0
F0742,2023,1332,986,0.0
F0742,2024,1236,1024,0.0
F0742,2025,749,723,0.0
F0742,2026,1068,1059,0.0
F0743,2021,6285,6285,0.0
F0743,2022,4652,4487,0.0
F0743,2023,6722,6433,0.0
F0743,2024,4242,3781,0.0
F0743,2025,7752,7752,0.32
F0743,2026,3560,3560,0.0
F0744,2021,1337,1137,0.0
F0744,2022,2421,2354,0.0
F0744,2023,1343,928,0.0
F0744,2024,1928,1928,0.0
F0744,2025,1530,1199,0.0
F0744,2026,2038,2038,0.0
F0745,2021,733,489,0.31
F0745,2022,492,271,0.0
F0745,2023,846,487,0.0
F0745,2024,541,403,0.0
F0745,2025,534,347,0.0
F0745,2026,445,296,0.0
F0746,2021,769,428,0.0
F0746,2022,1022,648,0.0
F0746,2023,615,272,0.0
F0746,2024,1037,615,0.0
F0746,2025,666,503,0.0
F0746,2026,690,372,0.59
F0747,2021,435,301,0.0
F0747,2022,390,268,0.0
F0747,2023,447,289,0.0
F0747,2024,286,199,0.0
F0747,2025,394,222,0.0
F0747,2026,328,207,0.0
F0748,2021,392,235,0.0
F0748,2022,331,239,0.0
F0748,2023,379,240,0.0
F0748,2024,342,267,0.0
F0748,2025,278,163,0.0
F0748,2026,282,254,0.0
F0749,2021,1585,1190,0.0
F0749,2022,2339,1944,0.43
F0749,2023,1398,1156,0.0
F0749,2024,2512,1531,0.0
F0749,2025,1494,1086,0.0
F0749,2026,2426,2000,0.21
F0750,2021,313,250,0.0
F0750,2022,285,226,0.0
F0750,2023,302,219,0.0
F0750,2024,257,188,0.0
F0750,2025,306,209,0.0
F0750,2026,249,175,0.38
F0751,2021,1021,550,0.0
F0751,2022,747,376,0.0
F0751,2023,1119,602,0.0
F0751,2024,1215,749,0.19
F0751,2025,858,580,0.0
F0751,2026,954,633,0.0
F0752,2021,1546,1363,0.0
F0752,2022,2168,1160,0.0
F0752,2023,1245,924,0.0
F0752,2024,2182,1598,0.0
F0752,2025,1066,746,0.34
F0752,2026,1129,761,0.0
F0753,2021,3366,1986,0.0
F0753,2022,2091,915,0.0
F0753,2023,3800,1925,0.45
F0753,2024,1654,760,0.21
F0753,2025,3152,1593,0.0
F0753,2026,2264,1285,0.0
F0754,2021,586,536,0.0
F0754,2022,391,369,0.56
F0754,2023,434,373,0.25
F0754,2024,495,442,0.0
F0754,2025,513,330,0.0
F0754,2026,402,351,0.0
F0755,2021,1192,1067,0.0
F0755,2022,1330,1218,0.0
F0755,2023,1245,1193,0.0
F0755,2024,1229,1229,0.0
F0755,2025,1232,1209,0.0
F0755,2026,1130,1130,0.0
F0756,2021,705,600,0.0
F0756,2022,917,840,0.0
F0756,2023,578,476,0.0
F0756,2024,963,934,0.0
F0756,2025,686,586,0.0
F0756,2026,941,773,0.0
F0757,2021,1648,923,0.0
F0757,2022,843,731,0.0
F0757,2023,1405,1172,0.4
F0757,2024,733,489,0.0
F0757,2025,1013,686,0.0
F0757,2026,864,561,0.0
F0758,2021,811,761,0.0
F0758,2022,784,771,0.0
F0758,2023,940,796,0.0
F0758,2024,921,883,0.0
F0758,2025,1039,942,0.0
F0758,2026,834,699,0.15
F0759,2021,2389,2325,0.0
F0759,2022,1585,1247,0.0
F0759,2023,2225,2018,0.54
F0759,2024,1115,959,0.0
F0759,2025,2247,2105,0.0
F0759,2026,2024,1778,0.0
F0760,2021,727,544,0.0
F0760,2022,432,318,0.0
F0760,2023,736,494,0.0
F0760,2024,493,484,0.0
F0760,2025,509,466,0.0
F0760,2026,412,343,0.17
F0761,2021,816,459,0.0
F0761,2022,770,343,0.0
F0761,2023,731,451,0.41
F0761,2024,531,278,0.0
F0761,2025,911,396,0.57
F0761,2026,415,248,0.0
F0762,2021,1047,948,0.33
F0762,2022,631,512,0.0
F0762,2023,962,787,0.0
F0762,2024,877,816,0.52
F0762,2025,688,566,0.0
F0762,2026,1065,762,0.0
F0763,2021,842,630,0.0
F0763,2022,1259,746,0.0
F0763,2023,914,697,0.0
F0763,2024,1477,1312,0.0
F0763,2025,562,478,0.0
F0763,2026,948,586,0.0
F0764,2021,353,250,0.36
F0764,2022,350,254,0.0
F0764,2023,275,203,0.0
F0764,2024,432,311,0.0
F0764,2025,328,225,0.0
F0764,2026,395,329,0.0
F0765,2021,2716,1702,0.4
F0765,2022,1481,1047,0.0
F0765,2023,2820,1770,0.0
F0765,2024,1912,1551,0.0
F0765,2025,2706,1551,0.0
F0765,2026,1733,1322,0.0
F0766,2021,1347,903,0.0
F0766,2022,1631,1192,0.0
F0766,2023,1331,900,0.33
F0766,2024,1419,1011,0.35
F0766,2025,970,739,0.0
F0766,2026,1592,1164,0.0
F0767,2021,652,362,0.0
F0767,2022,462,340,0.0
F0767,2023,505,328,0.0
F0767,2024,420,272,0.0
F0767,2025,557,368,0.0
F0767,2026,369,269,0.0
F0768,2021,1868,1199,0.0
F0768,2022,1705,975,0.0
F0768,2023,1274,688,0.0
F0768,2024,1792,1134,0.0
F0768,2025,1778,1033,0.0
F0768,2026,2083,1469,0.0
F0769,2021,346,336,0.0
F0769,2022,396,352,0.0
F0769,2023,262,260,0.38
F0769,2024,433,426,0.0
F0769,2025,280,243,0.31
F0769,2026,375,360,0.0
F0770,2021,871,871,0.0
F0770,2022,645,645,0.0
F0770,2023,780,780,0.0
F0770,2024,661,658,0.0
F0770,2025,797,741,0.0
F0770,2026,746,746,0.0
F0771,2021,803,565,0.49
F0771,2022,609,575,0.0
F0771,2023,732,632,0.24
F0771,2024,717,643,0.53
F0771,2025,545,473,0.0
F0771,2026,719,657,0.0
F0772,2021,2612,1625,0.0
F0772,2022,2423,1433,0.17
F0772,2023,2330,1561,0.42
F0772,2024,1789,1414,0.0
F0772,2025,1917,1256,0.0
F0772,2026,2331,1489,0.0
F0773,2021,326,315,0.0
F0773,2022,252,218,0.0
F0773,2023,226,203,0.46
F0773,2024,225,175,0.0
F0773,2025,406,350,0.0
F0773,2026,256,239,0.0
F0774,2021,3085,2170,0.0
F0774,2022,2453,1997,0.35
F0774,2023,2159,1982,0.0
F0774,2024,2543,2276,0.0
F0774,2025,2888,2748,0.57
F0774,2026,1970,1688,0.0
F0775,2021,684,384,0.0
F0775,2022,684,346,0.21
F0775,2023,707,353,0.2
F0775,2024,657,357,0.0
F0775,2025,702,454,0.0
F0775,2026,735,322,0.0
F0776,2021,1485,1186,0.0
F0776,2022,1494,1314,0.0
F0776,2023,1158,1074,0.0
F0776,2024,1438,1333,0.0
F0776,2025,1780,1572,0.0
F0776,2026,1309,1162,0.0
F0777,2021,1814,925,0.0
F0777,2022,2670,1420,0.0
F0777,2023,1935,1285,0.0
F0777,2024,2393,1551,0.0
F0777,2025,2171,1428,0.0
F0777,2026,2919,1593,0.0
F0778,2021,412,297,0.0
F0778,2022,538,357,0.0
F0778,2023,387,333,0.44
F0778,2024,395,304,0.3
F0778,2025,206,121,0.0
F0778,2026,434,329,0.0
F0779,2021,368,368,0.0
F0779,2022,528,513,0.0
F0779,2023,326,288,0.0
F0779,2024,546,372,0.42
F0779,2025,250,224,0.57
F0779,2026,324,236,0.0
F0780,2021,2041,2041,0.0
F0780,2022,855,702,0.0
F0780,2023,1884,1623,0.0
F0780,2024,930,804,0.0
F0780,2025,1646,1646,0.0
F0780,2026,1017,997,0.0
F0781,2021,1448,1186,0.0
F0781,2022,880,609,0.0
F0781,2023,1732,1703,0.0
F0781,2024,1230,1125,0.0
F0781,2025,1227,1074,0.0
F0781,2026,788,711,0.0
F0782,2021,661,536,0.29
F0782,2022,551,452,0.0
F0782,2023,628,576,0.0
F0782,2024,711,628,0.0
F0782,2025,591,447,0.0
F0782,2026,511,479,0.28
F0783,2021,1121,952,0.0
F0783,2022,601,557,0.0
F0783,2023,1188,1029,0.0
F0783,2024,686,649,0.0
F0783,2025,1065,1065,0.0
F0783,2026,769,702,0.0
F0784,2021,2219,1626,0.0
F0784,2022,1999,1408,0.0
F0784,2023,1798,1190,0.0
F0784,2024,1568,1059,0.47
F0784,2025,1431,1038,0.0
F0784,2026,1960,1197,0.0
F0785,2021,503,422,0.0
F0785,2022,555,555,0.0
F0785,2023,879,772,0.0
F0785,2024,760,647,0.0
F0785,2025,1101,1091,0.0
F0785,2026,658,658,0.0
F0786,2021,831,459,0.0
F0786,2022,464,286,0.0
F0786,2023,776,586,0.0
F0786,2024,398,272,0.0
F0786,2025,921,502,0.0
F0786,2026,459,285,0.0
F0787,2021,661,492,0.0
F0787,2022,954,737,0.0
F0787,2023,873,623,0.0
F0787,2024,771,585,0.0
F0787,2025,520,366,0.0
F0787,2026,640,543,0.0
F0788,2021,684,364,0.39
F0788,2022,391,249,0.0
F0788,2023,574,303,0.0
F0788,2024,522,323,0.0
F0788,2025,752,439,0.19
F0788,2026,462,231,0.0
F0789,2021,729,355,0.0
F0789,2022,1066,506,0.0
F0789,2023,522,259,0.0
F0789,2024,758,360,0.0
F0789,2025,658,267,0.0
F0789,2026,824,424,0.28
F0790,2021,921,812,0.0
F0790,2022,438,262,0.0
F0790,2023,814,610,0.0
F0790,2024,516,364,0.0
F0790,2025,656,513,0.0
F0790,2026,426,345,0.0
F0791,2021,1028,604,0.0
F0791,2022,1025,573,0.0
F0791,2023,1405,811,0.0
F0791,2024,1240,735,0.37
F0791,2025,1206,692,0.57
F0791,2026,920,529,0.33
F0792,2021,3092,2326,0.25
F0792,2022,2258,1238,0.0
F0792,2023,3564,2159,0.0
F0792,2024,3118,1646,0.0
F0792,2025,3201,2193,0.0
F0792,2026,2558,1626,0.58
F0793,2021,410,380,0.0
F0793,2022,492,416,0.0
F0793,2023,443,374,0.0
F0793,2024,518,401,0.0
F0793,2025,333,296,0.0
F0793,2026,394,372,0.0
F0794,2021,560,508,0.0
F0794,2022,912,844,0.0
F0794,2023,642,642,0.0
F0794,2024,935,798,0.33
F0794,2025,500,345,0.0
F0794,2026,896,842,0.0
F0795,2021,435,349,0.0
F0795,2022,533,456,0.0
F0795,2023,401,348,0.0
F0795,2024,461,390,0.2
F0795,2025,374,305,0.0
F0795,2026,602,508,0.0
F0796,2021,928,734,0.0
F0796,2022,679,471,0.0
F0796,2023,986,642,0.0
F0796,2024,805,537,0.0
F0796,2025,702,549,0.0
F0796,2026,642,529,0.0
F0797,2021,254,184,0.0
F0797,2022,377,285,0.41
F0797,2023,200,137,0.45
F0797,2024,254,156,0.26
F0797,2025,324,259,0.0
F0797,2026,306,210,0.32
F0798,2021,3157,1903,0.0
F0798,2022,2060,1417,0.0
F0798,2023,2884,1872,0.0
F0798,2024,2460,1551,0.0
F0798,2025,3091,1745,0.0
F0798,2026,2548,1384,0.0
F0799,2021,520,175,0.52
F0799,2022,291,96,0.0
F0799,2023,544,173,0.5
F0799,2024,327,123,0.0
F0799,2025,399,164,0.0
F0799,2026,333,77,0.0
F0800,2021,362,301,0.0
F0800,2022,556,512,0.26
F0800,2023,322,249,0.0
F0800,2024,619,562,0.0
F0800,2025,375,352,0.0
F0800,2026,553,497,0.0
F0801,2021,1608,1082,0.0
F0801,2022,1991,1122,0.0
F0801,2023,1571,1137,0.23
F0801,2024,1417,1057,0.0
F0801,2025,1410,1017,0.0
F0801,2026,1628,1239,0.0
F0802,2021,1332,1105,0.2
F0802,2022,1086,937,0.0
F0802,2023,1621,1115,0.0
F0802,2024,1362,1009,0.3
F0802,2025,715,461,0.0
F0802,2026,1129,814,0.0
F0803,2021,183,106,0.35
F0803,2022,251,183,0.25
F0803,2023,160,115,0.0
F0803,2024,264,187,0.42
F0803,2025,124,63,0.0
F0803,2026,266,134,0.0
F0804,2021,653,593,0.0
F0804,2022,630,410,0.0
F0804,2023,1117,946,0.0
F0804,2024,657,498,0.0
F0804,2025,1043,888,0.0
F0804,2026,626,459,0.0
F0805,2021,242,111,0.0
F0805,2022,157,97,0.41
F0805,2023,198,128,0.0
F0805,2024,186,106,0.0
F0805,2025,196,108,0.0
F0805,2026,162,92,0.0
F0806,2021,447,213,0.0
F0806,2022,545,344,0.33
F0806,2023,296,146,0.0
F0806,2024,447,280,0.0
F0806,2025,406,224,0.0
F0806,2026,451,245,0.29
F0807,2021,1211,664,0.41
F0807,2022,1099,826,0.0
F0807,2023,1133,746,0.48
F0807,2024,1015,751,0.0
F0807,2025,1222,812,0.0
F0807,2026,1522,1142,0.47
F0808,2021,453,136,0.0
F0808,2022,264,47,0.0
F0808,2023,459,111,0.0
F0808,2024,253,68,0.45
F0808,2025,230,91,0.0
F0808,2026,201,65,0.0
F0809,2021,322,278,0.0
F0809,2022,335,228,0.0
F0809,2023,253,226,0.0
F0809,2024,409,370,0.26
F0809,2025,275,222,0.0
F0809,2026,307,251,0.28
F0810,2021,1004,754,0.0
F0810,2022,1298,808,0.29
F0810,2023,931,812,0.0
F0810,2024,1671,1310,0.19
F0810,2025,865,609,0.0
F0810,2026,1410,908,0.0
F0811,2021,198,146,0.16
F0811,2022,141,127,0.0
F0811,2023,217,160,0.0
F0811,2024,165,140,0.0
F0811,2025,132,95,0.0
F0811,2026,134,86,0.0
F0812,2021,280,197,0.0
F0812,2022,314,252,0.0
F0812,2023,253,160,0.46
F0812,2024,226,148,0.0
F0812,2025,369,273,0.0
F0812,2026,305,235,0.17
F0813,2021,598,493,0.0
F0813,2022,492,438,0.0
F0813,2023,414,365,0.0
F0813,2024,492,359,0.0
F0813,2025,472,439,0.0
F0813,2026,409,339,0.23
F0814,2021,1940,1503,0.0
F0814,2022,2160,1529,0.38
F0814,2023,1406,1029,0.45
F0814,2024,1883,1452,0.0
F0814,2025,1824,1265,0.0
F0814,2026,1868,1574,0.0
F0815,2021,672,454,0.0
F0815,2022,642,390,0.29
F0815,2023,692,419,0.0
F0815,2024,697,402,0.0
F0815,2025,915,567,0.39
F0815,2026,443,263,0.0
F0816,2021,1862,1223,0.0
F0816,2022,2228,1628,0.0
F0816,2023,1784,1532,0.0
F0816,2024,2220,1778,0.0
F0816,2025,1998,1394,0.0
F0816,2026,2550,1762,0.0
F0817,2021,1496,1010,0.0
F0817,2022,850,550,0.38
F0817,2023,1139,672,0.0
F0817,2024,964,676,0.0
F0817,2025,828,601,0.0
F0817,2026,881,631,0.0
F0818,2021,1540,1146,0.0
F0818,2022,1469,1117,0.0
F0818,2023,1243,697,0.0
F0818,2024,1613,1232,0.0
F0818,2025,1048,865,0.0
F0818,2026,1311,929,0.0
F0819,2021,318,248,0.18
F0819,2022,320,221,0.0
F0819,2023,306,194,0.0
F0819,2024,348,234,0.0
F0819,2025,339,215,0.0
F0819,2026,315,255,0.0
F0820,2021,1460,639,0.45
F0820,2022,1121,402,0.0
F0820,2023,1439,609,0.0
F0820,2024,1402,556,0.32
F0820,2025,920,358,0.0
F0820,2026,1152,578,0.0
F0821,2021,347,323,0.0
F0821,2022,332,286,0.0
F0821,2023,314,274,0.0
F0821,2024,384,357,0.0
F0821,2025,336,301,0.53
F0821,2026,247,215,0.0
F0822,2021,667,338,0.51
F0822,2022,346,213,0.0
F0822,2023,668,296,0.0
F0822,2024,430,242,0.0
F0822,2025,620,284,0.0
F0822,2026,446,210,0.0
F0823,2021,922,683,0.0
F0823,2022,672,604,0.0
F0823,2023,795,559,0.0
F0823,2024,693,601,0.0
F0823,2025,628,524,0.0
F0823,2026,499,408,0.0
F0824,2021,1940,1624,0.0
F0824,2022,1442,1069,0.0
F0824,2023,1488,1335,0.0
F0824,2024,1168,824,0.0
F0824,2025,2159,1194,0.0
F0824,2026,1481,1144,0.0
F0825,2021,381,331,0.0
F0825,2022,250,168,0.0
F0825,2023,375,285,0.0
F0825,2024,249,189,0.0
F0825,2025,431,242,0.34
F0825,2026,182,133,0.18
F0826,2021,374,275,0.0
F0826,2022,385,363,0.0
F0826,2023,348,264,0.0
F0826,2024,350,259,0.0
F0826,2025,274,274,0.0
F0826,2026,292,292,0.0
F0827,2021,2653,1951,0.0
F0827,2022,3221,2561,0.54
F0827,2023,2023,1704,0.0
F0827,2024,3484,2612,0.0
F0827,2025,2244,1709,0.0
F0827,2026,2682,2073,0.0
F0828,2021,1092,638,0.0
F0828,2022,567,303,0.0
F0828,2023,1036,492,0.0
F0828,2024,476,292,0.52
F0828,2025,675,281,0.0
F0828,2026,604,244,0.0
F0829,2021,807,673,0.0
F0829,2022,543,402,0.0
F0829,2023,771,566,0.23
F0829,2024,572,424,0.0
F0829,2025,546,470,0.0
F0829,2026,454,332,0.0
F0830,2021,1626,1481,0.0
F0830,2022,1900,1821,0.0
F0830,2023,1191,1070,0.42
F0830,2024,1622,1272,0.0
F0830,2025,2213,2156,0.0
F0830,2026,1603,1571,0.0
F0831,2021,561,394,0.0
F0831,2022,293,242,0.0
F0831,2023,453,436,0.0
F0831,2024,393,313,0.0
F0831,2025,547,494,0.18
F0831,2026,336,265,0.0
F0832,2021,686,549,0.25
F0832,2022,289,246,0.0
F0832,2023,747,613,0.0
F0832,2024,323,241,0.28
F0832,2025,381,294,0.0
F0832,2026,251,192,0.0
F0833,2021,1876,1797,0.36
F0833,2022,1619,1527,0.0
F0833,2023,1587,1438,0.0
F0833,2024,2547,2367,0.0
F0833,2025,2245,1324,0.17
F0833,2026,1764,1475,0.0
F0834,2021,803,651,0.44
F0834,2022,715,654,0.0
F0834,2023,935,765,0.0
F0834,2024,867,737,0.0
F0834,2025,699,650,0.0
F0834,2026,739,717,0.0
F0835,2021,1243,877,0.37
F0835,2022,1229,833,0.0
F0835,2023,1592,1248,0.0
F0835,2024,2010,1492,0.0
F0835,2025,1142,721,0.0
F0835,2026,1658,897,0.0
F0836,2021,1034,955,0.0
F0836,2022,831,788,0.0
F0836,2023,918,823,0.0
F0836,2024,759,759,0.5
F0836,2025,827,750,0.44
F0836,2026,681,611,0.0
F0837,2021,1163,386,0.0
F0837,2022,957,347,0.0
F0837,2023,1052,230,0.35
F0837,2024,779,240,0.0
F0837,2025,1103,272,0.0
F0837,2026,1126,356,0.0
F0838,2021,806,697,0.0
F0838,2022,1068,839,0.0
F0838,2023,829,626,0.0
F0838,2024,879,839,0.0
F0838,2025,709,659,0.0
F0838,2026,849,678,0.0
F0839,2021,416,360,0.0
F0839,2022,282,220,0.0
F0839,2023,441,337,0.0
F0839,2024,286,261,0.32
F0839,2025,308,255,0.0
F0839,2026,307,270,0.0
F0840,2021,3152,2054,0.0
F0840,2022,2230,1590,0.0
F0840,2023,2836,2125,0.0
F0840,2024,2071,1781,0.0
F0840,2025,2973,2252,0.0
F0840,2026,2163,1605,0.0
F0841,2021,1298,485,0.0
F0841,2022,1831,672,0.0
F0841,2023,1227,441,0.0
F0841,2024,1890,791,0.53
F0841,2025,624,277,0.0
F0841,2026,1446,458,0.0
F0842,2021,285,245,0.0
F0842,2022,440,393,0.16
F0842,2023,297,212,0.0
F0842,2024,497,391,0.0
F0842,2025,341,280,0.0
F0842,2026,431,282,0.0
F0843,2021,587,519,0.51
F0843,2022,374,311,0.0
F0843,2023,574,540,0.0
F0843,2024,425,392,0.0
F0843,2025,658,561,0.0
F0843,2026,504,404,0.49
F0844,2021,1154,791,0.36
F0844,2022,513,363,0.0
F0844,2023,1232,841,0.0
F0844,2024,761,538,0.0
F0844,2025,771,559,0.0
F0844,2026,550,382,0.0
F0845,2021,2774,2323,0.0
F0845,2022,3332,2776,0.0
F0845,2023,2655,1652,0.0
F0845,2024,3907,3127,0.0
F0845,2025,3221,2644,0.0
F0845,2026,2944,2390,0.0
F0846,2021,2559,2559,0.31
F0846,2022,1860,1778,0.0
F0846,2023,2284,2142,0.52
F0846,2024,1428,1428,0.0
F0846,2025,2126,2126,0.22
F0846,2026,1960,1737,0.0
F0847,2021,405,363,0.0
F0847,2022,202,171,0.0
F0847,2023,397,372,0.0
F0847,2024,231,203,0.19
F0847,2025,253,208,0.0
F0847,2026,193,157,0.57
F0848,2021,1143,941,0.0
F0848,2022,1142,693,0.31
F0848,2023,1047,465,0.0
F0848,2024,1302,649,0.0
F0848,2025,1312,798,0.51
F0848,2026,906,648,0.0
F0849,2021,748,405,0.0
F0849,2022,710,362,0.0
F0849,2023,870,411,0.0
F0849,2024,799,516,0.53
F0849,2025,691,461,0.0
F0849,2026,748,400,0.0
F0850,2021,657,481,0.0
F0850,2022,384,244,0.0
F0850,2023,743,406,0.0
F0850,2024,470,268,0.0
F0850,2025,504,304,0.0
F0850,2026,283,173,0.48
F0851,2021,910,713,0.0
F0851,2022,1391,1207,0.0
F0851,2023,1141,951,0.0
F0851,2024,1371,1069,0.0
F0851,2025,879,702,0.39
F0851,2026,822,592,0.0
F0852,2021,1267,1175,0.24
F0852,2022,498,469,0.0
F0852,2023,995,923,0.0
F0852,2024,620,571,0.0
F0852,2025,1212,961,0.31
F0852,2026,428,384,0.0
F0853,2021,452,452,0.0
F0853,2022,290,254,0.0
F0853,2023,405,379,0.0
F0853,2024,294,241,0.0
F0853,2025,280,251,0.0
F0853,2026,239,190,0.0
F0854,2021,893,893,0.0
F0854,2022,731,660,0.0
F0854,2023,790,742,0.0
F0854,2024,702,678,0.0
F0854,2025,1091,992,0.0
F0854,2026,591,535,0.54
F0855,2021,719,560,0.25
F0855,2022,695,634,0.22
F0855,2023,516,409,0.3
F0855,2024,536,388,0.0
F0855,2025,589,511,0.0
F0855,2026,733,593,0.0
F0856,2021,1423,1116,0.16
F0856,2022,869,620,0.26
F0856,2023,1437,1138,0.0
F0856,2024,1252,699,0.0
F0856,2025,1206,761,0.0
F0856,2026,970,684,0.0
F0857,2021,2727,2297,0.0
F0857,2022,1806,1528,0.0
F0857,2023,2200,1941,0.0
F0857,2024,1729,1687,0.0
F0857,2025,2888,2793,0.0
F0857,2026,1670,1461,0.56
F0858,2021,1199,865,0.0
F0858,2022,1052,700,0.0
F0858,2023,1237,837,0.0
F0858,2024,1193,877,0.0
F0858,2025,1296,937,0.0
F0858,2026,1132,746,0.0
F0859,2021,1816,1057,0.0
F0859,2022,1061,595,0.0
F0859,2023,2187,1195,0.0
F0859,2024,1133,618,0.0
F0859,2025,1601,1098,0.0
F0859,2026,990,646,0.0
F0860,2021,3624,3127,0.0
F0860,2022,2691,1859,0.0
F0860,2023,2655,2041,0.0
F0860,2024,2830,2194,0.0
F0860,2025,3773,2910,0.0
F0860,2026,2559,2194,0.0
F0861,2021,241,224,0.39
F0861,2022,218,154,0.0
F0861,2023,239,198,0.0
F0861,2024,364,291,0.0
F0861,2025,297,231,0.0
F0861,2026,324,262,0.18
F0862,2021,131,102,0.0
F0862,2022,246,199,0.54
F0862,2023,174,155,0.49
F0862,2024,271,219,0.0
F0862,2025,213,203,0.0
F0862,2026,313,299,0.0
F0863,2021,138,87,0.0
F0863,2022,305,172,0.39
F0863,2023,135,81,0.0
F0863,2024,414,307,0.0
F0863,2025,216,172,0.58
F0863,2026,231,173,0.0
F0864,2021,295,257,0.0
F0864,2022,440,383,0.0
F0864,2023,340,262,0.0
F0864,2024,451,346,0.0
F0864,2025,375,286,0.6
F0864,2026,367,315,0.0
F0865,2021,684,636,0.0
F0865,2022,789,778,0.0
F0865,2023,672,533,0.0
F0865,2024,584,487,0.0
F0865,2025,431,401,0.0
F0865,2026,584,493,0.0
F0866,2021,987,679,0.0
F0866,2022,1202,1086,0.29
F0866,2023,680,475,0.0
F0866,2024,1317,1161,0.2
F0866,2025,773,572,0.0
F0866,2026,1151,947,0.0
F0867,2021,694,577,0.0
F0867,2022,712,492,0.0
F0867,2023,648,467,0.0
F0867,2024,793,661,0.0
F0867,2025,748,504,0.23
F0867,2026,586,473,0.0
F0868,2021,4764,2562,0.0
F0868,2022,3920,2528,0.33
F0868,2023,4094,1731,0.0
F0868,2024,4798,2394,0.0
F0868,2025,3847,1965,0.0
F0868,2026,4360,3273,0.0
F0869,2021,286,166,0.0
F0869,2022,256,142,0.0
F0869,2023,259,123,0.0
F0869,2024,270,141,0.32
F0869,2025,228,106,0.0
F0869,2026,243,117,0.0
F0870,2021,674,655,0.0
F0870,2022,588,426,0.0
F0870,2023,807,788,0.0
F0870,2024,787,693,0.0
F0870,2025,858,858,0.28
F0870,2026,591,591,0.56
F0871,2021,1328,1328,0.0
F0871,2022,1135,1124,0.0
F0871,2023,1396,1299,0.0
F0871,2024,1030,955,0.18
F0871,2025,860,851,0.0
F0871,2026,831,831,0.0
F0872,2021,1198,1056,0.0
F0872,2022,1669,1472,0.0
F0872,2023,1039,802,0.0
F0872,2024,1423,953,0.58
F0872,2025,733,710,0.0
F0872,2026,1226,1102,0.0
F0873,2021,316,259,0.0
F0873,2022,390,342,0.0
F0873,2023,308,287,0.0
F0873,2024,328,322,0.6
F0873,2025,217,185,0.0
F0873,2026,350,284,0.0
F0874,2021,1159,949,0.0
F0874,2022,961,707,0.0
F0874,2023,1017,759,0.32
F0874,2024,756,511,0.0
F0874,2025,587,441,0.0
F0874,2026,913,682,0.0
F0875,2021,2567,1481,0.42
F0875,2022,1474,939,0.0
F0875,2023,2463,1344,0.0
F0875,2024,2045,1413,0.0
F0875,2025,2830,2068,0.0
F0875,2026,1798,1037,0.0
F0876,2021,559,469,0.0
F0876,2022,513,454,0.4
F0876,2023,337,313,0.0
F0876,2024,592,565,0.0
F0876,2025,506,485,0.0
F0876,2026,434,419,0.0
F0877,2021,1128,911,0.0
F0877,2022,954,943,0.0
F0877,2023,1160,852,0.58
F0877,2024,1023,839,0.0
F0877,2025,780,649,0.0
F0877,2026,1090,757,0.0
F0878,2021,2247,1923,0.0
F0878,2022,1924,1531,0.0
F0878,2023,1642,1384,0.0
F0878,2024,1876,1466,0.0
F0878,2025,1758,1352,0.0
F0878,2026,1933,1496,0.0
F0879,2021,1077,557,0.0
F0879,2022,937,634,0.0
F0879,2023,733,427,0.0
F0879,2024,939,552,0.0
F0879,2025,923,572,0.0
F0879,2026,1154,705,0.0
F0880,2021,855,560,0.0
F0880,2022,749,629,0.0
F0880,2023,831,545,0.44
F0880,2024,661,369,0.0
F0880,2025,705,479,0.0
F0880,2026,668,574,0.0
F0881,2021,684,430,0.0
F0881,2022,859,442,0.0
F0881,2023,705,556,0.0
F0881,2024,1230,728,0.0
F0881,2025,762,498,0.18
F0881,2026,866,561,0.32
F0882,2021,875,398,0.22
F0882,2022,651,220,0.0
F0882,2023,644,240,0.0
F0882,2024,753,137,0.0
F0882,2025,823,280,0.0
F0882,2026,728,284,0.0
F0883,2021,643,471,0.0
F0883,2022,486,439,0.0
F0883,2023,713,562,0.0
F0883,2024,568,442,0.0
F0883,2025,510,372,0.0
F0883,2026,429,378,0.0
F0884,2021,1555,1265,0.58
F0884,2022,692,509,0.37
F0884,2023,1242,842,0.0
F0884,2024,944,791,0.0
F0884,2025,1479,1169,0.0
F0884,2026,920,760,0.28
F0885,2021,1265,1251,0.26
F0885,2022,1287,1054,0.0
F0885,2023,1072,1072,0.0
F0885,2024,1139,1057,0.0
F0885,2025,1140,1140,0.0
F0885,2026,1439,1268,0.23
F0886,2021,2072,2070,0.0
F0886,2022,1557,1497,0.0
F0886,2023,2146,2146,0.0
F0886,2024,1748,1547,0.0
F0886,2025,1516,1306,0.0
F0886,2026,1422,1214,0.0
F0887,2021,2378,1665,0.44
F0887,2022,2034,1511,0.0
F0887,2023,2905,2383,0.0
F0887,2024,3192,2460,0.0
F0887,2025,3091,1940,0.0
F0887,2026,2583,2111,0.45
F0888,2021,630,445,0.23
F0888,2022,331,232,0.0
F0888,2023,618,478,0.0
F0888,2024,401,282,0.0
F0888,2025,498,381,0.0
F0888,2026,385,232,0.0
F0889,2021,337,205,0.0
F0889,2022,313,214,0.0
F0889,2023,339,198,0.0
F0889,2024,377,214,0.0
F0889,2025,304,223,0.0
F0889,2026,339,226,0.0
F0890,2021,848,643,0.0
F0890,2022,524,385,0.0
F0890,2023,547,431,0.0
F0890,2024,557,427,0.0
F0890,2025,997,707,0.0
F0890,2026,554,380,0.51
F0891,2021,1282,778,0.0
F0891,2022,1481,1109,0.0
F0891,2023,1492,904,0.0
F0891,2024,1360,945,0.0
F0891,2025,1374,954,0.0
F0891,2026,2175,1443,0.0
F0892,2021,373,306,0.0
F0892,2022,455,298,0.46
F0892,2023,281,225,0.0
F0892,2024,411,322,0.0
F0892,2025,313,222,0.0
F0892,2026,374,244,0.0
F0893,2021,1747,1603,0.59
F0893,2022,1355,1191,0.0
F0893,2023,1941,1689,0.0
F0893,2024,1821,1633,0.0
F0893,2025,2086,1537,0.0
F0893,2026,1447,1177,0.0
F0894,2021,1634,1389,0.0
F0894,2022,1277,1140,0.36
F0894,2023,1246,1141,0.0
F0894,2024,1073,838,0.0
F0894,2025,1586,1155,0.0
F0894,2026,1157,1157,0.0
F0895,2021,756,640,0.0
F0895,2022,402,317,0.0
F0895,2023,688,532,0.0
F0895,2024,445,357,0.15
F0895,2025,500,464,0.0
F0895,2026,337,245,0.0
F0896,2021,2729,307,0.22
F0896,2022,2265,935,0.6
F0896,2023,1751,314,0.0
F0896,2024,3977,988,0.0
F0896,2025,3140,861,0.0
F0896,2026,2727,698,0.0
F0897,2021,845,201,0.0
F0897,2022,1112,449,0.0
F0897,2023,1009,434,0.0
F0897,2024,1074,439,0.41
F0897,2025,642,171,0.3
F0897,2026,1044,374,0.0
F0898,2021,2686,2669,0.0
F0898,2022,1839,1528,0.58
F0898,2023,1905,1585,0.0
F0898,2024,2856,2101,0.0
F0898,2025,2035,1764,0.0
F0898,2026,2133,1866,0.0
F0899,2021,285,271,0.0
F0899,2022,389,264,0.39
F0899,2023,331,250,0.0
F0899,2024,348,255,0.0
F0899,2025,567,402,0.0
F0899,2026,420,304,0.0
F0900,2021,408,335,0.37
F0900,2022,374,306,0.18
F0900,2023,433,320,0.0
F0900,2024,524,470,0.0
F0900,2025,523,350,0.0
F0900,2026,471,309,0.0
F0901,2021,1183,913,0.0
F0901,2022,618,468,0.22
F0901,2023,929,626,0.0
F0901,2024,632,517,0.0
F0901,2025,655,494,0.58
F0901,2026,416,337,0.0
F0902,2021,328,293,0.57
F0902,2022,295,240,0.0
F0902,2023,286,221,0.21
F0902,2024,403,396,0.35
F0902,2025,270,206,0.39
F0902,2026,345,296,0.0
F0903,2021,520,424,0.0
F0903,2022,528,440,0.0
F0903,2023,450,351,0.0
F0903,2024,429,378,0.36
F0903,2025,343,231,0.0
F0903,2026,527,395,0.0
F0904,2021,551,342,0.0
F0904,2022,666,424,0.0
F0904,2023,475,361,0.0
F0904,2024,863,488,0.0
F0904,2025,429,302,0.0
F0904,2026,575,406,0.0
F0905,2021,537,304,0.0
F0905,2022,491,280,0.0
F0905,2023,462,229,0.0
F0905,2024,454,274,0.42
F0905,2025,357,193,0.0
F0905,2026,493,333,0.0
F0906,2021,962,654,0.0
F0906,2022,1166,833,0.0
F0906,2023,1012,899,0.0
F0906,2024,1091,891,0.0
F0906,2025,995,928,0.0
F0906,2026,1091,1022,0.0
F0907,2021,727,385,0.35
F0907,2022,726,321,0.0
F0907,2023,717,378,0.0
F0907,2024,977,618,0.0
F0907,2025,488,263,0.0
F0907,2026,840,438,0.0
F0908,2021,951,736,0.0
F0908,2022,1169,951,0.0
F0908,2023,1055,952,0.0
F0908,2024,1109,940,0.0
F0908,2025,936,777,0.21
F0908,2026,918,755,0.0
F0909,2021,2079,1341,0.0
F0909,2022,1665,1162,0.51
F0909,2023,2270,1451,0.51
F0909,2024,1190,772,0.32
F0909,2025,3243,2088,0.0
F0909,2026,2172,1909,0.0
F0910,2021,3132,2423,0.59
F0910,2022,1148,880,0.56
F0910,2023,2083,1477,0.0
F0910,2024,2207,1780,0.0
F0910,2025,2148,1682,0.41
F0910,2026,1644,1151,0.0
F0911,2021,2395,2111,0.0
F0911,2022,4157,3587,0.0
F0911,2023,1837,1587,0.0
F0911,2024,3749,3236,0.0
F0911,2025,2425,2173,0.0
F0911,2026,2780,2780,0.56
F0912,2021,823,677,0.0
F0912,2022,502,433,0.0
F0912,2023,711,694,0.0
F0912,2024,632,586,0.0
F0912,2025,685,498,0.0
F0912,2026,444,389,0.53
F0913,2021,881,752,0.0
F0913,2022,506,425,0.0
F0913,2023,789,545,0.0
F0913,2024,601,425,0.0
F0913,2025,667,480,0.0
F0913,2026,462,412,0.0
F0914,2021,1262,961,0.0
F0914,2022,1289,1038,0.0
F0914,2023,1211,965,0.0
F0914,2024,1338,1270,0.2
F0914,2025,1304,1074,0.0
F0914,2026,1331,1131,0.0
F0915,2021,878,808,0.0
F0915,2022,795,746,0.0
F0915,2023,1104,936,0.0
F0915,2024,678,610,0.0
F0915,2025,1033,1016,0.0
F0915,2026,817,782,0.0
F0916,2021,519,475,0.0
F0916,2022,669,640,0.0
F0916,2023,570,535,0.0
F0916,2024,693,679,0.0
F0916,2025,410,379,0.0
F0916,2026,664,664,0.0
F0917,2021,343,255,0.0
F0917,2022,389,254,0.0
F0917,2023,287,210,0.0
F0917,2024,493,350,0.0
F0917,2025,254,181,0.0
F0917,2026,338,269,0.29
F0918,2021,436,334,0.0
F0918,2022,323,282,0.0
F0918,2023,383,316,0.0
F0918,2024,323,321,0.0
F0918,2025,447,445,0.0
F0918,2026,300,230,0.0
F0919,2021,2794,2794,0.0
F0919,2022,1587,1181,0.0
F0919,2023,2705,2471,0.0
F0919,2024,1285,1093,0.0
F0919,2025,2169,2071,0.0
F0919,2026,1614,1483,0.0
F0920,2021,564,376,0.0
F0920,2022,632,466,0.0
F0920,2023,386,245,0.0
F0920,2024,585,474,0.0
F0920,2025,542,382,0.38
F0920,2026,509,425,0.0
F0921,2021,1167,776,0.0
F0921,2022,793,606,0.0
F0921,2023,1097,765,0.48
F0921,2024,562,394,0.0
F0921,2025,1063,747,0.0
F0921,2026,845,498,0.0
F0922,2021,513,496,0.0
F0922,2022,591,536,0.24
F0922,2023,381,269,0.0
F0922,2024,663,663,0.0
F0922,2025,459,409,0.0
F0922,2026,531,421,0.0
F0923,2021,743,702,0.0
F0923,2022,658,555,0.0
F0923,2023,584,527,0.0
F0923,2024,680,586,0.26
F0923,2025,566,553,0.0
F0923,2026,728,694,0.0
F0924,2021,928,703,0.56
F0924,2022,806,806,0.0
F0924,2023,1090,907,0.0
F0924,2024,939,800,0.59
F0924,2025,562,488,0.0
F0924,2026,1297,976,0.0
F0925,2021,696,683,0.22
F0925,2022,717,622,0.0
F0925,2023,806,663,0.0
F0925,2024,1122,953,0.0
F0925,2025,840,628,0.0
F0925,2026,909,784,0.0
F0926,2021,147,132,0.0
F0926,2022,227,158,0.0
F0926,2023,125,106,0.0
F0926,2024,231,200,0.0
F0926,2025,124,105,0.4
F0926,2026,146,122,0.0
F0927,2021,654,474,0.0
F0927,2022,455,365,0.0
F0927,2023,653,444,0.0
F0927,2024,399,318,0.0
F0927,2025,564,434,0.0
F0927,2026,443,330,0.0
F0928,2021,695,535,0.0
F0928,2022,822,605,0.0
F0928,2023,818,580,0.23
F0928,2024,847,690,0.0
F0928,2025,664,549,0.0
F0928,2026,819,633,0.0
F0929,2021,281,234,0.0
F0929,2022,284,204,0.0
F0929,2023,328,258,0.0
F0929,2024,306,239,0.0
F0929,2025,295,218,0.0
F0929,2026,226,175,0.0
F0930,2021,421,389,0.0
F0930,2022,213,158,0.29
F0930,2023,358,256,0.0
F0930,2024,207,136,0.33
F0930,2025,299,227,0.0
F0930,2026,229,167,0.0
F0931,2021,940,645,0.0
F0931,2022,488,293,0.0
F0931,2023,1038,644,0.0
F0931,2024,646,434,0.0
F0931,2025,801,605,0.47
F0931,2026,339,268,0.0
F0932,2021,628,477,0.18
F0932,2022,476,459,0.0
F0932,2023,552,476,0.0
F0932,2024,472,416,0.21
F0932,2025,524,461,0.0
F0932,2026,462,399,0.21
F0933,2021,3821,3315,0.0
F0933,2022,3714,2912,0.0
F0933,2023,3831,3172,0.0
F0933,2024,3523,2693,0.0
F0933,2025,3604,2827,0.0
F0933,2026,5378,3969,0.0
F0934,2021,1281,430,0.0
F0934,2022,578,233,0.0
F0934,2023,1288,741,0.0
F0934,2024,702,302,0.0
F0934,2025,710,310,0.0
F0934,2026,479,255,0.0
F0935,2021,1884,1082,0.0
F0935,2022,1543,676,0.0
F0935,2023,1788,1102,0.0
F0935,2024,2488,1466,0.0
F0935,2025,1613,1002,0.29
F0935,2026,1629,728,0.0
F0936,2021,677,677,0.0
F0936,2022,390,324,0.0
F0936,2023,652,562,0.0
F0936,2024,418,363,0.18
F0936,2025,586,578,0.54
F0936,2026,328,328,0.0
F0937,2021,1182,803,0.0
F0937,2022,622,361,0.0
F0937,2023,1473,1095,0.0
F0937,2024,942,561,0.0
F0937,2025,1007,592,0.0
F0937,2026,706,542,0.0
F0938,2021,346,275,0.0
F0938,2022,604,482,0.0
F0938,2023,297,264,0.31
F0938,2024,515,427,0.0
F0938,2025,301,270,0.0
F0938,2026,492,423,0.0
F0939,2021,652,384,0.0
F0939,2022,758,323,0.0
F0939,2023,1277,727,0.0
F0939,2024,754,356,0.0
F0939,2025,1141,573,0.18
F0939,2026,682,373,0.0
F0940,2021,1477,896,0.0
F0940,2022,1477,895,0.0
F0940,2023,1558,910,0.0
F0940,2024,1942,959,0.0
F0940,2025,1268,1015,0.0
F0940,2026,1485,724,0.0
F0941,2021,1069,932,0.24
F0941,2022,1446,1283,0.0
F0941,2023,925,925,0.0
F0941,2024,1442,1361,0.0
F0941,2025,970,870,0.0
F0941,2026,1545,1362,0.0
F0942,2021,281,184,0.0
F0942,2022,479,345,0.0
F0942,2023,332,233,0.0
F0942,2024,354,259,0.0
F0942,2025,339,233,0.0
F0942,2026,390,277,0.0
F0943,2021,1173,1128,0.0
F0943,2022,1415,1401,0.0
F0943,2023,1515,1468,0.0
F0943,2024,1403,1403,0.0
F0943,2025,1181,926,0.0
F0943,2026,1281,1277,0.27
F0944,2021,1378,1170,0.21
F0944,2022,1061,892,0.42
F0944,2023,1252,1252,0.0
F0944,2024,1355,1111,0.0
F0944,2025,1400,1032,0.0
F0944,2026,1055,901,0.0
F0945,2021,1683,1683,0.0
F0945,2022,2020,2020,0.0
F0945,2023,1430,1430,0.0
F0945,2024,1724,1616,0.0
F0945,2025,1872,1872,0.0
F0945,2026,1598,1598,0.0
F0946,2021,437,254,0.0
F0946,2022,274,118,0.41
F0946,2023,403,224,0.0
F0946,2024,386,248,0.0
F0946,2025,338,222,0.0
F0946,2026,253,139,0.0
F0947,2021,1148,1011,0.0
F0947,2022,1213,1087,0.46
F0947,2023,729,698,0.0
F0947,2024,1174,1136,0.0
F0947,2025,1154,1024,0.0
F0947,2026,1030,967,0.0
F0948,2021,644,475,0.0
F0948,2022,580,452,0.58
F0948,2023,523,416,0.0
F0948,2024,563,425,0.0
F0948,2025,701,611,0.43
F0948,2026,495,325,0.0
F0949,2021,1446,1191,0.0
F0949,2022,1163,1006,0.0
F0949,2023,1237,1123,0.0
F0949,2024,1219,1059,0.0
F0949,2025,940,667,0.0
F0949,2026,993,748,0.0
F0950,2021,822,638,0.0
F0950,2022,1311,1100,0.0
F0950,2023,1117,851,0.0
F0950,2024,1678,1259,0.0
F0950,2025,1092,830,0.25
F0950,2026,1305,1130,0.0
F0951,2021,552,469,0.0
F0951,2022,453,358,0.0
F0951,2023,576,467,0.0
F0951,2024,487,380,0.0
F0951,2025,641,457,0.0
F0951,2026,537,494,0.0
F0952,2021,6314,2965,0.0
F0952,2022,5684,3327,0.0
F0952,2023,6658,3707,0.0
F0952,2024,5490,2622,0.55
F0952,2025,3622,2088,0.0
F0952,2026,4945,2458,0.0
F0953,2021,1646,1447,0.0
F0953,2022,1978,1822,0.0
F0953,2023,1532,1198,0.0
F0953,2024,1628,1394,0.0
F0953,2025,1637,1343,0.21
F0953,2026,1310,1077,0.0
F0954,2021,435,188,0.25
F0954,2022,333,171,0.0
F0954,2023,452,246,0.0
F0954,2024,427,239,0.0
F0954,2025,521,283,0.0
F0954,2026,452,302,0.0
F0955,2021,159,73,0.0
F0955,2022,81,33,0.0
F0955,2023,115,69,0.0
F0955,2024,82,49,0.38
F0955,2025,69,33,0.0
F0955,2026,66,32,0.0
F0956,2021,1398,1117,0.0
F0956,2022,961,596,0.0
F0956,2023,1302,875,0.41
F0956,2024,741,565,0.57
F0956,2025,1267,889,0.0
F0956,2026,971,655,0.51
F0957,2021,458,355,0.24
F0957,2022,683,515,0.0
F0957,2023,481,313,0.0
F0957,2024,758,603,0.0
F0957,2025,549,412,0.0
F0957,2026,790,531,0.0
F0958,2021,1003,578,0.0
F0958,2022,852,444,0.0
F0958,2023,1188,742,0.0
F0958,2024,796,385,0.41
F0958,2025,612,326,0.0
F0958,2026,712,320,0.0
F0959,2021,715,260,0.0
F0959,2022,546,215,0.0
F0959,2023,724,335,0.0
F0959,2024,420,175,0.0
F0959,2025,683,181,0.0
F0959,2026,393,101,0.52
F0960,2021,2255,1673,0.0
F0960,2022,2432,2025,0.0
F0960,2023,1690,1490,0.0
F0960,2024,2148,1838,0.0
F0960,2025,1503,970,0.41
F0960,2026,2051,1779,0.0
F0961,2021,1113,730,0.17
F0961,2022,975,436,0.29
F0961,2023,1117,537,0.17
F0961,2024,1290,588,0.0
F0961,2025,956,614,0.0
F0961,2026,1040,571,0.0
F0962,2021,1029,868,0.0
F0962,2022,778,641,0.0
F0962,2023,661,516,0.31
F0962,2024,748,655,0.3
F0962,2025,1062,1015,0.0
F0962,2026,810,764,0.0
F0963,2021,874,612,0.41
F0963,2022,1328,759,0.0
F0963,2023,1587,1317,0.0
F0963,2024,1749,1326,0.0
F0963,2025,1663,1295,0.0
F0963,2026,1722,1197,0.0
F0964,2021,377,333,0.24
F0964,2022,301,238,0.0
F0964,2023,352,331,0.21
F0964,2024,364,364,0.0
F0964,2025,407,394,0.0
F0964,2026,249,208,0.57
F0965,2021,555,555,0.0
F0965,2022,478,462,0.0
F0965,2023,454,446,0.0
F0965,2024,453,453,0.44
F0965,2025,394,381,0.0
F0965,2026,567,520,0.16
F0966,2021,901,636,0.0
F0966,2022,665,390,0.0
F0966,2023,1036,706,0.0
F0966,2024,578,366,0.0
F0966,2025,959,648,0.43
F0966,2026,439,275,0.0
F0967,2021,1601,1153,0.36
F0967,2022,819,726,0.0
F0967,2023,2063,1383,0.0
F0967,2024,984,825,0.0
F0967,2025,1277,753,0.0
F0967,2026,762,619,0.57
F0968,2021,404,332,0.0
F0968,2022,532,425,0.0
F0968,2023,332,271,0.0
F0968,2024,522,440,0.0
F0968,2025,280,242,0.45
F0968,2026,368,261,0.0
F0969,2021,1344,653,0.0
F0969,2022,1150,623,0.0
F0969,2023,932,501,0.35
F0969,2024,841,363,0.0
F0969,2025,1483,987,0.0
F0969,2026,1056,425,0.0
F0970,2021,219,219,0.0
F0970,2022,320,272,0.54
F0970,2023,232,183,0.42
F0970,2024,382,322,0.0
F0970,2025,305,265,0.0
F0970,2026,394,344,0.0
F0971,2021,578,509,0.0
F0971,2022,325,274,0.0
F0971,2023,451,404,0.27
F0971,2024,223,195,0.0
F0971,2025,648,514,0.0
F0971,2026,253,247,0.0
F0972,2021,641,503,0.0
F0972,2022,884,697,0.0
F0972,2023,578,356,0.22
F0972,2024,704,458,0.0
F0972,2025,570,362,0.44
F0972,2026,764,530,0.0
F0973,2021,1185,797,0.51
F0973,2022,877,543,0.0
F0973,2023,1425,1021,0.0
F0973,2024,1404,994,0.0
F0973,2025,1064,731,0.0
F0973,2026,1016,618,0.0
F0974,2021,215,198,0.0
F0974,2022,305,248,0.42
F0974,2023,146,103,0.0
F0974,2024,307,274,0.0
F0974,2025,217,200,0.0
F0974,2026,224,214,0.59
F0975,2021,506,422,0.0
F0975,2022,299,212,0.0
F0975,2023,424,412,0.0
F0975,2024,244,212,0.56
F0975,2025,268,239,0.0
F0975,2026,219,206,0.0
F0976,2021,3159,2976,0.41
F0976,2022,1682,1676,0.0
F0976,2023,2917,2448,0.0
F0976,2024,2438,2068,0.3
F0976,2025,1741,1612,0.0
F0976,2026,2052,1936,0.0
F0977,2021,748,584,0.0
F0977,2022,747,592,0.0
F0977,2023,1021,726,0.0
F0977,2024,639,550,0.0
F0977,2025,1021,774,0.0
F0977,2026,580,484,0.0
F0978,2021,1383,765,0.2
F0978,2022,980,698,0.0
F0978,2023,1304,843,0.15
F0978,2024,825,619,0.0
F0978,2025,1415,690,0.0
F0978,2026,868,428,0.0
F0979,2021,967,570,0.45
F0979,2022,427,241,0.0
F0979,2023,849,668,0.0
F0979,2024,610,388,0.21
F0979,2025,626,396,0.0
F0979,2026,436,324,0.0
F0980,2021,1067,876,0.0
F0980,2022,586,497,0.0
F0980,2023,943,869,0.0
F0980,2024,758,636,0.0
F0980,2025,1203,987,0.0
F0980,2026,628,553,0.0
F0981,2021,514,509,0.0
F0981,2022,305,305,0.32
F0981,2023,398,361,0.0
F0981,2024,315,265,0.0
F0981,2025,405,386,0.0
F0981,2026,326,250,0.0
F0982,2021,602,501,0.6
F0982,2022,485,363,0.0
F0982,2023,536,392,0.0
F0982,2024,1006,781,0.4
F0982,2025,275,193,0.0
F0982,2026,595,471,0.0
F0983,2021,169,89,0.0
F0983,2022,342,204,0.0
F0983,2023,147,79,0.0
F0983,2024,304,177,0.0
F0983,2025,181,103,0.0
F0983,2026,250,178,0.0
F0984,2021,955,708,0.0
F0984,2022,1208,1004,0.0
F0984,2023,1152,805,0.0
F0984,2024,1209,910,0.0
F0984,2025,1008,655,0.0
F0984,2026,1006,745,0.36
F0985,2021,618,494,0.0
F0985,2022,746,579,0.0
F0985,2023,670,561,0.0
F0985,2024,858,796,0.57
F0985,2025,357,328,0.0
F0985,2026,667,516,0.32
F0986,2021,797,797,0.0
F0986,2022,1269,1107,0.0
F0986,2023,873,757,0.0
F0986,2024,1514,1346,0.0
F0986,2025,1287,1276,0.0
F0986,2026,1204,1204,0.0
F0987,2021,1318,1181,0.0
F0987,2022,1088,830,0.0
F0987,2023,1282,1031,0.0
F0987,2024,1188,929,0.0
F0987,2025,1839,1409,0.32
F0987,2026,752,708,0.0
F0988,2021,1820,1553,0.0
F0988,2022,3020,2477,0.0
F0988,2023,2245,2221,0.0
F0988,2024,3322,3141,0.0
F0988,2025,1562,1562,0.0
F0988,2026,2981,2694,0.0
F0989,2021,423,293,0.0
F0989,2022,370,228,0.55
F0989,2023,239,174,0.25
F0989,2024,316,160,0.0
F0989,2025,354,185,0.42
F0989,2026,327,202,0.0
F0990,2021,1051,566,0.4
F0990,2022,803,577,0.0
F0990,2023,1462,1023,0.0
F0990,2024,801,476,0.26
F0990,2025,1028,622,0.0
F0990,2026,921,658,0.0
F0991,2021,1345,704,0.0
F0991,2022,1670,871,0.0
F0991,2023,1263,777,0.0
F0991,2024,1909,1040,0.0
F0991,2025,958,475,0.0
F0991,2026,1643,738,0.0
F0992,2021,4409,3122,0.0
F0992,2022,3336,1939,0.0
F0992,2023,3269,2495,0.0
F0992,2024,3022,2279,0.0
F0992,2025,2766,1528,0.53
F0992,2026,1620,1123,0.0
F0993,2021,534,440,0.0
F0993,2022,423,324,0.0
F0993,2023,501,422,0.0
F0993,2024,366,293,0.0
F0993,2025,382,314,0.55
F0993,2026,264,198,0.0
F0994,2021,632,417,0.0
F0994,2022,398,284,0.0
F0994,2023,484,341,0.37
F0994,2024,323,257,0.52
F0994,2025,277,245,0.0
F0994,2026,379,288,0.0
F0995,2021,778,651,0.0
F0995,2022,642,537,0.0
F0995,2023,713,573,0.0
F0995,2024,682,612,0.15
F0995,2025,793,591,0.0
F0995,2026,542,443,0.0
F0996,2021,297,269,0.0
F0996,2022,323,323,0.0
F0996,2023,238,215,0.0
F0996,2024,219,219,0.0
F0996,2025,274,240,0.35
F0996,2026,182,180,0.0
F0997,2021,446,280,0.0
F0997,2022,1007,827,0.0
F0997,2023,754,549,0.0
F0997,2024,1115,824,0.0
F0997,2025,530,365,0.0
F0997,2026,831,594,0.0
F0998,2021,2253,1495,0.0
F0998,2022,3026,2035,0.0
F0998,2023,2424,1693,0.0
F0998,2024,3040,2227,0.0
F0998,2025,2505,1957,0.0
F0998,2026,3980,3506,0.0
F0999,2021,874,837,0.0
F0999,2022,543,453,0.0
F0999,2023,1093,1093,0.0
F0999,2024,508,427,0.0
F0999,2025,878,863,0.0
F0999,2026,471,409,0.0
F1000,2021,512,331,0.0
F1000,2022,829,549,0.0
F1000,2023,551,370,0.0
F1000,2024,798,536,0.25
F1000,2025,307,209,0.0
F1000,2026,731,607,0.0
F1001,2021,2454,1955,0.0
F1001,2022,1589,1373,0.0
F1001,2023,2035,1615,0.55
F1001,2024,1505,1213,0.0
F1001,2025,2702,2229,0.0
F1001,2026,1635,1112,0.0
F1002,2021,679,558,0.0
F1002,2022,677,610,0.0
F1002,2023,713,511,0.0
F1002,2024,620,560,0.0
F1002,2025,588,496,0.0
F1002,2026,578,488,0.0
F1003,2021,1407,1027,0.0
F1003,2022,731,636,0.0
F1003,2023,1421,1140,0.0
F1003,2024,1045,843,0.0
F1003,2025,950,806,0.0
F1003,2026,723,538,0.0
F1004,2021,1197,890,0.0
F1004,2022,694,494,0.0
F1004,2023,811,617,0.0
F1004,2024,796,640,0.0
F1004,2025,827,698,0.0
F1004,2026,753,461,0.0
F1005,2021,1178,794,0.0
F1005,2022,1622,879,0.0
F1005,2023,1089,759,0.0
F1005,2024,1456,836,0.0
F1005,2025,1098,730,0.0
F1005,2026,1575,939,0.0
F1006,2021,1302,667,0.16
F1006,2022,643,393,0.16
F1006,2023,1149,556,0.0
F1006,2024,742,557,0.0
F1006,2025,678,370,0.0
F1006,2026,579,306,0.0
F1007,2021,870,266,0.0
F1007,2022,850,371,0.0
F1007,2023,594,242,0.0
F1007,2024,1074,481,0.0
F1007,2025,760,516,0.0
F1007,2026,1005,391,0.23
F1008,2021,1487,1366,0.43
F1008,2022,725,694,0.0
F1008,2023,1385,1353,0.0
F1008,2024,728,697,0.0
F1008,2025,1336,1237,0.0
F1008,2026,732,633,0.0
F1009,2021,1043,772,0.0
F1009,2022,711,407,0.23
F1009,2023,991,803,0.0
F1009,2024,910,538,0.0
F1009,2025,887,716,0.0
F1009,2026,800,552,0.0
F1010,2021,1558,1527,0.0
F1010,2022,835,725,0.0
F1010,2023,1301,1071,0.22
F1010,2024,826,657,0.45
F1010,2025,1065,914,0.0
F1010,2026,976,855,0.0
F1011,2021,2105,1583,0.0
F1011,2022,1230,795,0.0
F1011,2023,2336,1864,0.0
F1011,2024,1392,1127,0.0
F1011,2025,2299,1556,0.0
F1011,2026,1419,1166,0.0
F1012,2021,549,419,0.0
F1012,2022,440,339,0.0
F1012,2023,501,440,0.0
F1012,2024,497,439,0.0
F1012,2025,302,266,0.0
F1012,2026,303,254,0.41
F1013,2021,460,329,0.0
F1013,2022,483,381,0.18
F1013,2023,281,205,0.25
F1013,2024,413,313,0.0
F1013,2025,402,303,0.23
F1013,2026,331,267,0.0
F1014,2021,1634,1393,0.0
F1014,2022,2319,1745,0.0
F1014,2023,1455,1004,0.47
F1014,2024,1631,1463,0.0
F1014,2025,1395,889,0.0
F1014,2026,2258,1987,0.0
F1015,2021,752,490,0.0
F1015,2022,631,470,0.0
F1015,2023,649,602,0.0
F1015,2024,746,593,0.0
F1015,2025,500,433,0.0
F1015,2026,544,494,0.0
F1016,2021,270,229,0.0
F1016,2022,278,268,0.0
F1016,2023,252,218,0.0
F1016,2024,261,222,0.0
F1016,2025,313,313,0.0
F1016,2026,231,205,0.0
F1017,2021,2495,2048,0.0
F1017,2022,1416,1093,0.0
F1017,2023,2303,1861,0.0
F1017,2024,1069,874,0.0
F1017,2025,2318,1967,0.0
F1017,2026,1463,1104,0.0
F1018,2021,610,507,0.43
F1018,2022,479,479,0.0
F1018,2023,451,378,0.54
F1018,2024,564,346,0.0
F1018,2025,578,450,0.0
F1018,2026,718,536,0.0
F1019,2021,960,371,0.0
F1019,2022,1349,500,0.0
F1019,2023,752,311,0.0
F1019,2024,1373,605,0.25
F1019,2025,801,375,0.0
F1019,2026,1397,791,0.0
F1020,2021,3080,1566,0.0
F1020,2022,2333,1176,0.0
F1020,2023,3073,1410,0.0
F1020,2024,2334,1336,0.0
F1020,2025,2874,1173,0.0
F1020,2026,2653,849,0.0
F1021,2021,1605,1587,0.49
F1021,2022,799,765,0.0
F1021,2023,1919,1696,0.0
F1021,2024,1204,1204,0.51
F1021,2025,751,731,0.0
F1021,2026,1122,900,0.0
F1022,2021,820,614,0.0
F1022,2022,1051,824,0.0
F1022,2023,853,575,0.0
F1022,2024,1073,850,0.4
F1022,2025,616,460,0.0
F1022,2026,910,646,0.0
F1023,2021,279,209,0.0
F1023,2022,202,146,0.0
F1023,2023,277,197,0.0
F1023,2024,168,115,0.0
F1023,2025,243,184,0.0
F1023,2026,196,149,0.0
F1024,2021,989,820,0.0
F1024,2022,508,371,0.0
F1024,2023,1088,884,0.0
F1024,2024,629,369,0.0
F1024,2025,717,594,0.0
F1024,2026,372,254,0.28
F1025,2021,592,319,0.54
F1025,2022,345,284,0.0
F1025,2023,596,406,0.0
F1025,2024,493,324,0.0
F1025,2025,764,552,0.0
F1025,2026,320,254,0.0
F1026,2021,604,514,0.0
F1026,2022,547,547,0.0
F1026,2023,628,628,0.18
F1026,2024,384,324,0.0
F1026,2025,586,586,0.0
F1026,2026,432,432,0.0
F1027,2021,2350,1494,0.0
F1027,2022,2046,1302,0.0
F1027,2023,2562,1512,0.31
F1027,2024,1769,1228,0.49
F1027,2025,1235,961,0.0
F1027,2026,1612,1253,0.0
F1028,2021,721,421,0.0
F1028,2022,676,375,0.0
F1028,2023,502,297,0.52
F1028,2024,519,316,0.0
F1028,2025,629,359,0.0
F1028,2026,685,391,0.0
F1029,2021,1075,1009,0.0
F1029,2022,932,907,0.0
F1029,2023,1113,925,0.0
F1029,2024,876,876,0.0
F1029,2025,1066,851,0.16
F1029,2026,692,664,0.51
F1030,2021,2671,1888,0.16
F1030,2022,2950,1906,0.0
F1030,2023,2359,1620,0.0
F1030,2024,4170,2625,0.0
F1030,2025,2171,1423,0.0
F1030,2026,3462,2225,0.0
F1031,2021,1637,1222,0.0
F1031,2022,2012,1645,0.0
F1031,2023,1390,939,0.0
F1031,2024,2254,1741,0.0
F1031,2025,1533,1139,0.0
F1031,2026,2343,1615,0.0
F1032,2021,287,278,0.0
F1032,2022,271,254,0.51
F1032,2023,198,172,0.0
F1032,2024,262,259,0.57
F1032,2025,209,188,0.0
F1032,2026,227,198,0.52
F1033,2021,1258,1160,0.0
F1033,2022,939,848,0.0
F1033,2023,1107,1107,0.41
F1033,2024,896,798,0.0
F1033,2025,662,506,0.0
F1033,2026,781,676,0.0
F1034,2021,2368,1878,0.43
F1034,2022,1409,995,0.0
F1034,2023,2119,1757,0.0
F1034,2024,1912,1503,0.0
F1034,2025,1934,1548,0.0
F1034,2026,1485,1261,0.0
F1035,2021,4115,3189,0.45
F1035,2022,3530,3137,0.0
F1035,2023,4168,2531,0.0
F1035,2024,5559,3327,0.0
F1035,2025,4671,3622,0.0
F1035,2026,4708,3947,0.0
F1036,2021,245,206,0.45
F1036,2022,212,205,0.0
F1036,2023,220,203,0.59
F1036,2024,267,257,0.0
F1036,2025,188,146,0.0
F1036,2026,221,183,0.0
F1037,2021,874,874,0.0
F1037,2022,757,641,0.0
F1037,2023,931,721,0.0
F1037,2024,711,667,0.27
F1037,2025,1074,1013,0.0
F1037,2026,707,665,0.0
F1038,2021,1238,1074,0.25
F1038,2022,1241,1241,0.0
F1038,2023,1349,1198,0.0
F1038,2024,1699,1500,0.0
F1038,2025,1406,1391,0.0
F1038,2026,1744,1744,0.0
F1039,2021,1226,1226,0.16
F1039,2022,1426,1411,0.0
F1039,2023,1276,1245,0.0
F1039,2024,1579,1530,0.41
F1039,2025,721,668,0.0
F1039,2026,1283,1283,0.0
F1040,2021,4062,3408,0.0
F1040,2022,6302,5946,0.0
F1040,2023,3719,3273,0.0
F1040,2024,6437,6406,0.0
F1040,2025,3961,3810,0.0
F1040,2026,4696,4018,0.38
F1041,2021,1136,731,0.0
F1041,2022,1373,914,0.0
F1041,2023,1202,663,0.0
F1041,2024,1246,812,0.0
F1041,2025,1126,796,0.0
F1041,2026,1429,1016,0.0
F1042,2021,269,182,0.28
F1042,2022,224,159,0.58
F1042,2023,227,143,0.0
F1042,2024,290,173,0.3
F1042,2025,167,130,0.0
F1042,2026,276,214,0.0
F1043,2021,1156,559,0.0
F1043,2022,1142,701,0.0
F1043,2023,851,366,0.34
F1043,2024,999,461,0.0
F1043,2025,1082,550,0.0
F1043,2026,1083,446,0.0
F1044,2021,2244,2078,0.21
F1044,2022,1606,1559,0.0
F1044,2023,2788,2328,0.0
F1044,2024,1511,1380,0.0
F1044,2025,2435,2005,0.0
F1044,2026,1816,1766,0.0
F1045,2021,1524,1474,0.0
F1045,2022,1118,1117,0.0
F1045,2023,1360,1303,0.5
F1045,2024,1006,1006,0.0
F1045,2025,870,756,0.39
F1045,2026,717,629,0.0
F1046,2021,1064,959,0.0
F1046,2022,1019,825,0.0
F1046,2023,1142,893,0.0
F1046,2024,922,674,0.46
F1046,2025,790,668,0.0
F1046,2026,866,668,0.0
F1047,2021,4381,3894,0.3
F1047,2022,2795,2717,0.0
F1047,2023,4013,3554,0.0
F1047,2024,3392,3107,0.5
F1047,2025,2776,2701,0.55
F1047,2026,2601,2313,0.0
F1048,2021,759,497,0.0
F1048,2022,665,553,0.0
F1048,2023,831,749,0.0
F1048,2024,730,491,0.0
F1048,2025,641,544,0.0
F1048,2026,612,400,0.39
F1049,2021,1100,693,0.0
F1049,2022,698,413,0.55
F1049,2023,599,334,0.0
F1049,2024,536,260,0.57
F1049,2025,632,323,0.46
F1049,2026,407,257,0.27
F1050,2021,330,213,0.0
F1050,2022,427,198,0.37
F1050,2023,208,71,0.25
F1050,2024,355,206,0.0
F1050,2025,378,174,0.0
F1050,2026,489,237,0.0
F1051,2021,1624,1352,0.0
F1051,2022,1387,1109,0.0
F1051,2023,1330,980,0.0
F1051,2024,1989,1290,0.45
F1051,2025,871,702,0.0
F1051,2026,1282,1152,0.0
F1052,2021,1203,901,0.0
F1052,2022,1008,806,0.0
F1052,2023,1007,776,0.0
F1052,2024,993,872,0.0
F1052,2025,920,684,0.0
F1052,2026,1030,755,0.0
F1053,2021,1808,1296,0.0
F1053,2022,1090,735,0.0
F1053,2023,1702,1293,0.0
F1053,2024,941,751,0.0
F1053,2025,1559,1287,0.0
F1053,2026,906,762,0.0
F1054,2021,1167,876,0.0
F1054,2022,613,466,0.0
F1054,2023,942,842,0.0
F1054,2024,643,548,0.0
F1054,2025,760,622,0.0
F1054,2026,517,432,0.0
F1055,2021,1559,1048,0.0
F1055,2022,2226,1581,0.0
F1055,2023,1362,823,0.0
F1055,2024,2280,1092,0.0
F1055,2025,1435,902,0.0
F1055,2026,1802,850,0.0
F1056,2021,906,472,0.21
F1056,2022,1276,575,0.0
F1056,2023,1045,748,0.0
F1056,2024,1273,721,0.0
F1056,2025,962,623,0.2
F1056,2026,1099,612,0.0
F1057,2021,1365,1018,0.0
F1057,2022,733,407,0.0
F1057,2023,1271,903,0.25
F1057,2024,745,553,0.0
F1057,2025,1118,735,0.0
F1057,2026,922,571,0.0
F1058,2021,783,713,0.0
F1058,2022,625,590,0.29
F1058,2023,665,650,0.0
F1058,2024,668,555,0.0
F1058,2025,674,552,0.0
F1058,2026,565,541,0.0
F1059,2021,1769,1641,0.0
F1059,2022,905,812,0.0
F1059,2023,1406,1182,0.0
F1059,2024,779,579,0.47
F1059,2025,1135,965,0.0
F1059,2026,856,724,0.0
F1060,2021,377,304,0.0
F1060,2022,209,160,0.0
F1060,2023,453,331,0.0
F1060,2024,207,141,0.57
F1060,2025,180,127,0.0
F1060,2026,178,140,0.0
F1061,2021,2563,2029,0.0
F1061,2022,1706,1136,0.0
F1061,2023,2389,1864,0.0
F1061,2024,1808,1458,0.0
F1061,2025,2256,1928,0.0
F1061,2026,1544,1292,0.22
F1062,2021,632,505,0.35
F1062,2022,418,281,0.0
F1062,2023,619,470,0.0
F1062,2024,513,308,0.0
F1062,2025,704,435,0.0
F1062,2026,632,431,0.0
F1063,2021,639,592,0.0
F1063,2022,569,423,0.38
F1063,2023,658,537,0.0
F1063,2024,699,547,0.0
F1063,2025,513,411,0.0
F1063,2026,497,343,0.0
F1064,2021,448,350,0.21
F1064,2022,456,350,0.39
F1064,2023,243,186,0.48
F1064,2024,257,167,0.0
F1064,2025,380,305,0.31
F1064,2026,336,265,0.0
F1065,2021,3141,2086,0.0
F1065,2022,2763,2294,0.0
F1065,2023,2751,2206,0.0
F1065,2024,2856,1659,0.0
F1065,2025,2340,1656,0.16
F1065,2026,2442,1704,0.0
F1066,2021,2048,1692,0.2
F1066,2022,1431,1191,0.0
F1066,2023,2468,1699,0.0
F1066,2024,2070,1698,0.0
F1066,2025,1830,1273,0.0
F1066,2026,1720,1605,0.0
F1067,2021,2193,1508,0.0
F1067,2022,1459,1064,0.0
F1067,2023,1856,1018,0.0
F1067,2024,1475,1072,0.48
F1067,2025,1276,989,0.32
F1067,2026,1245,828,0.0
F1068,2021,2167,1680,0.0
F1068,2022,2139,1276,0.23
F1068,2023,1573,1215,0.0
F1068,2024,1785,1594,0.45
F1068,2025,1415,1008,0.27
F1068,2026,1399,1053,0.0
F1069,2021,1428,1251,0.0
F1069,2022,920,886,0.0
F1069,2023,1282,1230,0.0
F1069,2024,760,734,0.19
F1069,2025,709,647,0.0
F1069,2026,702,662,0.52
F1070,2021,1734,1042,0.0
F1070,2022,3023,2505,0.0
F1070,2023,1979,1364,0.0
F1070,2024,3338,2669,0.0
F1070,2025,2044,1773,0.0
F1070,2026,2670,2287,0.0
F1071,2021,1449,1368,0.0
F1071,2022,1764,1590,0.0
F1071,2023,1138,905,0.0
F1071,2024,1570,1466,0.0
F1071,2025,1201,1165,0.0
F1071,2026,1461,1215,0.0
F1072,2021,719,579,0.0
F1072,2022,779,586,0.0
F1072,2023,710,710,0.55
F1072,2024,714,580,0.0
F1072,2025,466,431,0.0
F1072,2026,643,537,0.0
F1073,2021,1332,1004,0.0
F1073,2022,1821,1020,0.0
F1073,2023,1226,581,0.41
F1073,2024,1328,933,0.0
F1073,2025,1252,942,0.5
F1073,2026,1296,908,0.0
F1074,2021,1536,1386,0.0
F1074,2022,1572,1367,0.0
F1074,2023,1613,1351,0.0
F1074,2024,1817,1595,0.0
F1074,2025,1464,1423,0.0
F1074,2026,1734,1385,0.0
F1075,2021,609,264,0.0
F1075,2022,657,392,0.0
F1075,2023,583,350,0.0
F1075,2024,562,321,0.0
F1075,2025,378,160,0.0
F1075,2026,425,263,0.43
F1076,2021,1713,1104,0.0
F1076,2022,2474,1506,0.0
F1076,2023,1835,1306,0.0
F1076,2024,2860,1940,0.0
F1076,2025,2525,1595,0.0
F1076,2026,2490,1566,0.0
F1077,2021,4076,2146,0.5
F1077,2022,1630,701,0.0
F1077,2023,4177,2437,0.0
F1077,2024,1749,903,0.0
F1077,2025,4313,1897,0.0
F1077,2026,1667,1064,0.0
F1078,2021,2932,2567,0.0
F1078,2022,3335,2997,0.0
F1078,2023,2924,2867,0.0
F1078,2024,3453,2990,0.0
F1078,2025,2472,2276,0.0
F1078,2026,3113,2589,0.0
F1079,2021,1106,316,0.0
F1079,2022,1342,433,0.0
F1079,2023,909,281,0.0
F1079,2024,1510,698,0.0
F1079,2025,1368,475,0.0
F1079,2026,1218,424,0.0
F1080,2021,1065,692,0.0
F1080,2022,1168,635,0.0
F1080,2023,895,549,0.0
F1080,2024,967,623,0.4
F1080,2025,674,387,0.0
F1080,2026,911,473,0.0
F1081,2021,423,201,0.47
F1081,2022,270,178,0.0
F1081,2023,427,153,0.38
F1081,2024,284,138,0.54
F1081,2025,233,100,0.0
F1081,2026,374,234,0.0
F1082,2021,676,421,0.0
F1082,2022,966,568,0.0
F1082,2023,763,462,0.0
F1082,2024,1145,676,0.0
F1082,2025,725,477,0.0
F1082,2026,887,588,0.0
F1083,2021,521,323,0.0
F1083,2022,435,227,0.0
F1083,2023,618,224,0.0
F1083,2024,422,142,0.0
F1083,2025,686,378,0.0
F1083,2026,451,211,0.0
F1084,2021,1597,1218,0.0
F1084,2022,1470,1257,0.0
F1084,2023,1499,1381,0.0
F1084,2024,1634,1436,0.0
F1084,2025,1045,782,0.0
F1084,2026,1468,1227,0.0
F1085,2021,341,302,0.48
F1085,2022,443,383,0.32
F1085,2023,621,448,0.0
F1085,2024,843,710,0.0
F1085,2025,816,492,0.41
F1085,2026,776,680,0.0
F1086,2021,1686,1173,0.0
F1086,2022,1716,1328,0.0
F1086,2023,1455,957,0.0
F1086,2024,1828,1361,0.0
F1086,2025,1214,953,0.27
F1086,2026,1256,1023,0.58
F1087,2021,105,105,0.4
F1087,2022,102,94,0.0
F1087,2023,104,90,0.0
F1087,2024,164,154,0.0
F1087,2025,80,60,0.0
F1087,2026,107,102,0.0
F1088,2021,997,571,0.0
F1088,2022,880,513,0.0
F1088,2023,976,588,0.0
F1088,2024,1223,747,0.0
F1088,2025,861,556,0.0
F1088,2026,836,556,0.2
F1089,2021,1051,953,0.0
F1089,2022,773,722,0.0
F1089,2023,1047,1007,0.32
F1089,2024,690,654,0.0
F1089,2025,987,974,0.27
F1089,2026,746,564,0.0
F1090,2021,558,468,0.47
F1090,2022,561,324,0.0
F1090,2023,530,341,0.0
F1090,2024,964,693,0.0
F1090,2025,470,304,0.47
F1090,2026,570,363,0.2
F1091,2021,681,640,0.0
F1091,2022,561,471,0.52
F1091,2023,467,414,0.0
F1091,2024,670,636,0.17
F1091,2025,588,534,0.57
F1091,2026,460,400,0.33
F1092,2021,975,975,0.6
F1092,2022,433,397,0.0
F1092,2023,1155,1155,0.0
F1092,2024,525,512,0.0
F1092,2025,1189,1189,0.0
F1092,2026,499,480,0.0
F1093,2021,1126,687,0.0
F1093,2022,1381,836,0.0
F1093,2023,1213,600,0.0
F1093,2024,1906,1395,0.0
F1093,2025,722,434,0.0
F1093,2026,1207,667,0.0
F1094,2021,1020,926,0.0
F1094,2022,773,689,0.0
F1094,2023,769,719,0.54
F1094,2024,631,573,0.0
F1094,2025,880,725,0.5
F1094,2026,634,503,0.0
F1095,2021,892,780,0.0
F1095,2022,523,441,0.0
F1095,2023,722,515,0.0
F1095,2024,496,484,0.0
F1095,2025,845,570,0.0
F1095,2026,482,453,0.0
F1096,2021,918,672,0.0
F1096,2022,809,684,0.0
F1096,2023,1182,1095,0.0
F1096,2024,973,855,0.18
F1096,2025,950,607,0.0
F1096,2026,825,676,0.0
F1097,2021,736,609,0.0
F1097,2022,744,645,0.52
F1097,2023,437,347,0.0
F1097,2024,862,562,0.22
F1097,2025,535,337,0.55
F1097,2026,478,312,0.0
F1098,2021,497,344,0.0
F1098,2022,326,251,0.0
F1098,2023,450,336,0.0
F1098,2024,289,191,0.0
F1098,2025,420,268,0.0
F1098,2026,372,211,0.0
F1099,2021,234,231,0.18
F1099,2022,205,168,0.0
F1099,2023,213,155,0.25
F1099,2024,261,261,0.37
F1099,2025,173,144,0.0
F1099,2026,191,161,0.34
F1100,2021,1069,929,0.0
F1100,2022,849,662,0.0
F1100,2023,975,763,0.0
F1100,2024,748,603,0.52
F1100,2025,653,541,0.0
F1100,2026,569,471,0.49
F1101,2021,503,375,0.0
F1101,2022,271,244,0.0
F1101,2023,430,372,0.0
F1101,2024,273,217,0.52
F1101,2025,378,287,0.0
F1101,2026,280,219,0.0
F1102,2021,1102,740,0.0
F1102,2022,624,552,0.29
F1102,2023,997,798,0.0
F1102,2024,945,945,0.0
F1102,2025,820,627,0.0
F1102,2026,710,501,0.0
F1103,2021,1666,1426,0.0
F1103,2022,1283,1214,0.0
F1103,2023,1555,1150,0.0
F1103,2024,1406,1057,0.0
F1103,2025,1490,1266,0.0
F1103,2026,1123,1008,0.0
F1104,2021,446,284,0.32
F1104,2022,333,149,0.0
F1104,2023,533,347,0.0
F1104,2024,452,283,0.42
F1104,2025,532,295,0.0
F1104,2026,469,289,0.0
F1105,2021,599,333,0.0
F1105,2022,327,159,0.0
F1105,2023,534,342,0.0
F1105,2024,356,212,0.0
F1105,2025,319,227,0.0
F1105,2026,320,195,0.0
F1106,2021,878,773,0.0
F1106,2022,759,560,0.0
F1106,2023,668,532,0.0
F1106,2024,717,611,0.0
F1106,2025,662,644,0.0
F1106,2026,630,609,0.0
F1107,2021,534,443,0.0
F1107,2022,623,462,0.16
F1107,2023,366,275,0.48
F1107,2024,470,363,0.0
F1107,2025,449,312,0.0
F1107,2026,584,436,0.0
F1108,2021,858,634,0.0
F1108,2022,699,489,0.0
F1108,2023,916,570,0.0
F1108,2024,964,649,0.0
F1108,2025,769,607,0.0
F1108,2026,655,305,0.0
F1109,2021,2855,2123,0.0
F1109,2022,2994,2145,0.0
F1109,2023,2642,1771,0.0
F1109,2024,2720,2029,0.0
F1109,2025,3386,2753,0.0
F1109,2026,2560,1674,0.0
F1110,2021,1655,1171,0.0
F1110,2022,1383,1157,0.0
F1110,2023,1753,1388,0.0
F1110,2024,1334,1139,0.0
F1110,2025,2071,1414,0.32
F1110,2026,1068,814,0.0
F1111,2021,804,339,0.0
F1111,2022,673,285,0.0
F1111,2023,945,544,0.0
F1111,2024,963,609,0.0
F1111,2025,636,289,0.36
F1111,2026,673,369,0.0
F1112,2021,901,760,0.0
F1112,2022,1072,901,0.0
F1112,2023,619,523,0.0
F1112,2024,1349,1296,0.0
F1112,2025,827,650,0.48
F1112,2026,822,766,0.0
F1113,2021,180,124,0.0
F1113,2022,186,154,0.0
F1113,2023,189,186,0.0
F1113,2024,152,144,0.3
F1113,2025,156,126,0.0
F1113,2026,182,169,0.0
F1114,2021,286,220,0.0
F1114,2022,385,276,0.0
F1114,2023,320,208,0.0
F1114,2024,406,308,0.0
F1114,2025,249,204,0.0
F1114,2026,307,205,0.0
F1115,2021,923,743,0.0
F1115,2022,1166,991,0.0
F1115,2023,805,693,0.0
F1115,2024,1299,878,0.0
F1115,2025,939,850,0.28
F1115,2026,936,730,0.52
F1116,2021,1245,1204,0.0
F1116,2022,1966,1946,0.0
F1116,2023,1863,1770,0.0
F1116,2024,1754,1448,0.37
F1116,2025,1519,1351,0.0
F1116,2026,1773,1656,0.53
F1117,2021,4866,3461,0.0
F1117,2022,2934,1635,0.0
F1117,2023,4477,3062,0.0
F1117,2024,3281,1671,0.0
F1117,2025,3274,1933,0.0
F1117,2026,2559,1426,0.0
F1118,2021,1239,886,0.0
F1118,2022,1331,1107,0.0
F1118,2023,1106,812,0.0
F1118,2024,1168,959,0.41
F1118,2025,813,652,0.0
F1118,2026,1129,874,0.59
F1119,2021,488,459,0.0
F1119,2022,520,520,0.0
F1119,2023,652,581,0.32
F1119,2024,401,347,0.0
F1119,2025,644,541,0.0
F1119,2026,465,465,0.0
F1120,2021,964,638,0.0
F1120,2022,812,439,0.33
F1120,2023,895,344,0.0
F1120,2024,917,494,0.0
F1120,2025,670,311,0.0
F1120,2026,790,446,0.0
F1121,2021,1386,942,0.0
F1121,2022,1350,924,0.0
F1121,2023,1179,848,0.59
F1121,2024,892,570,0.0
F1121,2025,1653,1169,0.0
F1121,2026,1215,815,0.0
F1122,2021,830,830,0.0
F1122,2022,573,504,0.0
F1122,2023,697,596,0.0
F1122,2024,522,415,0.0
F1122,2025,747,743,0.21
F1122,2026,428,413,0.0
F1123,2021,399,395,0.2
F1123,2022,476,476,0.0
F1123,2023,428,392,0.0
F1123,2024,508,495,0.0
F1123,2025,282,282,0.0
F1123,2026,373,373,0.0
F1124,2021,2754,2310,0.0
F1124,2022,2116,1807,0.0
F1124,2023,2795,2169,0.0
F1124,2024,2799,2593,0.0
F1124,2025,3310,2707,0.0
F1124,2026,2685,1840,0.0
F1125,2021,768,484,0.32
F1125,2022,650,328,0.34
F1125,2023,525,313,0.31
F1125,2024,757,512,0.0
F1125,2025,629,384,0.0
F1125,2026,838,492,0.0
F1126,2021,478,425,0.0
F1126,2022,587,473,0.0
F1126,2023,427,343,0.32
F1126,2024,441,287,0.23
F1126,2025,341,228,0.0
F1126,2026,443,386,0.0
F1127,2021,1722,1354,0.0
F1127,2022,2444,1881,0.0
F1127,2023,2366,1837,0.0
F1127,2024,2507,2112,0.47
F1127,2025,1915,1478,0.0
F1127,2026,2431,1435,0.0
F1128,2021,395,297,0.0
F1128,2022,316,299,0.0
F1128,2023,344,252,0.0
F1128,2024,254,219,0.0
F1128,2025,346,281,0.0
F1128,2026,296,237,0.0
F1129,2021,2791,2791,0.0
F1129,2022,2323,2045,0.0
F1129,2023,3537,2860,0.0
F1129,2024,2233,2233,0.0
F1129,2025,2294,2029,0.0
F1129,2026,1648,1547,0.0
F1130,2021,1767,1293,0.0
F1130,2022,2496,1391,0.0
F1130,2023,1891,1360,0.0
F1130,2024,2463,1574,0.0
F1130,2025,2052,1332,0.0
F1130,2026,1705,1145,0.0
F1131,2021,1136,1071,0.0
F1131,2022,672,628,0.0
F1131,2023,1095,967,0.0
F1131,2024,825,658,0.0
F1131,2025,1045,1013,0.0
F1131,2026,827,805,0.0
F1132,2021,247,198,0.0
F1132,2022,128,117,0.0
F1132,2023,299,239,0.32
F1132,2024,113,101,0.57
F1132,2025,142,142,0.0
F1132,2026,135,118,0.0
F1133,2021,1623,1551,0.0
F1133,2022,1844,1774,0.0
F1133,2023,1592,1583,0.0
F1133,2024,2425,1949,0.0
F1133,2025,1555,1555,0.0
F1133,2026,1873,1390,0.47
F1134,2021,622,622,0.26
F1134,2022,401,355,0.0
F1134,2023,647,545,0.0
F1134,2024,406,335,0.37
F1134,2025,415,361,0.0
F1134,2026,407,383,0.37
F1135,2021,1291,860,0.0
F1135,2022,671,444,0.0
F1135,2023,1202,942,0.0
F1135,2024,925,558,0.38
F1135,2025,950,650,0.0
F1135,2026,780,469,0.0
F1136,2021,206,165,0.0
F1136,2022,146,133,0.0
F1136,2023,154,117,0.0
F1136,2024,147,109,0.0
F1136,2025,158,130,0.4
F1136,2026,101,81,0.57
F1137,2021,938,645,0.0
F1137,2022,608,320,0.0
F1137,2023,858,655,0.0
F1137,2024,754,510,0.0
F1137,2025,992,864,0.0
F1137,2026,633,445,0.22
F1138,2021,1095,563,0.42
F1138,2022,535,321,0.0
F1138,2023,1222,690,0.0
F1138,2024,724,371,0.0
F1138,2025,886,546,0.0
F1138,2026,526,145,0.0
F1139,2021,833,742,0.0
F1139,2022,1113,874,0.22
F1139,2023,569,468,0.0
F1139,2024,1180,826,0.0
F1139,2025,891,669,0.0
F1139,2026,1155,950,0.0
F1140,2021,1218,610,0.0
F1140,2022,1206,667,0.0
F1140,2023,927,441,0.0
F1140,2024,1176,611,0.0
F1140,2025,1102,537,0.0
F1140,2026,1212,431,0.0
F1141,2021,1003,510,0.0
F1141,2022,765,533,0.0
F1141,2023,823,528,0.59
F1141,2024,580,387,0.0
F1141,2025,627,378,0.0
F1141,2026,714,460,0.0
F1142,2021,479,341,0.0
F1142,2022,630,549,0.0
F1142,2023,441,408,0.0
F1142,2024,553,504,0.0
F1142,2025,531,452,0.0
F1142,2026,365,365,0.0
F1143,2021,2257,1734,0.43
F1143,2022,2955,2034,0.0
F1143,2023,2725,2056,0.0
F1143,2024,3243,2110,0.0
F1143,2025,2735,2113,0.3
F1143,2026,2787,2582,0.0
F1144,2021,1152,886,0.46
F1144,2022,376,301,0.0
F1144,2023,990,773,0.0
F1144,2024,762,564,0.0
F1144,2025,940,736,0.0
F1144,2026,642,515,0.0
F1145,2021,2569,1100,0.0
F1145,2022,1978,1203,0.0
F1145,2023,2400,1448,0.0
F1145,2024,2350,1249,0.0
F1145,2025,2608,1481,0.0
F1145,2026,2148,1045,0.0
F1146,2021,1142,733,0.0
F1146,2022,2117,1183,0.0
F1146,2023,1104,840,0.0
F1146,2024,1701,1220,0.0
F1146,2025,1193,897,0.0
F1146,2026,1993,1149,0.5
F1147,2021,662,626,0.0
F1147,2022,723,721,0.44
F1147,2023,501,495,0.0
F1147,2024,954,687,0.0
F1147,2025,480,458,0.0
F1147,2026,616,616,0.49
F1148,2021,2621,1924,0.0
F1148,2022,2596,2479,0.0
F1148,2023,2587,1673,0.0
F1148,2024,2413,2052,0.0
F1148,2025,2698,2197,0.0
F1148,2026,2329,1667,0.0
F1149,2021,428,322,0.0
F1149,2022,416,294,0.41
F1149,2023,393,216,0.0
F1149,2024,400,255,0.0
F1149,2025,519,475,0.0
F1149,2026,359,262,0.0
F1150,2021,1178,556,0.0
F1150,2022,1006,462,0.0
F1150,2023,1083,473,0.0
F1150,2024,1094,616,0.0
F1150,2025,945,433,0.0
F1150,2026,1345,706,0.0
F1151,2021,1010,707,0.22
F1151,2022,1277,1060,0.0
F1151,2023,1038,906,0.41
F1151,2024,1229,1109,0.0
F1151,2025,1151,977,0.0
F1151,2026,1586,1539,0.0
F1152,2021,2416,1866,0.32
F1152,2022,1941,1776,0.0
F1152,2023,2123,2121,0.0
F1152,2024,2195,2129,0.0
F1152,2025,2302,1856,0.0
F1152,2026,2039,1791,0.0
F1153,2021,397,327,0.0
F1153,2022,403,251,0.0
F1153,2023,371,222,0.0
F1153,2024,451,348,0.0
F1153,2025,279,164,0.0
F1153,2026,376,241,0.0
F1154,2021,2203,1934,0.0
F1154,2022,1979,1641,0.0
F1154,2023,1700,1494,0.0
F1154,2024,1966,1646,0.0
F1154,2025,1798,1622,0.4
F1154,2026,1241,994,0.39
F1155,2021,981,732,0.0
F1155,2022,597,498,0.0
F1155,2023,1070,842,0.0
F1155,2024,683,603,0.0
F1155,2025,1034,904,0.0
F1155,2026,727,610,0.27
F1156,2021,1825,1027,0.0
F1156,2022,1487,1141,0.0
F1156,2023,1821,1495,0.0
F1156,2024,1690,1368,0.0
F1156,2025,1441,1020,0.0
F1156,2026,1181,976,0.0
F1157,2021,928,842,0.26
F1157,2022,530,453,0.0
F1157,2023,974,769,0.0
F1157,2024,744,588,0.3
F1157,2025,979,855,0.0
F1157,2026,537,491,0.0
F1158,2021,850,587,0.0
F1158,2022,914,811,0.0
F1158,2023,772,557,0.0
F1158,2024,802,595,0.0
F1158,2025,652,426,0.39
F1158,2026,636,584,0.0
F1159,2021,2391,2194,0.0
F1159,2022,1982,1897,0.0
F1159,2023,2115,2115,0.0
F1159,2024,2129,1678,0.0
F1159,2025,1839,1839,0.0
F1159,2026,1519,1371,0.0
F1160,2021,1062,921,0.0
F1160,2022,1199,1049,0.0
F1160,2023,1154,1154,0.0
F1160,2024,1081,1043,0.0
F1160,2025,1280,1249,0.0
F1160,2026,1303,872,0.0
F1161,2021,1228,1027,0.0
F1161,2022,787,599,0.0
F1161,2023,1226,1097,0.0
F1161,2024,809,706,0.0
F1161,2025,1184,950,0.0
F1161,2026,982,867,0.15
F1162,2021,142,120,0.0
F1162,2022,229,202,0.38
F1162,2023,111,100,0.0
F1162,2024,231,205,0.0
F1162,2025,106,100,0.0
F1162,2026,160,156,0.0
F1163,2021,1170,793,0.0
F1163,2022,1350,1190,0.35
F1163,2023,981,746,0.0
F1163,2024,1590,1165,0.51
F1163,2025,841,546,0.0
F1163,2026,1452,1028,0.0
F1164,2021,394,309,0.0
F1164,2022,487,376,0.0
F1164,2023,361,285,0.0
F1164,2024,410,410,0.22
F1164,2025,303,267,0.25
F1164,2026,484,461,0.0
F1165,2021,1285,983,0.0
F1165,2022,1374,1116,0.0
F1165,2023,1338,1115,0.31
F1165,2024,1215,882,0.4
F1165,2025,836,569,0.0
F1165,2026,1345,1314,0.0
F1166,2021,140,72,0.0
F1166,2022,120,72,0.0
F1166,2023,147,82,0.18
F1166,2024,107,68,0.35
F1166,2025,110,59,0.35
F1166,2026,109,59,0.0
F1167,2021,655,551,0.0
F1167,2022,464,320,0.0
F1167,2023,529,396,0.0
F1167,2024,536,388,0.0
F1167,2025,673,527,0.0
F1167,2026,578,480,0.0
F1168,2021,582,415,0.0
F1168,2022,996,819,0.0
F1168,2023,813,603,0.0
F1168,2024,1046,941,0.0
F1168,2025,483,354,0.0
F1168,2026,957,907,0.0
F1169,2021,3115,2849,0.0
F1169,2022,3991,3991,0.0
F1169,2023,3169,3022,0.0
F1169,2024,3584,3584,0.0
F1169,2025,2644,2264,0.0
F1169,2026,3430,3290,0.0
F1170,2021,440,381,0.39
F1170,2022,273,224,0.0
F1170,2023,324,241,0.48
F1170,2024,213,155,0.0
F1170,2025,308,216,0.5
F1170,2026,206,153,0.0
F1171,2021,437,409,0.0
F1171,2022,673,668,0.0
F1171,2023,398,398,0.41
F1171,2024,548,518,0.33
F1171,2025,246,230,0.0
F1171,2026,553,553,0.0
F1172,2021,1652,460,0.21
F1172,2022,1268,614,0.0
F1172,2023,1011,512,0.57
F1172,2024,1320,500,0.0
F1172,2025,1190,556,0.0
F1172,2026,1404,640,0.0
F1173,2021,285,251,0.0
F1173,2022,343,338,0.0
F1173,2023,265,235,0.58
F1173,2024,220,213,0.0
F1173,2025,381,352,0.0
F1173,2026,314,272,0.47
F1174,2021,729,466,0.0
F1174,2022,612,377,0.31
F1174,2023,609,390,0.0
F1174,2024,773,672,0.43
F1174,2025,457,368,0.0
F1174,2026,539,331,0.0
F1175,2021,592,470,0.0
F1175,2022,638,472,0.0
F1175,2023,420,353,0.26
F1175,2024,494,452,0.5
F1175,2025,399,316,0.0
F1175,2026,472,434,0.0
F1176,2021,1092,619,0.0
F1176,2022,1629,1062,0.0
F1176,2023,993,689,0.0
F1176,2024,2067,1345,0.0
F1176,2025,1110,781,0.0
F1176,2026,1844,1194,0.0
F1177,2021,659,468,0.0
F1177,2022,580,534,0.0
F1177,2023,703,512,0.0
F1177,2024,708,526,0.0
F1177,2025,431,348,0.0
F1177,2026,458,372,0.0
F1178,2021,742,668,0.0
F1178,2022,429,299,0.0
F1178,2023,546,499,0.0
F1178,2024,506,340,0.0
F1178,2025,782,646,0.0
F1178,2026,350,336,0.0
F1179,2021,2443,1296,0.0
F1179,2022,1181,448,0.0
F1179,2023,2252,1401,0.0
F1179,2024,1139,500,0.0
F1179,2025,2188,1025,0.0
F1179,2026,1263,552,0.0
F1180,2021,1391,1009,0.0
F1180,2022,1824,1545,0.0
F1180,2023,2205,1534,0.0
F1180,2024,2213,1724,0.0
F1180,2025,1638,1262,0.0
F1180,2026,1824,1434,0.22
F1181,2021,1132,611,0.0
F1181,2022,1063,606,0.33
F1181,2023,957,565,0.0
F1181,2024,1175,754,0.0
F1181,2025,1334,787,0.0
F1181,2026,1204,571,0.0
F1182,2021,2484,2326,0.0
F1182,2022,2374,2374,0.0
F1182,2023,2534,2231,0.25
F1182,2024,2275,1792,0.0
F1182,2025,2547,2405,0.0
F1182,2026,2806,2289,0.0
F1183,2021,2203,1831,0.0
F1183,2022,1378,992,0.0
F1183,2023,2297,1492,0.0
F1183,2024,1810,1609,0.0
F1183,2025,2193,1767,0.0
F1183,2026,1546,1230,0.0
F1184,2021,568,285,0.0
F1184,2022,513,290,0.34
F1184,2023,367,137,0.0
F1184,2024,515,249,0.0
F1184,2025,535,296,0.0
F1184,2026,395,206,0.29
F1185,2021,175,153,0.0
F1185,2022,188,188,0.0
F1185,2023,196,145,0.15
F1185,2024,192,137,0.0
F1185,2025,149,111,0.0
F1185,2026,181,150,0.0
F1186,2021,765,603,0.0
F1186,2022,1047,764,0.0
F1186,2023,662,518,0.0
F1186,2024,1013,877,0.0
F1186,2025,444,344,0.0
F1186,2026,1016,750,0.0
F1187,2021,2360,2038,0.0
F1187,2022,1765,1321,0.0
F1187,2023,2583,2123,0.0
F1187,2024,2171,1617,0.0
F1187,2025,2783,2242,0.0
F1187,2026,1864,1683,0.0
F1188,2021,469,359,0.0
F1188,2022,602,485,0.0
F1188,2023,528,476,0.0
F1188,2024,464,339,0.0
F1188,2025,441,335,0.28
F1188,2026,358,352,0.26
F1189,2021,632,551,0.0
F1189,2022,457,365,0.0
F1189,2023,647,583,0.43
F1189,2024,433,433,0.0
F1189,2025,554,437,0.0
F1189,2026,418,325,0.0
F1190,2021,603,428,0.0
F1190,2022,404,261,0.0
F1190,2023,490,324,0.0
F1190,2024,366,219,0.0
F1190,2025,404,209,0.53
F1190,2026,244,135,0.0
F1191,2021,1654,1593,0.0
F1191,2022,1468,1321,0.0
F1191,2023,1691,1321,0.0
F1191,2024,1189,1171,0.52
F1191,2025,1024,909,0.53
F1191,2026,1059,1059,0.36
F1192,2021,805,442,0.52
F1192,2022,456,248,0.0
F1192,2023,777,366,0.32
F1192,2024,535,338,0.0
F1192,2025,536,352,0.0
F1192,2026,550,282,0.0
F1193,2021,2719,2580,0.32
F1193,2022,2269,2218,0.31
F1193,2023,2292,1828,0.0
F1193,2024,2519,2177,0.0
F1193,2025,2598,2282,0.0
F1193,2026,2548,2301,0.0
F1194,2021,1384,1290,0.24
F1194,2022,1290,1261,0.0
F1194,2023,2136,1943,0.38
F1194,2024,1046,964,0.0
F1194,2025,1880,1784,0.42
F1194,2026,928,928,0.37
F1195,2021,938,657,0.0
F1195,2022,821,447,0.0
F1195,2023,888,547,0.0
F1195,2024,1036,569,0.0
F1195,2025,720,468,0.0
F1195,2026,896,522,0.0
F1196,2021,826,826,0.0
F1196,2022,993,900,0.0
F1196,2023,803,781,0.0
F1196,2024,894,786,0.0
F1196,2025,1004,921,0.0
F1196,2026,1091,1000,0.0
F1197,2021,775,573,0.0
F1197,2022,892,563,0.0
F1197,2023,680,532,0.0
F1197,2024,684,430,0.38
F1197,2025,523,359,0.0
F1197,2026,903,583,0.0
F1198,2021,1134,776,0.0
F1198,2022,1749,1620,0.0
F1198,2023,1091,870,0.0
F1198,2024,1678,1538,0.0
F1198,2025,870,697,0.18
F1198,2026,1230,1194,0.0
F1199,2021,1183,721,0.42
F1199,2022,1282,820,0.57
F1199,2023,924,746,0.56
F1199,2024,1384,752,0.0
F1199,2025,1022,644,0.0
F1199,2026,1844,1349,0.0
F1200,2021,973,869,0.0
F1200,2022,1339,1319,0.0
F1200,2023,943,785,0.0
F1200,2024,1217,909,0.28
F1200,2025,899,746,0.0
F1200,2026,1660,1623,0.0
F1201,2021,1122,723,0.28
F1201,2022,476,354,0.0
F1201,2023,1080,616,0.19
F1201,2024,603,344,0.0
F1201,2025,799,386,0.0
F1201,2026,508,316,0.0
F1202,2021,470,439,0.0
F1202,2022,910,910,0.0
F1202,2023,460,418,0.0
F1202,2024,701,493,0.54
F1202,2025,342,260,0.35
F1202,2026,587,452,0.0
F1203,2021,543,492,0.0
F1203,2022,382,382,0.26
F1203,2023,410,369,0.0
F1203,2024,452,418,0.0
F1203,2025,541,541,0.42
F1203,2026,284,238,0.6
F1204,2021,827,661,0.0
F1204,2022,658,409,0.0
F1204,2023,822,517,0.32
F1204,2024,575,420,0.0
F1204,2025,813,589,0.0
F1204,2026,449,340,0.0
F1205,2021,1096,763,0.0
F1205,2022,1379,1125,0.0
F1205,2023,1013,762,0.0
F1205,2024,1378,1030,0.0
F1205,2025,1004,647,0.0
F1205,2026,1086,852,0.0
F1206,2021,516,353,0.5
F1206,2022,323,164,0.2
F1206,2023,425,311,0.35
F1206,2024,320,264,0.0
F1206,2025,620,496,0.0
F1206,2026,314,243,0.44
F1207,2021,1100,795,0.0
F1207,2022,1307,955,0.0
F1207,2023,927,682,0.38
F1207,2024,1044,678,0.0
F1207,2025,856,545,0.0
F1207,2026,1088,805,0.0
F1208,2021,224,127,0.0
F1208,2022,299,179,0.56
F1208,2023,256,168,0.0
F1208,2024,440,269,0.0
F1208,2025,424,218,0.0
F1208,2026,444,190,0.36
F1209,2021,2818,2670,0.0
F1209,2022,3941,3941,0.0
F1209,2023,2472,2062,0.0
F1209,2024,3789,3543,0.0
F1209,2025,2850,2501,0.0
F1209,2026,4499,3743,0.0
F1210,2021,2065,965,0.0
F1210,2022,1245,698,0.0
F1210,2023,1630,1092,0.0
F1210,2024,1216,504,0.0
F1210,2025,1240,693,0.0
F1210,2026,966,546,0.0
F1211,2021,1002,916,0.53
F1211,2022,643,580,0.59
F1211,2023,665,665,0.0
F1211,2024,944,823,0.19
F1211,2025,867,782,0.0
F1211,2026,724,724,0.53
F1212,2021,1325,815,0.58
F1212,2022,437,198,0.0
F1212,2023,1084,745,0.0
F1212,2024,665,300,0.0
F1212,2025,1314,731,0.0
F1212,2026,695,369,0.38
F1213,2021,570,471,0.0
F1213,2022,641,605,0.0
F1213,2023,558,475,0.0
F1213,2024,679,568,0.0
F1213,2025,475,425,0.0
F1213,2026,415,415,0.0
F1214,2021,823,458,0.0
F1214,2022,1284,799,0.0
F1214,2023,855,495,0.0
F1214,2024,1572,843,0.34
F1214,2025,712,367,0.24
F1214,2026,997,414,0.0
F1215,2021,562,388,0.0
F1215,2022,255,137,0.0
F1215,2023,466,294,0.0
F1215,2024,306,205,0.0
F1215,2025,556,330,0.0
F1215,2026,315,234,0.0
F1216,2021,1140,963,0.0
F1216,2022,639,582,0.0
F1216,2023,1162,972,0.0
F1216,2024,841,681,0.0
F1216,2025,955,836,0.0
F1216,2026,797,710,0.0
F1217,2021,989,638,0.0
F1217,2022,1190,750,0.0
F1217,2023,675,538,0.55
F1217,2024,869,606,0.21
F1217,2025,825,639,0.0
F1217,2026,1077,833,0.0
F1218,2021,270,146,0.0
F1218,2022,239,111,0.0
F1218,2023,235,135,0.0
F1218,2024,218,109,0.26
F1218,2025,185,121,0.16
F1218,2026,216,123,0.0
F1219,2021,1442,1068,0.53
F1219,2022,1237,1064,0.0
F1219,2023,1700,1481,0.0
F1219,2024,2037,1988,0.0
F1219,2025,1292,869,0.0
F1219,2026,1405,1178,0.0
F1220,2021,305,173,0.0
F1220,2022,311,212,0.0
F1220,2023,255,176,0.0
F1220,2024,292,213,0.0
F1220,2025,267,182,0.0
F1220,2026,221,156,0.0
F1221,2021,899,650,0.0
F1221,2022,816,625,0.0
F1221,2023,898,612,0.2
F1221,2024,646,433,0.0
F1221,2025,882,715,0.0
F1221,2026,735,536,0.0
F1222,2021,2226,1129,0.0
F1222,2022,853,653,0.0
F1222,2023,1771,864,0.52
F1222,2024,860,452,0.0
F1222,2025,1467,979,0.0
F1222,2026,934,562,0.0
F1223,2021,817,797,0.0
F1223,2022,996,919,0.0
F1223,2023,670,569,0.0
F1223,2024,1503,1241,0.0
F1223,2025,921,793,0.0
F1223,2026,1049,819,0.0
F1224,2021,1891,1542,0.0
F1224,2022,3062,2906,0.35
F1224,2023,1282,1281,0.0
F1224,2024,3142,2006,0.0
F1224,2025,1278,1031,0.59
F1224,2026,1725,1430,0.0
F1225,2021,982,715,0.0
F1225,2022,530,364,0.0
F1225,2023,964,622,0.0
F1225,2024,512,398,0.18
F1225,2025,623,496,0.0
F1225,2026,369,308,0.36
F1226,2021,2371,1774,0.0
F1226,2022,2634,2453,0.0
F1226,2023,2147,1890,0.0
F1226,2024,2234,2104,0.0
F1226,2025,2352,1791,0.0
F1226,2026,2154,1647,0.21
F1227,2021,574,309,0.0
F1227,2022,320,218,0.0
F1227,2023,705,400,0.0
F1227,2024,361,277,0.0
F1227,2025,508,277,0.23
F1227,2026,260,195,0.4
F1228,2021,4174,2280,0.26
F1228,2022,2358,1034,0.0
F1228,2023,4442,2346,0.0
F1228,2024,3395,1754,0.0
F1228,2025,3345,2024,0.0
F1228,2026,2617,1569,0.0
F1229,2021,689,592,0.0
F1229,2022,513,438,0.0
F1229,2023,620,559,0.36
F1229,2024,316,283,0.0
F1229,2025,578,459,0.0
F1229,2026,400,343,0.0
F1230,2021,160,121,0.0
F1230,2022,183,111,0.0
F1230,2023,123,83,0.0
F1230,2024,160,133,0.0
F1230,2025,126,60,0.32
F1230,2026,148,101,0.41
F1231,2021,2634,2545,0.44
F1231,2022,2149,1965,0.0
F1231,2023,3547,3517,0.4
F1231,2024,2797,2392,0.0
F1231,2025,3157,2590,0.0
F1231,2026,2338,2206,0.0
F1232,2021,269,269,0.47
F1232,2022,354,354,0.0
F1232,2023,260,232,0.0
F1232,2024,406,406,0.0
F1232,2025,227,227,0.22
F1232,2026,305,297,0.0
F1233,2021,386,246,0.0
F1233,2022,250,154,0.0
F1233,2023,288,180,0.0
F1233,2024,219,148,0.47
F1233,2025,219,139,0.0
F1233,2026,246,185,0.0
F1234,2021,1053,697,0.0
F1234,2022,672,430,0.0
F1234,2023,952,545,0.0
F1234,2024,670,412,0.0
F1234,2025,844,572,0.0
F1234,2026,599,437,0.52
F1235,2021,1440,978,0.0
F1235,2022,1595,793,0.0
F1235,2023,1449,912,0.0
F1235,2024,1465,951,0.0
F1235,2025,1245,672,0.39
F1235,2026,1000,643,0.0
F1236,2021,878,753,0.0
F1236,2022,659,590,0.0
F1236,2023,809,741,0.0
F1236,2024,570,531,0.0
F1236,2025,944,632,0.0
F1236,2026,567,480,0.0
F1237,2021,1009,916,0.0
F1237,2022,999,938,0.0
F1237,2023,1258,1225,0.0
F1237,2024,991,946,0.0
F1237,2025,875,845,0.0
F1237,2026,730,705,0.0
F1238,2021,127,113,0.0
F1238,2022,118,114,0.22
F1238,2023,110,100,0.53
F1238,2024,84,75,0.51
F1238,2025,95,88,0.0
F1238,2026,115,98,0.0
F1239,2021,1251,823,0.0
F1239,2022,651,518,0.0
F1239,2023,1406,1315,0.0
F1239,2024,750,697,0.34
F1239,2025,965,717,0.0
F1239,2026,1010,831,0.0
F1240,2021,880,818,0.15
F1240,2022,1217,1198,0.0
F1240,2023,1340,1310,0.0
F1240,2024,1927,1902,0.0
F1240,2025,875,698,0.0
F1240,2026,1537,1433,0.0
F1241,2021,1169,946,0.0
F1241,2022,1566,1104,0.0
F1241,2023,876,779,0.47
F1241,2024,1096,1030,0.0
F1241,2025,1137,884,0.43
F1241,2026,1374,963,0.0
F1242,2021,1182,1011,0.0
F1242,2022,1034,972,0.25
F1242,2023,850,841,0.0
F1242,2024,790,693,0.0
F1242,2025,1034,966,0.0
F1242,2026,877,840,0.0
F1243,2021,2338,2102,0.0
F1243,2022,2182,1689,0.0
F1243,2023,2084,1992,0.0
F1243,2024,2416,2054,0.0
F1243,2025,1605,1392,0.0
F1243,2026,1603,1205,0.0
F1244,2021,1204,759,0.17
F1244,2022,1124,787,0.0
F1244,2023,1104,704,0.0
F1244,2024,1389,1054,0.32
F1244,2025,1402,890,0.0
F1244,2026,1107,690,0.0
F1245,2021,2125,1242,0.0
F1245,2022,1505,655,0.0
F1245,2023,2257,1173,0.0
F1245,2024,1221,776,0.39
F1245,2025,2271,1043,0.0
F1245,2026,1743,958,0.0
F1246,2021,499,258,0.59
F1246,2022,318,148,0.0
F1246,2023,535,221,0.0
F1246,2024,480,174,0.52
F1246,2025,292,161,0.31
F1246,2026,330,144,0.0
F1247,2021,1035,708,0.0
F1247,2022,748,557,0.0
F1247,2023,951,641,0.0
F1247,2024,633,435,0.25
F1247,2025,1047,761,0.0
F1247,2026,663,406,0.0
F1248,2021,907,523,0.37
F1248,2022,578,334,0.0
F1248,2023,817,462,0.0
F1248,2024,805,420,0.0
F1248,2025,844,410,0.0
F1248,2026,755,379,0.0
F1249,2021,1188,859,0.0
F1249,2022,1224,984,0.0
F1249,2023,1257,953,0.22
F1249,2024,924,657,0.0
F1249,2025,753,502,0.0
F1249,2026,1020,654,0.0
F1250,2021,1134,744,0.0
F1250,2022,1863,1201,0.0
F1250,2023,984,583,0.0
F1250,2024,1927,858,0.0
F1250,2025,1081,618,0.29
F1250,2026,1477,833,0.0
F1251,2021,7398,6064,0.3
F1251,2022,5570,5056,0.0
F1251,2023,6670,5529,0.0
F1251,2024,5388,4082,0.0
F1251,2025,6681,5596,0.0
F1251,2026,6501,5707,0.0
F1252,2021,314,267,0.33
F1252,2022,267,258,0.0
F1252,2023,298,240,0.0
F1252,2024,410,393,0.0
F1252,2025,183,150,0.0
F1252,2026,341,283,0.0
F1253,2021,1957,1248,0.0
F1253,2022,1590,977,0.0
F1253,2023,1895,1344,0.0
F1253,2024,1516,932,0.0
F1253,2025,1967,1322,0.0
F1253,2026,1445,729,0.0
F1254,2021,322,246,0.0
F1254,2022,466,396,0.0
F1254,2023,306,306,0.0
F1254,2024,360,293,0.0
F1254,2025,251,169,0.0
F1254,2026,312,231,0.56
F1255,2021,871,583,0.52
F1255,2022,617,515,0.0
F1255,2023,862,715,0.0
F1255,2024,884,549,0.0
F1255,2025,780,701,0.0
F1255,2026,589,462,0.0
F1256,2021,600,488,0.0
F1256,2022,1239,1221,0.0
F1256,2023,557,403,0.0
F1256,2024,793,666,0.0
F1256,2025,506,455,0.0
F1256,2026,758,576,0.0
F1257,2021,325,249,0.0
F1257,2022,276,194,0.0
F1257,2023,368,288,0.0
F1257,2024,260,193,0.0
F1257,2025,374,287,0.21
F1257,2026,258,179,0.0
F1258,2021,380,244,0.0
F1258,2022,283,162,0.0
F1258,2023,432,303,0.47
F1258,2024,300,212,0.0
F1258,2025,361,216,0.0
F1258,2026,391,271,0.0
F1259,2021,3286,1948,0.0
F1259,2022,2477,953,0.0
F1259,2023,2479,1139,0.33
F1259,2024,2028,1073,0.0
F1259,2025,3194,952,0.38
F1259,2026,1741,802,0.0
F1260,2021,1259,957,0.0
F1260,2022,701,567,0.0
F1260,2023,1152,971,0.5
F1260,2024,721,556,0.0
F1260,2025,1163,860,0.0
F1260,2026,751,609,0.0
F1261,2021,1585,1436,0.0
F1261,2022,1015,869,0.0
F1261,2023,1549,1097,0.49
F1261,2024,832,645,0.0
F1261,2025,1099,1032,0.0
F1261,2026,912,723,0.0
F1262,2021,784,276,0.48
F1262,2022,441,142,0.0
F1262,2023,612,194,0.0
F1262,2024,460,76,0.0
F1262,2025,751,316,0.0
F1262,2026,454,135,0.0
F1263,2021,1407,1104,0.0
F1263,2022,1027,964,0.0
F1263,2023,1255,1086,0.58
F1263,2024,772,772,0.0
F1263,2025,1606,1606,0.0
F1263,2026,1096,931,0.57
F1264,2021,1238,568,0.0
F1264,2022,1342,577,0.0
F1264,2023,1231,527,0.0
F1264,2024,1691,639,0.0
F1264,2025,850,467,0.0
F1264,2026,1148,471,0.0
F1265,2021,468,288,0.0
F1265,2022,659,529,0.43
F1265,2023,316,239,0.0
F1265,2024,678,597,0.25
F1265,2025,322,239,0.27
F1265,2026,395,282,0.0
F1266,2021,764,472,0.0
F1266,2022,466,397,0.0
F1266,2023,775,629,0.0
F1266,2024,488,401,0.0
F1266,2025,718,568,0.5
F1266,2026,377,273,0.0
F1267,2021,3543,1590,0.41
F1267,2022,2110,1079,0.0
F1267,2023,4116,2080,0.0
F1267,2024,2667,546,0.0
F1267,2025,2900,1207,0.0
F1267,2026,2421,1070,0.0
F1268,2021,270,165,0.0
F1268,2022,227,177,0.0
F1268,2023,219,157,0.0
F1268,2024,232,208,0.0
F1268,2025,253,174,0.0
F1268,2026,208,140,0.0
F1269,2021,404,176,0.0
F1269,2022,402,261,0.0
F1269,2023,371,202,0.3
F1269,2024,325,171,0.0
F1269,2025,406,228,0.0
F1269,2026,457,232,0.0
F1270,2021,2882,2239,0.0
F1270,2022,1603,1083,0.0
F1270,2023,2896,2674,0.0
F1270,2024,1979,1818,0.0
F1270,2025,2363,1775,0.0
F1270,2026,1855,1392,0.21
F1271,2021,1102,385,0.0
F1271,2022,1295,345,0.0
F1271,2023,1071,303,0.0
F1271,2024,1817,401,0.0
F1271,2025,971,341,0.0
F1271,2026,1364,505,0.0
F1272,2021,1513,1309,0.0
F1272,2022,1266,1089,0.0
F1272,2023,1560,1354,0.0
F1272,2024,1221,1008,0.19
F1272,2025,1518,1333,0.0
F1272,2026,1286,1179,0.29
F1273,2021,1617,966,0.0
F1273,2022,915,671,0.0
F1273,2023,1506,1208,0.0
F1273,2024,916,664,0.0
F1273,2025,1363,768,0.0
F1273,2026,812,548,0.0
F1274,2021,1652,948,0.0
F1274,2022,2365,1060,0.0
F1274,2023,1572,781,0.0
F1274,2024,2354,1021,0.0
F1274,2025,1664,735,0.0
F1274,2026,2379,1225,0.0
F1275,2021,1998,1640,0.0
F1275,2022,1974,1226,0.0
F1275,2023,1952,1526,0.0
F1275,2024,1860,1663,0.0
F1275,2025,1896,1683,0.0
F1275,2026,1943,1450,0.45
F1276,2021,5753,4736,0.0
F1276,2022,5845,5054,0.0
F1276,2023,5922,5128,0.0
F1276,2024,5699,5022,0.0
F1276,2025,4080,3957,0.0
F1276,2026,4404,4313,0.0
F1277,2021,2999,2003,0.48
F1277,2022,1805,1263,0.0
F1277,2023,2912,1636,0.0
F1277,2024,2550,1485,0.0
F1277,2025,3358,1768,0.18
F1277,2026,2206,1387,0.51
F1278,2021,933,509,0.0
F1278,2022,577,300,0.0
F1278,2023,1164,588,0.0
F1278,2024,638,418,0.0
F1278,2025,969,532,0.0
F1278,2026,610,335,0.5
F1279,2021,1212,960,0.0
F1279,2022,1362,1362,0.21
F1279,2023,970,870,0.0
F1279,2024,1419,1161,0.0
F1279,2025,924,863,0.0
F1279,2026,919,840,0.0
F1280,2021,609,501,0.0
F1280,2022,1016,600,0.53
F1280,2023,407,287,0.0
F1280,2024,978,600,0.0
F1280,2025,697,416,0.0
F1280,2026,1263,737,0.0
F1281,2021,1655,1441,0.0
F1281,2022,1428,1056,0.0
F1281,2023,1492,1269,0.0
F1281,2024,1460,1338,0.0
F1281,2025,1406,1269,0.0
F1281,2026,1130,1046,0.0
F1282,2021,853,592,0.0
F1282,2022,1097,827,0.0
F1282,2023,1469,1074,0.0
F1282,2024,1635,1133,0.19
F1282,2025,889,611,0.0
F1282,2026,1204,821,0.0
F1283,2021,750,750,0.15
F1283,2022,478,415,0.0
F1283,2023,655,550,0.0
F1283,2024,468,405,0.0
F1283,2025,793,619,0.41
F1283,2026,339,285,0.0
F1284,2021,1690,1403,0.0
F1284,2022,1453,1245,0.0
F1284,2023,1658,1348,0.0
F1284,2024,913,762,0.0
F1284,2025,1566,1424,0.0
F1284,2026,1170,829,0.0
F1285,2021,494,426,0.0
F1285,2022,508,508,0.0
F1285,2023,681,681,0.0
F1285,2024,429,394,0.0
F1285,2025,402,400,0.0
F1285,2026,363,354,0.0
F1286,2021,498,362,0.0
F1286,2022,313,218,0.0
F1286,2023,388,323,0.0
F1286,2024,308,236,0.42
F1286,2025,331,297,0.31
F1286,2026,258,258,0.0
F1287,2021,944,679,0.27
F1287,2022,619,468,0.0
F1287,2023,968,935,0.0
F1287,2024,705,488,0.0
F1287,2025,814,768,0.0
F1287,2026,916,790,0.0
F1288,2021,1059,841,0.0
F1288,2022,1083,1033,0.0
F1288,2023,1149,1008,0.0
F1288,2024,1161,1161,0.0
F1288,2025,809,794,0.0
F1288,2026,1095,1022,0.25
F1289,2021,438,202,0.0
F1289,2022,370,177,0.0
F1289,2023,438,204,0.0
F1289,2024,428,164,0.49
F1289,2025,280,160,0.0
F1289,2026,385,173,0.0
F1290,2021,875,552,0.48
F1290,2022,486,279,0.5
F1290,2023,666,460,0.32
F1290,2024,472,323,0.0
F1290,2025,836,525,0.0
F1290,2026,713,416,0.0
F1291,2021,3715,2386,0.0
F1291,2022,3594,2306,0.0
F1291,2023,7384,5397,0.0
F1291,2024,6166,4975,0.6
F1291,2025,3095,1995,0.0
F1291,2026,4186,2801,0.0
F1292,2021,305,255,0.0
F1292,2022,263,202,0.32
F1292,2023,202,171,0.37
F1292,2024,198,165,0.0
F1292,2025,266,225,0.0
F1292,2026,253,204,0.0
F1293,2021,1386,754,0.0
F1293,2022,1622,637,0.0
F1293,2023,1834,476,0.0
F1293,2024,1386,434,0.0
F1293,2025,1641,683,0.0
F1293,2026,1437,465,0.0
F1294,2021,307,244,0.57
F1294,2022,245,206,0.0
F1294,2023,358,314,0.0
F1294,2024,389,244,0.0
F1294,2025,253,178,0.0
F1294,2026,342,255,0.0
F1295,2021,1479,1057,0.0
F1295,2022,1797,1296,0.0
F1295,2023,1293,1068,0.0
F1295,2024,1437,1119,0.0
F1295,2025,1681,1268,0.0
F1295,2026,1562,1311,0.0
F1296,2021,316,133,0.0
F1296,2022,360,155,0.0
F1296,2023,529,207,0.0
F1296,2024,374,152,0.0
F1296,2025,467,214,0.0
F1296,2026,319,156,0.0
F1297,2021,525,276,0.49
F1297,2022,337,230,0.0
F1297,2023,547,316,0.0
F1297,2024,415,223,0.33
F1297,2025,305,173,0.0
F1297,2026,304,145,0.0
F1298,2021,2637,1787,0.52
F1298,2022,1289,687,0.33
F1298,2023,2528,1384,0.0
F1298,2024,2310,1484,0.0
F1298,2025,3201,1800,0.0
F1298,2026,1466,1048,0.0
F1299,2021,2956,1856,0.0
F1299,2022,3873,2466,0.0
F1299,2023,3836,2879,0.0
F1299,2024,2381,1317,0.31
F1299,2025,2573,1887,0.55
F1299,2026,2231,1418,0.0
F1300,2021,1309,1309,0.0
F1300,2022,1942,1727,0.0
F1300,2023,1184,1007,0.0
F1300,2024,1470,1430,0.0
F1300,2025,855,690,0.0
F1300,2026,1505,1242,0.0
F1301,2021,2295,2000,0.0
F1301,2022,1981,1681,0.0
F1301,2023,2117,2106,0.0
F1301,2024,1958,1929,0.45
F1301,2025,2074,1985,0.18
F1301,2026,1836,1759,0.0
F1302,2021,423,384,0.0
F1302,2022,875,811,0.0
F1302,2023,511,478,0.0
F1302,2024,664,484,0.0
F1302,2025,477,429,0.0
F1302,2026,643,489,0.0
F1303,2021,1052,532,0.0
F1303,2022,685,317,0.0
F1303,2023,1079,588,0.0
F1303,2024,737,395,0.0
F1303,2025,647,287,0.0
F1303,2026,554,233,0.0
F1304,2021,1081,913,0.0
F1304,2022,732,454,0.55
F1304,2023,810,584,0.0
F1304,2024,870,626,0.0
F1304,2025,1066,977,0.0
F1304,2026,838,627,0.0
F1305,2021,1582,1237,0.0
F1305,2022,1290,1155,0.0
F1305,2023,1515,1515,0.0
F1305,2024,1035,928,0.0
F1305,2025,1565,1431,0.0
F1305,2026,1003,1003,0.27
F1306,2021,1704,1704,0.0
F1306,2022,3156,2489,0.0
F1306,2023,3120,2669,0.0
F1306,2024,4441,3871,0.31
F1306,2025,2128,2095,0.0
F1306,2026,3154,2964,0.0
F1307,2021,314,157,0.0
F1307,2022,421,339,0.0
F1307,2023,340,205,0.32
F1307,2024,466,253,0.0
F1307,2025,302,188,0.0
F1307,2026,469,347,0.48
F1308,2021,1382,1133,0.0
F1308,2022,1032,829,0.3
F1308,2023,1118,990,0.0
F1308,2024,964,942,0.0
F1308,2025,1575,1350,0.0
F1308,2026,1029,982,0.0
F1309,2021,1726,1326,0.0
F1309,2022,930,595,0.0
F1309,2023,1884,968,0.18
F1309,2024,939,800,0.0
F1309,2025,1340,810,0.25
F1309,2026,898,622,0.0
F1310,2021,1077,1064,0.0
F1310,2022,678,554,0.0
F1310,2023,763,680,0.54
F1310,2024,453,415,0.26
F1310,2025,727,705,0.0
F1310,2026,666,554,0.0
F1311,2021,926,751,0.0
F1311,2022,922,659,0.27
F1311,2023,747,634,0.0
F1311,2024,828,668,0.0
F1311,2025,689,574,0.4
F1311,2026,626,473,0.0
F1312,2021,691,508,0.0
F1312,2022,383,285,0.0
F1312,2023,625,391,0.0
F1312,2024,466,339,0.0
F1312,2025,522,369,0.0
F1312,2026,365,257,0.0
F1313,2021,983,721,0.0
F1313,2022,603,504,0.0
F1313,2023,841,578,0.0
F1313,2024,488,372,0.38
F1313,2025,668,460,0.0
F1313,2026,552,397,0.0
F1314,2021,361,342,0.0
F1314,2022,428,428,0.0
F1314,2023,399,359,0.0
F1314,2024,375,335,0.0
F1314,2025,390,365,0.0
F1314,2026,378,332,0.0
F1315,2021,537,448,0.0
F1315,2022,702,590,0.0
F1315,2023,510,430,0.0
F1315,2024,842,579,0.0
F1315,2025,373,256,0.0
F1315,2026,695,671,0.0
F1316,2021,1633,1017,0.0
F1316,2022,2018,1314,0.0
F1316,2023,1255,822,0.0
F1316,2024,2634,1595,0.0
F1316,2025,1571,843,0.0
F1316,2026,2206,1536,0.21
F1317,2021,787,684,0.0
F1317,2022,1003,871,0.37
F1317,2023,688,628,0.0
F1317,2024,1215,1184,0.0
F1317,2025,775,628,0.0
F1317,2026,1199,1097,0.0
F1318,2021,1160,695,0.0
F1318,2022,1169,984,0.0
F1318,2023,1086,704,0.0
F1318,2024,1005,591,0.0
F1318,2025,948,603,0.0
F1318,2026,924,636,0.55
F1319,2021,1277,1239,0.0
F1319,2022,1358,1073,0.0
F1319,2023,1379,1274,0.0
F1319,2024,1289,1220,0.0
F1319,2025,1580,1307,0.0
F1319,2026,1453,1143,0.0
F1320,2021,460,321,0.0
F1320,2022,602,474,0.0
F1320,2023,492,410,0.0
F1320,2024,604,418,0.0
F1320,2025,623,425,0.0
F1320,2026,652,479,0.0
F1321,2021,509,420,0.29
F1321,2022,576,426,0.0
F1321,2023,442,329,0.0
F1321,2024,649,478,0.36
F1321,2025,253,170,0.0
F1321,2026,670,396,0.0
F1322,2021,249,233,0.0
F1322,2022,254,186,0.0
F1322,2023,230,187,0.0
F1322,2024,261,198,0.5
F1322,2025,199,176,0.32
F1322,2026,180,169,0.0
F1323,2021,277,148,0.0
F1323,2022,301,142,0.0
F1323,2023,353,181,0.0
F1323,2024,271,92,0.0
F1323,2025,351,154,0.0
F1323,2026,255,58,0.0
F1324,2021,1101,805,0.0
F1324,2022,581,346,0.0
F1324,2023,1138,864,0.0
F1324,2024,684,490,0.0
F1324,2025,816,524,0.0
F1324,2026,634,413,0.0
F1325,2021,518,430,0.0
F1325,2022,565,437,0.0
F1325,2023,413,290,0.0
F1325,2024,485,363,0.45
F1325,2025,387,282,0.0
F1325,2026,430,352,0.0
F1326,2021,1571,1368,0.0
F1326,2022,2497,2104,0.0
F1326,2023,1590,1549,0.6
F1326,2024,1351,1153,0.28
F1326,2025,1561,1472,0.0
F1326,2026,1931,1750,0.55
F1327,2021,1441,631,0.0
F1327,2022,1016,573,0.0
F1327,2023,1668,796,0.0
F1327,2024,1191,677,0.0
F1327,2025,1248,669,0.0
F1327,2026,966,325,0.48
F1328,2021,789,789,0.0
F1328,2022,1133,946,0.0
F1328,2023,794,746,0.0
F1328,2024,1012,967,0.0
F1328,2025,796,719,0.0
F1328,2026,1261,1129,0.0
F1329,2021,967,906,0.0
F1329,2022,593,550,0.0
F1329,2023,950,806,0.4
F1329,2024,547,461,0.0
F1329,2025,929,797,0.0
F1329,2026,699,505,0.0
F1330,2021,1491,1400,0.0
F1330,2022,1288,1112,0.23
F1330,2023,1320,1133,0.2
F1330,2024,1693,1376,0.0
F1330,2025,1007,907,0.0
F1330,2026,1347,1228,0.0
F1331,2021,2388,2388,0.0
F1331,2022,1361,1220,0.0
F1331,2023,2024,1698,0.0
F1331,2024,1440,1382,0.0
F1331,2025,2255,1985,0.0
F1331,2026,1115,990,0.0
F1332,2021,286,286,0.0
F1332,2022,540,540,0.0
F1332,2023,426,386,0.58
F1332,2024,452,431,0.0
F1332,2025,485,457,0.47
F1332,2026,584,584,0.0
F1333,2021,2068,2029,0.0
F1333,2022,1354,1354,0.0
F1333,2023,1841,1758,0.31
F1333,2024,1146,1146,0.0
F1333,2025,1219,1137,0.0
F1333,2026,1207,1207,0.0
F1334,2021,794,353,0.0
F1334,2022,1244,666,0.0
F1334,2023,694,387,0.47
F1334,2024,806,472,0.0
F1334,2025,815,336,0.0
F1334,2026,995,492,0.0
F1335,2021,355,273,0.35
F1335,2022,442,338,0.48
F1335,2023,261,225,0.43
F1335,2024,359,288,0.0
F1335,2025,309,187,0.32
F1335,2026,408,324,0.0
F1336,2021,334,258,0.0
F1336,2022,299,219,0.0
F1336,2023,318,240,0.0
F1336,2024,455,382,0.0
F1336,2025,300,190,0.0
F1336,2026,291,188,0.0
F1337,2021,130,35,0.25
F1337,2022,214,49,0.0
F1337,2023,211,81,0.21
F1337,2024,347,79,0.37
F1337,2025,213,70,0.31
F1337,2026,287,89,0.0
F1338,2021,2168,1935,0.0
F1338,2022,1672,1538,0.0
F1338,2023,1976,1390,0.0
F1338,2024,1542,1262,0.0
F1338,2025,2043,1668,0.0
F1338,2026,1800,1708,0.0
F1339,2021,1463,1434,0.0
F1339,2022,1123,938,0.0
F1339,2023,1406,1406,0.0
F1339,2024,933,893,0.0
F1339,2025,1008,810,0.0
F1339,2026,844,745,0.0
F1340,2021,1296,1212,0.16
F1340,2022,932,932,0.0
F1340,2023,1365,1181,0.0
F1340,2024,1191,1084,0.0
F1340,2025,1318,1020,0.0
F1340,2026,948,859,0.0
F1341,2021,2768,1616,0.0
F1341,2022,1875,1247,0.0
F1341,2023,2224,1268,0.0
F1341,2024,1944,940,0.0
F1341,2025,2533,1307,0.35
F1341,2026,1549,1049,0.0
F1342,2021,1983,1652,0.0
F1342,2022,2138,1934,0.0
F1342,2023,2380,2380,0.0
F1342,2024,2989,2846,0.51
F1342,2025,1193,1167,0.0
F1342,2026,1969,1969,0.0
F1343,2021,876,668,0.0
F1343,2022,572,475,0.0
F1343,2023,773,615,0.0
F1343,2024,694,590,0.0
F1343,2025,890,685,0.0
F1343,2026,620,552,0.0
F1344,2021,433,341,0.0
F1344,2022,397,295,0.0
F1344,2023,304,211,0.19
F1344,2024,362,298,0.48
F1344,2025,241,200,0.26
F1344,2026,325,260,0.0
F1345,2021,1793,1020,0.0
F1345,2022,1379,833,0.0
F1345,2023,1666,908,0.3
F1345,2024,1494,785,0.0
F1345,2025,1117,579,0.0
F1345,2026,1528,848,0.0
F1346,2021,1099,958,0.53
F1346,2022,839,627,0.0
F1346,2023,1106,904,0.0
F1346,2024,1284,1230,0.48
F1346,2025,904,780,0.0
F1346,2026,988,957,0.0
F1347,2021,722,338,0.58
F1347,2022,335,195,0.0
F1347,2023,899,548,0.0
F1347,2024,442,194,0.0
F1347,2025,790,427,0.52
F1347,2026,372,172,0.0
F1348,2021,1386,961,0.0
F1348,2022,726,592,0.34
F1348,2023,971,739,0.57
F1348,2024,597,430,0.0
F1348,2025,993,719,0.0
F1348,2026,636,470,0.0
F1349,2021,380,216,0.0
F1349,2022,300,199,0.32
F1349,2023,226,139,0.0
F1349,2024,336,249,0.0
F1349,2025,309,210,0.23
F1349,2026,223,122,0.47
F1350,2021,803,623,0.39
F1350,2022,317,210,0.0
F1350,2023,852,661,0.47
F1350,2024,307,166,0.0
F1350,2025,836,678,0.0
F1350,2026,498,404,0.0
F1351,2021,328,227,0.0
F1351,2022,172,104,0.0
F1351,2023,334,243,0.0
F1351,2024,179,142,0.0
F1351,2025,218,170,0.0
F1351,2026,172,126,0.0
F1352,2021,245,218,0.15
F1352,2022,183,164,0.0
F1352,2023,204,194,0.44
F1352,2024,185,166,0.36
F1352,2025,170,170,0.0
F1352,2026,215,212,0.0
F1353,2021,768,500,0.15
F1353,2022,659,299,0.0
F1353,2023,905,555,0.0
F1353,2024,811,482,0.33
F1353,2025,647,410,0.0
F1353,2026,721,418,0.0
F1354,2021,1089,1089,0.0
F1354,2022,655,503,0.54
F1354,2023,614,600,0.0
F1354,2024,876,866,0.0
F1354,2025,685,609,0.0
F1354,2026,471,377,0.27
F1355,2021,540,275,0.0
F1355,2022,403,165,0.0
F1355,2023,490,206,0.39
F1355,2024,292,125,0.0
F1355,2025,569,271,0.0
F1355,2026,309,139,0.0
F1356,2021,618,417,0.0
F1356,2022,442,348,0.0
F1356,2023,519,514,0.3
F1356,2024,247,174,0.0
F1356,2025,592,526,0.0
F1356,2026,377,295,0.0
F1357,2021,548,379,0.0
F1357,2022,278,136,0.0
F1357,2023,502,293,0.26
F1357,2024,305,156,0.17
F1357,2025,385,162,0.0
F1357,2026,253,167,0.0
F1358,2021,537,451,0.0
F1358,2022,481,353,0.0
F1358,2023,820,577,0.0
F1358,2024,642,483,0.0
F1358,2025,812,691,0.0
F1358,2026,435,335,0.0
F1359,2021,1347,1247,0.0
F1359,2022,1001,777,0.56
F1359,2023,817,658,0.37
F1359,2024,855,638,0.23
F1359,2025,968,801,0.0
F1359,2026,1003,953,0.0
F1360,2021,121,105,0.0
F1360,2022,172,142,0.0
F1360,2023,138,100,0.22
F1360,2024,136,122,0.41
F1360,2025,79,61,0.0
F1360,2026,132,117,0.0
F1361,2021,1894,1510,0.0
F1361,2022,1044,786,0.0
F1361,2023,1992,1602,0.0
F1361,2024,1261,1000,0.0
F1361,2025,1811,1390,0.29
F1361,2026,887,666,0.0
F1362,2021,306,197,0.35
F1362,2022,221,143,0.0
F1362,2023,368,223,0.0
F1362,2024,244,187,0.0
F1362,2025,311,194,0.0
F1362,2026,282,185,0.0
F1363,2021,5324,4502,0.0
F1363,2022,5808,4609,0.0
F1363,2023,5266,2690,0.0
F1363,2024,4950,3193,0.0
F1363,2025,3686,2245,0.0
F1363,2026,3560,1998,0.0
F1364,2021,4566,3532,0.16
F1364,2022,2542,2023,0.0
F1364,2023,3835,2544,0.0
F1364,2024,3271,2944,0.0
F1364,2025,4587,3596,0.0
F1364,2026,2482,1883,0.0
F1365,2021,700,609,0.0
F1365,2022,660,660,0.0
F1365,2023,726,726,0.0
F1365,2024,691,691,0.0
F1365,2025,828,823,0.0
F1365,2026,793,691,0.0
F1366,2021,504,504,0.0
F1366,2022,296,268,0.58
F1366,2023,310,295,0.0
F1366,2024,483,446,0.0
F1366,2025,310,243,0.0
F1366,2026,320,279,0.16
F1367,2021,564,564,0.0
F1367,2022,650,592,0.0
F1367,2023,554,524,0.0
F1367,2024,823,823,0.0
F1367,2025,527,432,0.27
F1367,2026,482,482,0.0
F1368,2021,1965,1052,0.0
F1368,2022,2174,965,0.43
F1368,2023,1338,696,0.22
F1368,2024,2057,1300,0.0
F1368,2025,1912,1105,0.39
F1368,2026,1682,984,0.36
F1369,2021,1777,1065,0.0
F1369,2022,1593,1012,0.58
F1369,2023,1419,815,0.0
F1369,2024,2474,1353,0.0
F1369,2025,1344,862,0.0
F1369,2026,1657,989,0.0
F1370,2021,926,514,0.0
F1370,2022,651,481,0.0
F1370,2023,826,560,0.0
F1370,2024,725,557,0.0
F1370,2025,1064,638,0.28
F1370,2026,554,367,0.0
F1371,2021,594,594,0.0
F1371,2022,531,531,0.23
F1371,2023,498,468,0.0
F1371,2024,444,444,0.0
F1371,2025,550,475,0.0
F1371,2026,552,530,0.31
F1372,2021,1627,1068,0.0
F1372,2022,1121,727,0.0
F1372,2023,1488,885,0.59
F1372,2024,1006,771,0.0
F1372,2025,1307,927,0.0
F1372,2026,1044,951,0.0
F1373,2021,266,247,0.0
F1373,2022,224,187,0.0
F1373,2023,224,187,0.0
F1373,2024,366,298,0.0
F1373,2025,274,235,0.0
F1373,2026,283,222,0.0
F1374,2021,892,726,0.44
F1374,2022,1176,1111,0.0
F1374,2023,983,821,0.0
F1374,2024,1289,1191,0.0
F1374,2025,946,806,0.0
F1374,2026,1384,1299,0.0
F1375,2021,907,673,0.0
F1375,2022,615,510,0.0
F1375,2023,884,655,0.0
F1375,2024,525,399,0.24
F1375,2025,594,457,0.0
F1375,2026,507,405,0.0
F1376,2021,528,503,0.0
F1376,2022,427,354,0.0
F1376,2023,498,458,0.0
F1376,2024,546,399,0.0
F1376,2025,463,436,0.0
F1376,2026,619,548,0.0
F1377,2021,1116,819,0.0
F1377,2022,1634,1256,0.0
F1377,2023,1245,991,0.0
F1377,2024,1475,1173,0.0
F1377,2025,1145,959,0.0
F1377,2026,1567,909,0.0
F1378,2021,1672,1285,0.38
F1378,2022,916,535,0.0
F1378,2023,1730,1364,0.0
F1378,2024,1363,971,0.0
F1378,2025,1213,1042,0.0
F1378,2026,936,562,0.0
F1379,2021,643,605,0.0
F1379,2022,795,718,0.15
F1379,2023,492,456,0.0
F1379,2024,909,761,0.0
F1379,2025,771,697,0.0
F1379,2026,850,810,0.2
F1380,2021,1953,1288,0.0
F1380,2022,1439,1040,0.0
F1380,2023,1844,1165,0.0
F1380,2024,1350,821,0.0
F1380,2025,1685,1001,0.0
F1380,2026,1345,1020,0.0
F1381,2021,1354,932,0.0
F1381,2022,766,522,0.0
F1381,2023,1539,929,0.0
F1381,2024,867,477,0.0
F1381,2025,1115,476,0.0
F1381,2026,842,559,0.18
F1382,2021,177,156,0.0
F1382,2022,222,193,0.0
F1382,2023,154,118,0.23
F1382,2024,208,162,0.0
F1382,2025,180,159,0.0
F1382,2026,187,186,0.0
F1383,2021,1425,1153,0.0
F1383,2022,1470,1403,0.0
F1383,2023,1542,1437,0.0
F1383,2024,1147,1000,0.57
F1383,2025,840,783,0.0
F1383,2026,1322,980,0.0
F1384,2021,1396,811,0.0
F1384,2022,934,735,0.19
F1384,2023,1224,798,0.34
F1384,2024,1113,614,0.0
F1384,2025,1112,598,0.37
F1384,2026,796,456,0.0
F1385,2021,682,657,0.0
F1385,2022,593,593,0.0
F1385,2023,571,489,0.0
F1385,2024,729,706,0.0
F1385,2025,463,439,0.0
F1385,2026,639,564,0.24
F1386,2021,321,173,0.0
F1386,2022,378,155,0.6
F1386,2023,154,68,0.52
F1386,2024,289,149,0.0
F1386,2025,289,172,0.0
F1386,2026,420,223,0.0
F1387,2021,756,476,0.0
F1387,2022,545,322,0.29
F1387,2023,505,213,0.0
F1387,2024,603,398,0.0
F1387,2025,427,276,0.0
F1387,2026,489,261,0.0
F1388,2021,1173,375,0.44
F1388,2022,825,485,0.0
F1388,2023,933,506,0.0
F1388,2024,1108,538,0.0
F1388,2025,1147,470,0.0
F1388,2026,1087,647,0.0
F1389,2021,1647,1080,0.0
F1389,2022,838,520,0.0
F1389,2023,1954,1470,0.0
F1389,2024,952,598,0.0
F1389,2025,1941,1104,0.0
F1389,2026,1146,619,0.0
F1390,2021,1445,893,0.0
F1390,2022,1242,775,0.25
F1390,2023,901,562,0.0
F1390,2024,1734,1033,0.0
F1390,2025,846,399,0.0
F1390,2026,1220,714,0.0
F1391,2021,1438,1309,0.0
F1391,2022,980,858,0.2
F1391,2023,1260,1082,0.0
F1391,2024,925,750,0.0
F1391,2025,1630,1153,0.0
F1391,2026,1000,876,0.0
F1392,2021,658,185,0.0
F1392,2022,783,217,0.0
F1392,2023,715,259,0.0
F1392,2024,787,331,0.0
F1392,2025,633,232,0.55
F1392,2026,615,215,0.0
F1393,2021,776,575,0.52
F1393,2022,426,326,0.0
F1393,2023,1016,774,0.0
F1393,2024,598,469,0.0
F1393,2025,680,523,0.0
F1393,2026,466,347,0.0
F1394,2021,1094,1094,0.33
F1394,2022,1288,933,0.0
F1394,2023,1125,1116,0.0
F1394,2024,1247,1088,0.0
F1394,2025,1288,1282,0.0
F1394,2026,1145,978,0.37
F1395,2021,431,183,0.0
F1395,2022,532,200,0.0
F1395,2023,451,288,0.0
F1395,2024,466,209,0.0
F1395,2025,496,213,0.0
F1395,2026,510,295,0.0
F1396,2021,1613,1565,0.17
F1396,2022,2168,1696,0.0
F1396,2023,1641,1324,0.0
F1396,2024,2793,2420,0.0
F1396,2025,1224,1113,0.0
F1396,2026,2283,2041,0.0
F1397,2021,461,350,0.0
F1397,2022,425,337,0.0
F1397,2023,414,339,0.0
F1397,2024,461,342,0.31
F1397,2025,416,371,0.36
F1397,2026,344,285,0.0
F1398,2021,1718,1263,0.0
F1398,2022,1002,716,0.0
F1398,2023,1412,1108,0.0
F1398,2024,1063,801,0.0
F1398,2025,1263,958,0.0
F1398,2026,1054,808,0.0
F1399,2021,2748,2748,0.0
F1399,2022,1941,1941,0.0
F1399,2023,3758,3758,0.0
F1399,2024,2286,2005,0.0
F1399,2025,2156,2156,0.0
F1399,2026,1804,1594,0.41
F1400,2021,554,400,0.0
F1400,2022,855,613,0.0
F1400,2023,522,328,0.0
F1400,2024,796,491,0.0
F1400,2025,533,413,0.0
F1400,2026,707,548,0.0
F1401,2021,678,638,0.3
F1401,2022,804,680,0.0
F1401,2023,627,584,0.0
F1401,2024,777,640,0.59
F1401,2025,433,399,0.0
F1401,2026,980,944,0.0
F1402,2021,164,123,0.0
F1402,2022,253,188,0.0
F1402,2023,183,132,0.0
F1402,2024,289,244,0.0
F1402,2025,110,85,0.0
F1402,2026,188,150,0.0
F1403,2021,638,409,0.0
F1403,2022,730,594,0.0
F1403,2023,655,500,0.0
F1403,2024,664,390,0.0
F1403,2025,777,477,0.0
F1403,2026,733,478,0.0
F1404,2021,611,261,0.57
F1404,2022,235,99,0.0
F1404,2023,599,275,0.0
F1404,2024,353,177,0.16
F1404,2025,538,257,0.0
F1404,2026,395,204,0.0
F1405,2021,884,638,0.0
F1405,2022,653,497,0.5
F1405,2023,602,427,0.0
F1405,2024,761,617,0.0
F1405,2025,680,629,0.0
F1405,2026,752,561,0.0
F1406,2021,542,442,0.0
F1406,2022,622,431,0.56
F1406,2023,377,227,0.0
F1406,2024,605,499,0.45
F1406,2025,506,426,0.0
F1406,2026,741,580,0.23
F1407,2021,402,243,0.42
F1407,2022,342,176,0.0
F1407,2023,365,136,0.0
F1407,2024,397,213,0.3
F1407,2025,370,240,0.0
F1407,2026,385,274,0.0
F1408,2021,1235,1019,0.0
F1408,2022,1547,1193,0.0
F1408,2023,1312,942,0.0
F1408,2024,1591,1466,0.0
F1408,2025,913,867,0.0
F1408,2026,1139,1056,0.39
F1409,2021,2704,2166,0.26
F1409,2022,1674,1211,0.0
F1409,2023,3435,2222,0.0
F1409,2024,2126,1590,0.0
F1409,2025,2890,1378,0.0
F1409,2026,1937,1427,0.0
F1410,2021,2023,2013,0.0
F1410,2022,2423,2146,0.0
F1410,2023,2691,2493,0.0
F1410,2024,2147,1873,0.0
F1410,2025,2051,1751,0.49
F1410,2026,2281,1887,0.0
F1411,2021,1158,737,0.0
F1411,2022,694,469,0.0
F1411,2023,1517,1101,0.0
F1411,2024,853,588,0.16
F1411,2025,897,580,0.0
F1411,2026,588,376,0.0
F1412,2021,2041,1873,0.0
F1412,2022,1339,1065,0.0
F1412,2023,2019,1391,0.0
F1412,2024,1454,1370,0.0
F1412,2025,1781,1364,0.58
F1412,2026,931,691,0.0
F1413,2021,807,659,0.31
F1413,2022,625,511,0.0
F1413,2023,808,607,0.49
F1413,2024,461,304,0.0
F1413,2025,807,580,0.0
F1413,2026,946,751,0.0
F1414,2021,1030,845,0.0
F1414,2022,540,463,0.0
F1414,2023,856,684,0.0
F1414,2024,604,590,0.51
F1414,2025,670,553,0.0
F1414,2026,489,449,0.0
F1415,2021,196,87,0.0
F1415,2022,218,92,0.0
F1415,2023,162,61,0.0
F1415,2024,183,96,0.18
F1415,2025,151,65,0.0
F1415,2026,230,121,0.0
F1416,2021,254,155,0.0
F1416,2022,229,153,0.55
F1416,2023,152,87,0.0
F1416,2024,180,100,0.0
F1416,2025,200,135,0.24
F1416,2026,175,129,0.0
F1417,2021,918,548,0.0
F1417,2022,701,444,0.0
F1417,2023,1139,775,0.0
F1417,2024,653,484,0.5
F1417,2025,527,423,0.0
F1417,2026,568,449,0.0
F1418,2021,519,374,0.0
F1418,2022,575,429,0.0
F1418,2023,471,308,0.0
F1418,2024,716,435,0.0
F1418,2025,601,303,0.0
F1418,2026,568,375,0.0
F1419,2021,2464,2390,0.0
F1419,2022,1672,1672,0.49
F1419,2023,1332,1181,0.46
F1419,2024,1413,1245,0.0
F1419,2025,1972,1863,0.0
F1419,2026,2054,2054,0.46
F1420,2021,2247,903,0.0
F1420,2022,1084,362,0.0
F1420,2023,1836,779,0.0
F1420,2024,1353,705,0.0
F1420,2025,1615,649,0.0
F1420,2026,1016,449,0.0
F1421,2021,315,315,0.2
F1421,2022,242,222,0.0
F1421,2023,360,286,0.0
F1421,2024,283,244,0.0
F1421,2025,336,336,0.47
F1421,2026,150,150,0.0
F1422,2021,240,179,0.0
F1422,2022,332,332,0.0
F1422,2023,242,203,0.0
F1422,2024,377,313,0.0
F1422,2025,263,210,0.21
F1422,2026,275,223,0.0
F1423,2021,845,714,0.0
F1423,2022,663,480,0.0
F1423,2023,714,591,0.0
F1423,2024,837,731,0.16
F1423,2025,464,386,0.0
F1423,2026,695,615,0.0
F1424,2021,1313,1130,0.25
F1424,2022,977,894,0.0
F1424,2023,1009,891,0.24
F1424,2024,908,900,0.0
F1424,2025,1269,1269,0.0
F1424,2026,975,934,0.0
F1425,2021,412,290,0.0
F1425,2022,568,521,0.0
F1425,2023,427,411,0.0
F1425,2024,603,484,0.0
F1425,2025,482,401,0.0
F1425,2026,637,526,0.0
F1426,2021,271,168,0.33
F1426,2022,347,247,0.0
F1426,2023,311,238,0.0
F1426,2024,453,327,0.0
F1426,2025,223,175,0.0
F1426,2026,441,276,0.0
F1427,2021,1959,1869,0.0
F1427,2022,1439,1118,0.0
F1427,2023,2173,2002,0.0
F1427,2024,1326,1100,0.0
F1427,2025,2284,1845,0.0
F1427,2026,1325,1325,0.0
F1428,2021,551,465,0.0
F1428,2022,876,731,0.33
F1428,2023,535,416,0.0
F1428,2024,832,776,0.0
F1428,2025,470,444,0.49
F1428,2026,569,434,0.0
F1429,2021,796,711,0.0
F1429,2022,719,626,0.49
F1429,2023,498,425,0.55
F1429,2024,629,402,0.0
F1429,2025,543,336,0.37
F1429,2026,587,455,0.0
F1430,2021,3447,2268,0.0
F1430,2022,2417,1728,0.0
F1430,2023,2453,1780,0.0
F1430,2024,2119,1795,0.0
F1430,2025,2763,2547,0.0
F1430,2026,1847,1266,0.0
F1431,2021,338,308,0.0
F1431,2022,447,343,0.0
F1431,2023,365,283,0.38
F1431,2024,260,154,0.0
F1431,2025,338,243,0.0
F1431,2026,318,235,0.0
F1432,2021,359,320,0.0
F1432,2022,410,357,0.0
F1432,2023,373,298,0.0
F1432,2024,598,598,0.54
F1432,2025,188,173,0.0
F1432,2026,460,457,0.0
F1433,2021,604,555,0.0
F1433,2022,1135,962,0.0
F1433,2023,726,635,0.0
F1433,2024,1288,1154,0.0
F1433,2025,730,672,0.0
F1433,2026,1096,937,0.0
F1434,2021,91,71,0.0
F1434,2022,103,68,0.0
F1434,2023,77,53,0.28
F1434,2024,90,66,0.3
F1434,2025,74,53,0.56
F1434,2026,84,72,0.0
F1435,2021,978,717,0.0
F1435,2022,565,419,0.27
F1435,2023,889,543,0.53
F1435,2024,482,382,0.0
F1435,2025,775,617,0.0
F1435,2026,441,331,0.34
F1436,2021,1669,1625,0.0
F1436,2022,1172,950,0.0
F1436,2023,1238,1103,0.27
F1436,2024,935,861,0.0
F1436,2025,1449,1449,0.0
F1436,2026,876,875,0.0
F1437,2021,853,531,0.0
F1437,2022,546,361,0.0
F1437,2023,708,447,0.0
F1437,2024,564,363,0.0
F1437,2025,679,412,0.0
F1437,2026,549,374,0.0
F1438,2021,641,425,0.0
F1438,2022,489,390,0.0
F1438,2023,655,491,0.5
F1438,2024,441,316,0.0
F1438,2025,658,468,0.31
F1438,2026,345,240,0.0
F1439,2021,2280,2116,0.0
F1439,2022,1909,1498,0.35
F1439,2023,1853,1599,0.0
F1439,2024,2200,2053,0.0
F1439,2025,2149,1909,0.0
F1439,2026,1751,1309,0.0
F1440,2021,2807,2208,0.0
F1440,2022,2585,1977,0.0
F1440,2023,3466,2549,0.0
F1440,2024,1783,1332,0.0
F1440,2025,3077,2354,0.0
F1440,2026,2655,2305,0.16
F1441,2021,555,422,0.0
F1441,2022,444,328,0.0
F1441,2023,425,352,0.27
F1441,2024,345,217,0.29
F1441,2025,356,269,0.0
F1441,2026,353,205,0.0
F1442,2021,638,590,0.0
F1442,2022,603,546,0.0
F1442,2023,477,428,0.0
F1442,2024,643,643,0.0
F1442,2025,497,430,0.53
F1442,2026,433,425,0.0
F1443,2021,295,175,0.0
F1443,2022,316,171,0.0
F1443,2023,405,262,0.0
F1443,2024,345,220,0.0
F1443,2025,344,250,0.0
F1443,2026,349,168,0.21
F1444,2021,1243,906,0.0
F1444,2022,921,722,0.53
F1444,2023,829,704,0.0
F1444,2024,1006,837,0.3
F1444,2025,841,657,0.0
F1444,2026,841,681,0.0
F1445,2021,2942,1748,0.0
F1445,2022,3750,2121,0.0
F1445,2023,2457,1585,0.0
F1445,2024,3972,1969,0.0
F1445,2025,3230,1540,0.0
F1445,2026,3368,1713,0.0
F1446,2021,1704,1311,0.0
F1446,2022,966,966,0.0
F1446,2023,1283,980,0.0
F1446,2024,918,699,0.0
F1446,2025,1193,818,0.0
F1446,2026,700,492,0.49
F1447,2021,1645,1539,0.25
F1447,2022,1361,1222,0.0
F1447,2023,1591,1265,0.0
F1447,2024,1670,1515,0.0
F1447,2025,1272,1075,0.0
F1447,2026,1221,1147,0.0
F1448,2021,2593,2093,0.0
F1448,2022,2925,1947,0.0
F1448,2023,2254,1739,0.0
F1448,2024,3540,2146,0.0
F1448,2025,2233,1461,0.0
F1448,2026,2566,2276,0.0
F1449,2021,1140,1001,0.0
F1449,2022,929,668,0.0
F1449,2023,1216,769,0.0
F1449,2024,1023,743,0.0
F1449,2025,1116,829,0.0
F1449,2026,1059,721,0.0
F1450,2021,1741,1119,0.0
F1450,2022,1210,655,0.55
F1450,2023,1343,557,0.0
F1450,2024,1349,739,0.0
F1450,2025,1369,795,0.0
F1450,2026,1078,494,0.0
F1451,2021,467,402,0.0
F1451,2022,349,305,0.42
F1451,2023,389,340,0.0
F1451,2024,313,255,0.24
F1451,2025,522,385,0.0
F1451,2026,326,251,0.0
F1452,2021,3046,3046,0.0
F1452,2022,4712,4121,0.0
F1452,2023,3087,2736,0.0
F1452,2024,4937,4558,0.0
F1452,2025,3132,2901,0.0
F1452,2026,3833,3833,0.0
F1453,2021,1090,878,0.51
F1453,2022,447,309,0.0
F1453,2023,1170,886,0.0
F1453,2024,824,600,0.0
F1453,2025,999,998,0.0
F1453,2026,588,453,0.0
F1454,2021,356,336,0.0
F1454,2022,599,513,0.0
F1454,2023,328,281,0.37
F1454,2024,487,361,0.0
F1454,2025,357,300,0.55
F1454,2026,468,432,0.0
F1455,2021,288,204,0.0
F1455,2022,328,241,0.0
F1455,2023,348,281,0.0
F1455,2024,277,209,0.0
F1455,2025,298,252,0.0
F1455,2026,311,221,0.0
F1456,2021,354,298,0.0
F1456,2022,290,215,0.0
F1456,2023,328,252,0.0
F1456,2024,325,243,0.45
F1456,2025,183,130,0.0
F1456,2026,253,194,0.0
F1457,2021,1797,1102,0.0
F1457,2022,1366,810,0.0
F1457,2023,1673,819,0.0
F1457,2024,1378,641,0.0
F1457,2025,1800,995,0.0
F1457,2026,1254,776,0.0
F1458,2021,2844,2322,0.0
F1458,2022,2136,1933,0.0
F1458,2023,3131,2914,0.0
F1458,2024,2634,2236,0.0
F1458,2025,3001,2590,0.0
F1458,2026,2251,2055,0.0
F1459,2021,1353,1300,0.0
F1459,2022,1206,1078,0.2
F1459,2023,1180,1075,0.0
F1459,2024,1612,1389,0.0
F1459,2025,1157,1115,0.0
F1459,2026,1371,1262,0.0
F1460,2021,2011,1622,0.0
F1460,2022,1057,958,0.54
F1460,2023,1159,1046,0.0
F1460,2024,1224,1156,0.44
F1460,2025,1432,1282,0.0
F1460,2026,1225,1121,0.0
F1461,2021,667,518,0.0
F1461,2022,424,270,0.0
F1461,2023,677,421,0.34
F1461,2024,258,166,0.0
F1461,2025,674,453,0.0
F1461,2026,422,275,0.0
F1462,2021,2365,1849,0.0
F1462,2022,1622,1165,0.0
F1462,2023,2359,1925,0.0
F1462,2024,1531,1104,0.59
F1462,2025,1316,794,0.0
F1462,2026,1276,1100,0.0
F1463,2021,367,277,0.0
F1463,2022,749,661,0.0
F1463,2023,409,342,0.0
F1463,2024,710,642,0.25
F1463,2025,430,317,0.0
F1463,2026,635,524,0.0
F1464,2021,1975,1330,0.0
F1464,2022,1668,1084,0.0
F1464,2023,2625,1741,0.0
F1464,2024,1326,748,0.0
F1464,2025,2450,1633,0.0
F1464,2026,1428,963,0.6
F1465,2021,913,856,0.0
F1465,2022,533,430,0.0
F1465,2023,802,716,0.0
F1465,2024,650,497,0.0
F1465,2025,608,548,0.0
F1465,2026,352,237,0.0
F1466,2021,766,549,0.18
F1466,2022,650,404,0.0
F1466,2023,663,477,0.0
F1466,2024,961,540,0.0
F1466,2025,714,347,0.0
F1466,2026,776,646,0.0
F1467,2021,179,179,0.0
F1467,2022,298,266,0.0
F1467,2023,219,177,0.0
F1467,2024,307,273,0.0
F1467,2025,201,189,0.38
F1467,2026,204,170,0.0
F1468,2021,726,452,0.53
F1468,2022,834,459,0.27
F1468,2023,649,335,0.0
F1468,2024,1226,717,0.51
F1468,2025,437,342,0.0
F1468,2026,996,588,0.0
F1469,2021,327,104,0.55
F1469,2022,295,100,0.0
F1469,2023,306,148,0.0
F1469,2024,476,116,0.0
F1469,2025,306,146,0.0
F1469,2026,312,125,0.0
F1470,2021,776,683,0.0
F1470,2022,556,556,0.0
F1470,2023,690,579,0.0
F1470,2024,501,443,0.0
F1470,2025,713,713,0.0
F1470,2026,397,392,0.0
F1471,2021,490,354,0.0
F1471,2022,333,201,0.0
F1471,2023,532,421,0.0
F1471,2024,423,319,0.54
F1471,2025,283,214,0.0
F1471,2026,305,225,0.0
F1472,2021,1493,1170,0.0
F1472,2022,1704,1387,0.0
F1472,2023,1866,1179,0.0
F1472,2024,1978,1531,0.0
F1472,2025,1846,1344,0.0
F1472,2026,1499,1162,0.0
F1473,2021,437,437,0.0
F1473,2022,629,519,0.0
F1473,2023,399,368,0.0
F1473,2024,481,443,0.0
F1473,2025,529,323,0.46
F1473,2026,435,402,0.0
F1474,2021,1518,1070,0.0
F1474,2022,801,605,0.0
F1474,2023,1377,1252,0.0
F1474,2024,970,742,0.0
F1474,2025,889,710,0.0
F1474,2026,659,520,0.56
F1475,2021,910,536,0.0
F1475,2022,944,548,0.0
F1475,2023,690,294,0.0
F1475,2024,1112,477,0.0
F1475,2025,917,418,0.0
F1475,2026,939,507,0.0
F1476,2021,1694,1296,0.48
F1476,2022,847,766,0.0
F1476,2023,1412,1172,0.0
F1476,2024,1131,953,0.35
F1476,2025,1325,1224,0.0
F1476,2026,1343,1016,0.0
F1477,2021,888,704,0.0
F1477,2022,709,626,0.0
F1477,2023,870,733,0.29
F1477,2024,633,544,0.0
F1477,2025,660,622,0.0
F1477,2026,630,630,0.0
F1478,2021,182,108,0.0
F1478,2022,261,159,0.0
F1478,2023,185,92,0.0
F1478,2024,249,116,0.0
F1478,2025,171,138,0.0
F1478,2026,178,104,0.59
F1479,2021,1886,1869,0.0
F1479,2022,1337,1128,0.0
F1479,2023,1693,1653,0.17
F1479,2024,1035,855,0.0
F1479,2025,1599,1427,0.0
F1479,2026,1180,1097,0.41
F1480,2021,317,216,0.0
F1480,2022,503,373,0.0
F1480,2023,382,268,0.0
F1480,2024,485,364,0.0
F1480,2025,238,162,0.0
F1480,2026,387,248,0.0
F1481,2021,1043,707,0.0
F1481,2022,1571,1145,0.0
F1481,2023,1148,604,0.0
F1481,2024,1514,942,0.0
F1481,2025,1197,715,0.0
F1481,2026,1628,979,0.0
F1482,2021,1841,1557,0.0
F1482,2022,1022,750,0.0
F1482,2023,1560,1378,0.0
F1482,2024,916,799,0.0
F1482,2025,1624,1140,0.0
F1482,2026,1251,865,0.0
F1483,2021,2461,2461,0.0
F1483,2022,1492,1159,0.33
F1483,2023,2465,2465,0.34
F1483,2024,1312,1283,0.57
F1483,2025,1350,1177,0.0
F1483,2026,1465,1349,0.0
F1484,2021,495,398,0.0
F1484,2022,548,473,0.0
F1484,2023,532,454,0.0
F1484,2024,636,512,0.28
F1484,2025,399,389,0.0
F1484,2026,527,505,0.55
F1485,2021,783,374,0.0
F1485,2022,1145,537,0.0
F1485,2023,850,668,0.0
F1485,2024,1058,534,0.0
F1485,2025,765,489,0.0
F1485,2026,1058,645,0.0
F1486,2021,3069,2656,0.0
F1486,2022,1953,1696,0.0
F1486,2023,3107,2806,0.0
F1486,2024,1906,1436,0.28
F1486,2025,1900,1670,0.0
F1486,2026,1413,1272,0.48
F1487,2021,2006,1446,0.0
F1487,2022,2079,1674,0.0
F1487,2023,1678,1318,0.33
F1487,2024,1599,1299,0.16
F1487,2025,1593,1312,0.0
F1487,2026,1901,1124,0.0
F1488,2021,568,412,0.0
F1488,2022,474,424,0.0
F1488,2023,701,593,0.0
F1488,2024,407,367,0.0
F1488,2025,767,457,0.0
F1488,2026,526,489,0.46
F1489,2021,972,437,0.0
F1489,2022,699,352,0.0
F1489,2023,989,585,0.0
F1489,2024,781,323,0.18
F1489,2025,601,328,0.0
F1489,2026,563,254,0.0
F1490,2021,859,797,0.0
F1490,2022,760,683,0.0
F1490,2023,639,612,0.0
F1490,2024,739,684,0.44
F1490,2025,544,450,0.0
F1490,2026,825,750,0.0
F1491,2021,4227,3547,0.0
F1491,2022,4371,3143,0.0
F1491,2023,3186,2973,0.37
F1491,2024,2962,2082,0.0
F1491,2025,3643,2626,0.52
F1491,2026,3330,2364,0.0
F1492,2021,333,235,0.0
F1492,2022,249,186,0.0
F1492,2023,385,298,0.0
F1492,2024,323,231,0.0
F1492,2025,283,193,0.0
F1492,2026,248,145,0.0
F1493,2021,1326,705,0.0
F1493,2022,944,537,0.0
F1493,2023,1294,540,0.31
F1493,2024,771,410,0.0
F1493,2025,1543,911,0.0
F1493,2026,736,419,0.0
F1494,2021,524,384,0.0
F1494,2022,652,468,0.0
F1494,2023,575,424,0.0
F1494,2024,718,474,0.0
F1494,2025,415,267,0.56
F1494,2026,461,334,0.0
F1495,2021,829,637,0.0
F1495,2022,483,424,0.0
F1495,2023,731,502,0.55
F1495,2024,393,271,0.0
F1495,2025,697,431,0.0
F1495,2026,527,331,0.0
F1496,2021,791,627,0.0
F1496,2022,1263,1020,0.0
F1496,2023,739,669,0.0
F1496,2024,1370,1129,0.0
F1496,2025,796,763,0.0
F1496,2026,1424,1286,0.0
F1497,2021,2488,1627,0.0
F1497,2022,1456,1185,0.0
F1497,2023,2703,2012,0.0
F1497,2024,1837,1443,0.0
F1497,2025,2915,1896,0.0
F1497,2026,1791,914,0.0
F1498,2021,1657,1043,0.0
F1498,2022,1569,803,0.0
F1498,2023,2155,1473,0.0
F1498,2024,1922,926,0.0
F1498,2025,1599,883,0.0
F1498,2026,1852,1232,0.0
F1499,2021,1296,1296,0.0
F1499,2022,974,762,0.0
F1499,2023,1349,1205,0.0
F1499,2024,878,786,0.0
F1499,2025,1174,975,0.52
F1499,2026,553,505,0.0
F1500,2021,1198,817,0.0
F1500,2022,813,813,0.0
F1500,2023,1596,1546,0.0
F1500,2024,806,586,0.0
F1500,2025,1338,1206,0.0
F1500,2026,513,493,0.0
F1501,2021,732,458,0.0
F1501,2022,540,412,0.0
F1501,2023,745,564,0.0
F1501,2024,765,509,0.0
F1501,2025,541,366,0.0
F1501,2026,496,355,0.0
F1502,2021,1466,1239,0.0
F1502,2022,1220,1220,0.0
F1502,2023,1759,1486,0.0
F1502,2024,1441,1165,0.0
F1502,2025,2057,1972,0.0
F1502,2026,1041,899,0.0
F1503,2021,1012,808,0.0
F1503,2022,1149,828,0.0
F1503,2023,1163,794,0.0
F1503,2024,1521,1147,0.0
F1503,2025,926,620,0.0
F1503,2026,1324,922,0.0
F1504,2021,942,728,0.54
F1504,2022,767,570,0.0
F1504,2023,1580,1165,0.0
F1504,2024,1320,1185,0.29
F1504,2025,1126,940,0.0
F1504,2026,1086,996,0.0
F1505,2021,1057,675,0.0
F1505,2022,2132,1740,0.0
F1505,2023,1713,1245,0.18
F1505,2024,2356,1860,0.0
F1505,2025,1671,1355,0.56
F1505,2026,1933,1134,0.0
F1506,2021,1194,631,0.0
F1506,2022,529,334,0.0
F1506,2023,1161,671,0.43
F1506,2024,489,277,0.0
F1506,2025,1070,728,0.0
F1506,2026,791,364,0.0
F1507,2021,115,73,0.0
F1507,2022,146,93,0.0
F1507,2023,114,81,0.22
F1507,2024,150,112,0.0
F1507,2025,98,46,0.0
F1507,2026,122,70,0.4
F1508,2021,2810,1924,0.48
F1508,2022,1420,1298,0.0
F1508,2023,2757,1821,0.57
F1508,2024,1535,1277,0.0
F1508,2025,3169,3082,0.0
F1508,2026,2068,1657,0.0
F1509,2021,992,681,0.0
F1509,2022,1291,997,0.0
F1509,2023,762,444,0.0
F1509,2024,1292,953,0.0
F1509,2025,903,660,0.0
F1509,2026,1034,796,0.56
F1510,2021,237,173,0.29
F1510,2022,164,114,0.0
F1510,2023,244,178,0.0
F1510,2024,230,164,0.0
F1510,2025,215,166,0.0
F1510,2026,162,97,0.0
F1511,2021,950,497,0.0
F1511,2022,1179,641,0.44
F1511,2023,842,408,0.0
F1511,2024,1181,880,0.0
F1511,2025,935,605,0.0
F1511,2026,905,590,0.4
F1512,2021,803,714,0.55
F1512,2022,619,619,0.0
F1512,2023,749,749,0.0
F1512,2024,867,852,0.0
F1512,2025,899,899,0.0
F1512,2026,889,845,0.0
F1513,2021,532,463,0.0
F1513,2022,503,367,0.0
F1513,2023,510,510,0.0
F1513,2024,704,581,0.45
F1513,2025,328,275,0.0
F1513,2026,514,493,0.0
F1514,2021,1074,994,0.0
F1514,2022,618,521,0.0
F1514,2023,787,648,0.0
F1514,2024,587,479,0.3
F1514,2025,732,566,0.0
F1514,2026,497,378,0.0
F1515,2021,834,615,0.0
F1515,2022,831,577,0.0
F1515,2023,1014,784,0.0
F1515,2024,877,684,0.46
F1515,2025,617,399,0.34
F1515,2026,921,652,0.0
F1516,2021,1803,1288,0.0
F1516,2022,1158,912,0.0
F1516,2023,1731,1358,0.0
F1516,2024,1264,891,0.41
F1516,2025,1191,830,0.0
F1516,2026,1200,741,0.0
F1517,2021,2504,2238,0.0
F1517,2022,2998,2714,0.0
F1517,2023,3610,2399,0.0
F1517,2024,2989,2458,0.0
F1517,2025,3338,3296,0.0
F1517,2026,2621,2474,0.0
F1518,2021,1079,547,0.0
F1518,2022,1161,624,0.0
F1518,2023,1023,404,0.26
F1518,2024,1200,597,0.0
F1518,2025,1047,423,0.0
F1518,2026,1479,862,0.0
F1519,2021,355,287,0.52
F1519,2022,284,209,0.0
F1519,2023,350,263,0.0
F1519,2024,497,290,0.0
F1519,2025,253,166,0.0
F1519,2026,395,278,0.0
F1520,2021,977,908,0.42
F1520,2022,1060,979,0.0
F1520,2023,1058,1058,0.3
F1520,2024,914,849,0.0
F1520,2025,1059,905,0.0
F1520,2026,938,735,0.0
F1521,2021,527,412,0.0
F1521,2022,340,294,0.0
F1521,2023,585,542,0.0
F1521,2024,338,234,0.0
F1521,2025,476,363,0.0
F1521,2026,389,373,0.0
F1522,2021,589,336,0.0
F1522,2022,614,356,0.0
F1522,2023,600,335,0.43
F1522,2024,638,321,0.36
F1522,2025,374,283,0.0
F1522,2026,614,380,0.0
F1523,2021,608,497,0.0
F1523,2022,949,881,0.0
F1523,2023,471,442,0.0
F1523,2024,923,819,0.53
F1523,2025,435,389,0.0
F1523,2026,718,649,0.5
F1524,2021,1994,1994,0.0
F1524,2022,1092,1012,0.0
F1524,2023,1718,1621,0.0
F1524,2024,1045,922,0.0
F1524,2025,1907,1841,0.0
F1524,2026,883,870,0.0
F1525,2021,3006,2021,0.0
F1525,2022,2630,1710,0.0
F1525,2023,2973,2234,0.0
F1525,2024,3558,2676,0.0
F1525,2025,1994,1629,0.37
F1525,2026,1897,1384,0.0
F1526,2021,1152,791,0.49
F1526,2022,769,625,0.0
F1526,2023,1458,896,0.0
F1526,2024,958,604,0.54
F1526,2025,1153,747,0.29
F1526,2026,846,623,0.0
F1527,2021,934,502,0.0
F1527,2022,938,678,0.0
F1527,2023,819,458,0.5
F1527,2024,504,310,0.0
F1527,2025,765,489,0.26
F1527,2026,721,562,0.0
F1528,2021,2762,1654,0.0
F1528,2022,1541,882,0.0
F1528,2023,2892,1358,0.0
F1528,2024,2092,1164,0.0
F1528,2025,2089,1351,0.0
F1528,2026,1794,906,0.0
F1529,2021,313,292,0.0
F1529,2022,375,352,0.0
F1529,2023,338,277,0.0
F1529,2024,280,277,0.0
F1529,2025,317,317,0.0
F1529,2026,300,218,0.0
F1530,2021,1745,779,0.56
F1530,2022,955,460,0.0
F1530,2023,1742,801,0.0
F1530,2024,1353,844,0.0
F1530,2025,1515,748,0.0
F1530,2026,1133,526,0.0
F1531,2021,1143,687,0.0
F1531,2022,906,392,0.0
F1531,2023,1361,659,0.0
F1531,2024,1297,778,0.0
F1531,2025,1045,781,0.4
F1531,2026,737,545,0.35
F1532,2021,1883,1398,0.0
F1532,2022,1015,674,0.0
F1532,2023,1586,1323,0.0
F1532,2024,1303,963,0.0
F1532,2025,1676,1137,0.0
F1532,2026,894,658,0.0
F1533,2021,233,180,0.0
F1533,2022,280,222,0.0
F1533,2023,160,160,0.0
F1533,2024,272,272,0.0
F1533,2025,149,117,0.55
F1533,2026,175,143,0.0
F1534,2021,1869,906,0.0
F1534,2022,1457,761,0.0
F1534,2023,1790,514,0.0
F1534,2024,1646,788,0.0
F1534,2025,1170,428,0.0
F1534,2026,1089,504,0.0
F1535,2021,704,586,0.0
F1535,2022,525,400,0.0
F1535,2023,546,442,0.0
F1535,2024,489,359,0.0
F1535,2025,611,559,0.0
F1535,2026,349,232,0.0
F1536,2021,1595,1390,0.0
F1536,2022,783,593,0.0
F1536,2023,1292,940,0.0
F1536,2024,601,431,0.0
F1536,2025,1173,955,0.0
F1536,2026,798,627,0.0
F1537,2021,711,485,0.56
F1537,2022,681,481,0.0
F1537,2023,653,405,0.36
F1537,2024,842,551,0.0
F1537,2025,544,373,0.0
F1537,2026,830,642,0.0
F1538,2021,1470,969,0.34
F1538,2022,1651,1001,0.0
F1538,2023,1508,879,0.53
F1538,2024,1486,1061,0.0
F1538,2025,1591,1023,0.0
F1538,2026,1680,674,0.0
F1539,2021,1905,1771,0.0
F1539,2022,1379,1157,0.0
F1539,2023,1338,1055,0.0
F1539,2024,1101,828,0.0
F1539,2025,1635,1240,0.35
F1539,2026,1021,714,0.0
F1540,2021,8516,6468,0.0
F1540,2022,4750,3520,0.0
F1540,2023,8765,6333,0.0
F1540,2024,5766,4138,0.0
F1540,2025,7300,3646,0.0
F1540,2026,4005,2020,0.0
F1541,2021,921,711,0.0
F1541,2022,697,488,0.0
F1541,2023,868,761,0.0
F1541,2024,818,707,0.0
F1541,2025,978,717,0.0
F1541,2026,673,489,0.0
F1542,2021,620,415,0.0
F1542,2022,484,401,0.0
F1542,2023,522,421,0.0
F1542,2024,486,377,0.0
F1542,2025,477,338,0.16
F1542,2026,411,357,0.0
F1543,2021,457,196,0.0
F1543,2022,517,264,0.0
F1543,2023,430,185,0.0
F1543,2024,640,403,0.0
F1543,2025,294,139,0.0
F1543,2026,498,247,0.28
F1544,2021,982,946,0.0
F1544,2022,1148,969,0.0
F1544,2023,826,826,0.0
F1544,2024,1446,1214,0.0
F1544,2025,705,597,0.0
F1544,2026,1127,964,0.0
F1545,2021,659,402,0.0
F1545,2022,879,598,0.0
F1545,2023,671,492,0.0
F1545,2024,681,484,0.0
F1545,2025,709,548,0.27
F1545,2026,732,628,0.0
F1546,2021,1270,1266,0.0
F1546,2022,744,617,0.0
F1546,2023,1302,1159,0.24
F1546,2024,756,577,0.0
F1546,2025,820,679,0.0
F1546,2026,603,480,0.0
F1547,2021,918,730,0.0
F1547,2022,601,502,0.0
F1547,2023,746,560,0.3
F1547,2024,535,433,0.0
F1547,2025,845,656,0.0
F1547,2026,575,400,0.0
F1548,2021,669,350,0.36
F1548,2022,292,148,0.0
F1548,2023,731,408,0.0
F1548,2024,357,231,0.0
F1548,2025,617,327,0.0
F1548,2026,440,256,0.0
F1549,2021,814,677,0.58
F1549,2022,822,784,0.0
F1549,2023,944,795,0.0
F1549,2024,1384,1382,0.0
F1549,2025,686,641,0.0
F1549,2026,1101,1070,0.0
F1550,2021,1426,1258,0.57
F1550,2022,1594,1286,0.18
F1550,2023,1213,927,0.0
F1550,2024,2131,1739,0.0
F1550,2025,1443,1165,0.29
F1550,2026,1207,1059,0.15
F1551,2021,622,595,0.2
F1551,2022,467,423,0.0
F1551,2023,622,577,0.0
F1551,2024,525,458,0.3
F1551,2025,523,374,0.0
F1551,2026,480,397,0.0
F1552,2021,1336,212,0.0
F1552,2022,1353,316,0.0
F1552,2023,1087,399,0.39
F1552,2024,1112,406,0.0
F1552,2025,701,158,0.0
F1552,2026,1067,350,0.0
F1553,2021,2813,2259,0.0
F1553,2022,3892,3248,0.0
F1553,2023,2158,1714,0.18
F1553,2024,3083,2047,0.0
F1553,2025,2723,2024,0.0
F1553,2026,3326,2822,0.0
F1554,2021,70,33,0.0
F1554,2022,83,35,0.0
F1554,2023,138,41,0.48
F1554,2024,102,40,0.0
F1554,2025,121,58,0.0
F1554,2026,130,67,0.0
F1555,2021,345,271,0.0
F1555,2022,202,156,0.0
F1555,2023,261,165,0.0
F1555,2024,229,139,0.0
F1555,2025,206,162,0.51
F1555,2026,154,111,0.0
F1556,2021,817,666,0.0
F1556,2022,866,801,0.0
F1556,2023,775,691,0.0
F1556,2024,962,818,0.0
F1556,2025,899,757,0.0
F1556,2026,939,747,0.0
F1557,2021,3034,2491,0.0
F1557,2022,1769,1769,0.0
F1557,2023,2766,2091,0.0
F1557,2024,1671,1483,0.0
F1557,2025,2375,1727,0.0
F1557,2026,2094,1920,0.0
F1558,2021,385,238,0.0
F1558,2022,299,200,0.0
F1558,2023,378,262,0.36
F1558,2024,205,106,0.0
F1558,2025,288,132,0.0
F1558,2026,250,123,0.0
F1559,2021,207,159,0.0
F1559,2022,267,178,0.0
F1559,2023,179,132,0.0
F1559,2024,229,201,0.0
F1559,2025,199,168,0.0
F1559,2026,253,200,0.0
F1560,2021,1033,848,0.0
F1560,2022,844,555,0.0
F1560,2023,1035,686,0.0
F1560,2024,813,705,0.0
F1560,2025,1063,948,0.22
F1560,2026,738,610,0.44
F1561,2021,414,371,0.0
F1561,2022,262,224,0.0
F1561,2023,399,338,0.0
F1561,2024,296,296,0.0
F1561,2025,292,249,0.0
F1561,2026,250,250,0.0
F1562,2021,4056,2871,0.0
F1562,2022,4357,2526,0.0
F1562,2023,3374,2111,0.0
F1562,2024,3660,1748,0.0
F1562,2025,3590,2508,0.0
F1562,2026,3463,2325,0.0
F1563,2021,629,629,0.27
F1563,2022,820,820,0.0
F1563,2023,689,614,0.17
F1563,2024,816,743,0.0
F1563,2025,629,602,0.47
F1563,2026,678,622,0.0
F1564,2021,4476,4153,0.0
F1564,2022,3180,3180,0.0
F1564,2023,3415,3266,0.28
F1564,2024,3418,3149,0.0
F1564,2025,2796,2553,0.0
F1564,2026,3418,3196,0.0
F1565,2021,560,309,0.0
F1565,2022,379,261,0.0
F1565,2023,534,363,0.31
F1565,2024,370,224,0.58
F1565,2025,365,275,0.0
F1565,2026,412,244,0.0
F1566,2021,835,700,0.0
F1566,2022,495,381,0.42
F1566,2023,728,589,0.0
F1566,2024,493,374,0.0
F1566,2025,833,553,0.0
F1566,2026,499,345,0.0
F1567,2021,726,543,0.0
F1567,2022,505,318,0.0
F1567,2023,756,600,0.17
F1567,2024,500,326,0.0
F1567,2025,427,286,0.0
F1567,2026,474,336,0.0
F1568,2021,1619,1515,0.0
F1568,2022,1165,1120,0.21
F1568,2023,1834,1530,0.0
F1568,2024,1240,901,0.0
F1568,2025,1925,1602,0.0
F1568,2026,1313,1121,0.0
F1569,2021,650,398,0.0
F1569,2022,401,200,0.0
F1569,2023,562,285,0.0
F1569,2024,355,152,0.0
F1569,2025,758,469,0.0
F1569,2026,314,174,0.0
F1570,2021,786,379,0.0
F1570,2022,1024,535,0.0
F1570,2023,768,512,0.0
F1570,2024,931,560,0.43
F1570,2025,461,316,0.0
F1570,2026,723,351,0.0
F1571,2021,1027,763,0.0
F1571,2022,1642,1160,0.0
F1571,2023,1019,635,0.0
F1571,2024,1734,1259,0.0
F1571,2025,1084,694,0.0
F1571,2026,1229,951,0.0
F1572,2021,888,691,0.0
F1572,2022,498,331,0.0
F1572,2023,680,499,0.33
F1572,2024,311,217,0.0
F1572,2025,725,449,0.24
F1572,2026,377,279,0.0
F1573,2021,3991,3201,0.31
F1573,2022,1664,1135,0.0
F1573,2023,3413,2525,0.0
F1573,2024,2313,1614,0.0
F1573,2025,2754,2028,0.0
F1573,2026,1846,1406,0.0
F1574,2021,4170,3378,0.0
F1574,2022,2243,1395,0.0
F1574,2023,2932,2515,0.47
F1574,2024,1991,1374,0.0
F1574,2025,3936,3006,0.0
F1574,2026,2310,1559,0.0
F1575,2021,339,205,0.0
F1575,2022,403,248,0.0
F1575,2023,354,245,0.0
F1575,2024,413,248,0.0
F1575,2025,278,164,0.0
F1575,2026,363,248,0.0
F1576,2021,1096,612,0.0
F1576,2022,643,336,0.0
F1576,2023,1104,654,0.0
F1576,2024,802,469,0.0
F1576,2025,746,334,0.46
F1576,2026,403,321,0.0
F1577,2021,488,421,0.0
F1577,2022,782,782,0.0
F1577,2023,405,360,0.0
F1577,2024,846,838,0.0
F1577,2025,406,321,0.36
F1577,2026,561,488,0.0
F1578,2021,699,579,0.0
F1578,2022,671,519,0.0
F1578,2023,729,499,0.0
F1578,2024,765,597,0.0
F1578,2025,702,506,0.0
F1578,2026,710,398,0.0
F1579,2021,2115,1451,0.0
F1579,2022,983,831,0.0
F1579,2023,1415,1049,0.0
F1579,2024,1147,1051,0.36
F1579,2025,990,769,0.0
F1579,2026,797,717,0.19
F1580,2021,672,345,0.0
F1580,2022,1051,625,0.0
F1580,2023,851,531,0.0
F1580,2024,1112,677,0.0
F1580,2025,740,465,0.0
F1580,2026,969,584,0.0
F1581,2021,2094,2079,0.0
F1581,2022,1637,1393,0.0
F1581,2023,2291,2215,0.0
F1581,2024,1199,960,0.26
F1581,2025,1754,1271,0.0
F1581,2026,1325,1264,0.22
F1582,2021,597,336,0.0
F1582,2022,735,439,0.0
F1582,2023,582,317,0.0
F1582,2024,606,383,0.0
F1582,2025,418,236,0.0
F1582,2026,618,389,0.0
F1583,2021,2635,2635,0.0
F1583,2022,2160,1944,0.0
F1583,2023,3943,3768,0.0
F1583,2024,2137,2072,0.59
F1583,2025,2289,2289,0.38
F1583,2026,1946,1716,0.0
F1584,2021,353,199,0.0
F1584,2022,627,459,0.0
F1584,2023,552,412,0.0
F1584,2024,792,489,0.0
F1584,2025,590,404,0.0
F1584,2026,782,651,0.0
F1585,2021,1292,1096,0.0
F1585,2022,942,942,0.0
F1585,2023,1258,998,0.33
F1585,2024,1116,899,0.35
F1585,2025,881,692,0.0
F1585,2026,748,582,0.51
F1586,2021,2917,1707,0.21
F1586,2022,1538,813,0.0
F1586,2023,2850,1548,0.0
F1586,2024,1698,1212,0.44
F1586,2025,2094,918,0.0
F1586,2026,1867,962,0.0
F1587,2021,206,140,0.28
F1587,2022,207,108,0.0
F1587,2023,251,160,0.0
F1587,2024,257,180,0.0
F1587,2025,182,100,0.44
F1587,2026,175,107,0.0
F1588,2021,870,642,0.0
F1588,2022,942,625,0.0
F1588,2023,763,507,0.25
F1588,2024,858,720,0.0
F1588,2025,671,439,0.0
F1588,2026,807,572,0.0
F1589,2021,497,424,0.0
F1589,2022,363,318,0.0
F1589,2023,429,372,0.0
F1589,2024,417,370,0.0
F1589,2025,481,406,0.47
F1589,2026,230,214,0.0
F1590,2021,542,492,0.0
F1590,2022,448,448,0.0
F1590,2023,587,552,0.0
F1590,2024,382,346,0.0
F1590,2025,514,442,0.0
F1590,2026,349,293,0.0
F1591,2021,271,156,0.0
F1591,2022,190,107,0.29
F1591,2023,235,124,0.21
F1591,2024,198,136,0.0
F1591,2025,192,113,0.0
F1591,2026,121,69,0.0
F1592,2021,559,265,0.0
F1592,2022,716,355,0.0
F1592,2023,483,197,0.0
F1592,2024,884,469,0.0
F1592,2025,499,228,0.58
F1592,2026,520,228,0.0
F1593,2021,2909,2827,0.0
F1593,2022,2358,1886,0.0
F1593,2023,2568,1696,0.0
F1593,2024,2303,1814,0.0
F1593,2025,3060,2235,0.0
F1593,2026,2145,1743,0.43
F1594,2021,452,452,0.55
F1594,2022,360,343,0.0
F1594,2023,496,390,0.0
F1594,2024,622,531,0.0
F1594,2025,465,397,0.0
F1594,2026,437,375,0.0
F1595,2021,714,370,0.0
F1595,2022,1221,766,0.49
F1595,2023,552,330,0.23
F1595,2024,1113,846,0.0
F1595,2025,891,602,0.0
F1595,2026,1073,613,0.0
F1596,2021,423,384,0.54
F1596,2022,461,401,0.32
F1596,2023,376,312,0.39
F1596,2024,503,411,0.0
F1596,2025,517,395,0.0
F1596,2026,804,513,0.0
F1597,2021,230,191,0.18
F1597,2022,302,225,0.0
F1597,2023,218,182,0.0
F1597,2024,313,266,0.41
F1597,2025,134,120,0.0
F1597,2026,261,240,0.0
F1598,2021,667,480,0.0
F1598,2022,732,625,0.0
F1598,2023,606,482,0.0
F1598,2024,702,487,0.0
F1598,2025,645,575,0.0
F1598,2026,708,551,0.0
F1599,2021,1333,1166,0.0
F1599,2022,1461,1217,0.0
F1599,2023,1640,1329,0.0
F1599,2024,1301,1170,0.0
F1599,2025,1810,1551,0.0
F1599,2026,1406,1325,0.0
F1600,2021,734,360,0.0
F1600,2022,963,444,0.0
F1600,2023,764,395,0.27
F1600,2024,905,469,0.58
F1600,2025,343,181,0.47
F1600,2026,670,422,0.0
F1601,2021,511,403,0.0
F1601,2022,550,292,0.0
F1601,2023,391,307,0.54
F1601,2024,394,226,0.0
F1601,2025,447,350,0.0
F1601,2026,477,378,0.0
F1602,2021,1054,816,0.57
F1602,2022,673,459,0.0
F1602,2023,1130,786,0.41
F1602,2024,626,437,0.0
F1602,2025,1252,1081,0.0
F1602,2026,978,870,0.0
F1603,2021,510,510,0.0
F1603,2022,642,642,0.16
F1603,2023,475,357,0.0
F1603,2024,657,598,0.48
F1603,2025,315,292,0.0
F1603,2026,576,564,0.0
F1604,2021,931,591,0.0
F1604,2022,1028,669,0.0
F1604,2023,928,634,0.0
F1604,2024,1145,867,0.0
F1604,2025,974,797,0.0
F1604,2026,955,580,0.0
F1605,2021,200,170,0.0
F1605,2022,212,199,0.0
F1605,2023,191,170,0.16
F1605,2024,201,180,0.0
F1605,2025,223,186,0.0
F1605,2026,264,228,0.0
F1606,2021,1211,1014,0.0
F1606,2022,1126,1031,0.0
F1606,2023,1420,1241,0.0
F1606,2024,1605,1443,0.0
F1606,2025,984,984,0.0
F1606,2026,1116,1116,0.0
F1607,2021,3232,2067,0.0
F1607,2022,3208,2729,0.5
F1607,2023,2742,1879,0.0
F1607,2024,3348,2043,0.0
F1607,2025,3527,1693,0.0
F1607,2026,2891,2147,0.57
F1608,2021,1877,1056,0.44
F1608,2022,1338,714,0.0
F1608,2023,2693,1422,0.0
F1608,2024,1612,924,0.0
F1608,2025,2148,1245,0.0
F1608,2026,1427,684,0.0
F1609,2021,1724,895,0.0
F1609,2022,1111,603,0.0
F1609,2023,1649,966,0.0
F1609,2024,1233,885,0.0
F1609,2025,1375,808,0.0
F1609,2026,832,357,0.0
F1610,2021,1104,1104,0.0
F1610,2022,838,838,0.0
F1610,2023,846,846,0.0
F1610,2024,1051,1051,0.0
F1610,2025,926,926,0.0
F1610,2026,832,741,0.0
F1611,2021,2551,2500,0.0
F1611,2022,1779,1779,0.0
F1611,2023,1865,1865,0.0
F1611,2024,1671,1363,0.0
F1611,2025,2005,1935,0.0
F1611,2026,1591,1539,0.0
F1612,2021,872,484,0.0
F1612,2022,869,476,0.0
F1612,2023,870,543,0.0
F1612,2024,772,522,0.0
F1612,2025,618,333,0.0
F1612,2026,486,429,0.0
F1613,2021,591,490,0.0
F1613,2022,722,562,0.59
F1613,2023,310,232,0.0
F1613,2024,738,590,0.0
F1613,2025,635,484,0.0
F1613,2026,638,441,0.0
F1614,2021,2023,1851,0.0
F1614,2022,1053,994,0.38
F1614,2023,1506,1335,0.6
F1614,2024,729,646,0.0
F1614,2025,2119,1805,0.0
F1614,2026,1054,884,0.2
F1615,2021,1600,1304,0.0
F1615,2022,947,649,0.0
F1615,2023,1419,896,0.59
F1615,2024,717,355,0.0
F1615,2025,1105,714,0.0
F1615,2026,871,542,0.0
F1616,2021,1284,874,0.0
F1616,2022,910,605,0.0
F1616,2023,1171,794,0.0
F1616,2024,718,355,0.0
F1616,2025,1124,726,0.0
F1616,2026,823,509,0.0
F1617,2021,1613,1436,0.39
F1617,2022,1981,1685,0.0
F1617,2023,1576,1328,0.2
F1617,2024,2087,2010,0.0
F1617,2025,1651,1517,0.0
F1617,2026,1985,1591,0.0
F1618,2021,1055,736,0.0
F1618,2022,440,314,0.0
F1618,2023,1077,713,0.0
F1618,2024,613,469,0.0
F1618,2025,643,512,0.0
F1618,2026,432,297,0.0
F1619,2021,1782,1228,0.46
F1619,2022,1132,744,0.0
F1619,2023,1714,858,0.15
F1619,2024,1197,1027,0.0
F1619,2025,2137,1679,0.0
F1619,2026,1114,643,0.0
F1620,2021,1035,901,0.0
F1620,2022,1378,961,0.0
F1620,2023,1209,906,0.0
F1620,2024,1267,1200,0.42
F1620,2025,860,606,0.0
F1620,2026,1509,1070,0.0
F1621,2021,436,333,0.0
F1621,2022,491,377,0.0
F1621,2023,424,363,0.0
F1621,2024,580,370,0.0
F1621,2025,261,188,0.0
F1621,2026,338,254,0.35
F1622,2021,1444,1021,0.0
F1622,2022,2166,2034,0.0
F1622,2023,1180,1027,0.0
F1622,2024,2082,1818,0.0
F1622,2025,1328,1328,0.0
F1622,2026,2368,2368,0.0
F1623,2021,1248,607,0.0
F1623,2022,799,376,0.0
F1623,2023,1076,646,0.0
F1623,2024,904,555,0.57
F1623,2025,832,459,0.0
F1623,2026,872,385,0.41
F1624,2021,1252,1090,0.33
F1624,2022,1245,1163,0.0
F1624,2023,1151,872,0.47
F1624,2024,1311,1021,0.0
F1624,2025,859,859,0.0
F1624,2026,1363,1139,0.0
F1625,2021,2667,2444,0.0
F1625,2022,2564,2382,0.0
F1625,2023,2518,2251,0.0
F1625,2024,3126,2726,0.0
F1625,2025,2582,2068,0.0
F1625,2026,2585,2223,0.0
F1626,2021,1008,724,0.0
F1626,2022,1595,1190,0.39
F1626,2023,740,560,0.0
F1626,2024,1433,1035,0.0
F1626,2025,886,574,0.35
F1626,2026,1129,894,0.0
F1627,2021,2473,2473,0.0
F1627,2022,1794,1721,0.0
F1627,2023,2686,2686,0.0
F1627,2024,2156,1868,0.0
F1627,2025,1917,1917,0.0
F1627,2026,1566,1566,0.0
F1628,2021,657,335,0.0
F1628,2022,497,304,0.29
F1628,2023,588,338,0.0
F1628,2024,631,338,0.0
F1628,2025,714,428,0.0
F1628,2026,507,260,0.0
F1629,2021,3545,2993,0.0
F1629,2022,1855,1652,0.0
F1629,2023,3437,2453,0.0
F1629,2024,2104,1651,0.0
F1629,2025,3372,2931,0.0
F1629,2026,1779,1594,0.0
F1630,2021,1160,978,0.0
F1630,2022,1658,1219,0.0
F1630,2023,2278,1492,0.0
F1630,2024,2073,1541,0.0
F1630,2025,2062,1571,0.0
F1630,2026,1732,1278,0.0
F1631,2021,1104,985,0.0
F1631,2022,1538,919,0.0
F1631,2023,1102,698,0.0
F1631,2024,1361,1114,0.2
F1631,2025,1001,763,0.0
F1631,2026,1145,935,0.0
F1632,2021,1589,1102,0.0
F1632,2022,1536,1111,0.0
F1632,2023,1428,920,0.17
F1632,2024,1517,954,0.0
F1632,2025,1321,1002,0.0
F1632,2026,1744,1212,0.0
F1633,2021,1752,1647,0.0
F1633,2022,1417,1169,0.0
F1633,2023,1896,1705,0.0
F1633,2024,1369,1262,0.0
F1633,2025,1600,1600,0.0
F1633,2026,1222,1044,0.0
F1634,2021,2779,2182,0.0
F1634,2022,1832,1578,0.0
F1634,2023,2753,2164,0.0
F1634,2024,1870,1391,0.0
F1634,2025,3297,2001,0.0
F1634,2026,1849,1031,0.0
F1635,2021,272,149,0.0
F1635,2022,266,173,0.55
F1635,2023,162,99,0.2
F1635,2024,203,128,0.0
F1635,2025,202,161,0.32
F1635,2026,222,167,0.0
F1636,2021,308,250,0.0
F1636,2022,449,303,0.0
F1636,2023,319,267,0.0
F1636,2024,444,335,0.0
F1636,2025,260,201,0.0
F1636,2026,297,213,0.0
F1637,2021,516,347,0.0
F1637,2022,664,525,0.0
F1637,2023,466,275,0.0
F1637,2024,894,637,0.0
F1637,2025,633,505,0.0
F1637,2026,904,654,0.0
F1638,2021,813,598,0.45
F1638,2022,651,536,0.0
F1638,2023,717,505,0.2
F1638,2024,673,556,0.0
F1638,2025,823,621,0.0
F1638,2026,848,683,0.0
F1639,2021,1114,884,0.0
F1639,2022,1304,1107,0.0
F1639,2023,1021,908,0.0
F1639,2024,1341,1098,0.0
F1639,2025,821,587,0.0
F1639,2026,1114,1019,0.0
F1640,2021,994,713,0.0
F1640,2022,689,441,0.0
F1640,2023,924,692,0.21
F1640,2024,609,336,0.16
F1640,2025,871,598,0.0
F1640,2026,561,408,0.28
F1641,2021,1322,1024,0.0
F1641,2022,1142,726,0.0
F1641,2023,1618,1279,0.0
F1641,2024,1097,660,0.0
F1641,2025,1748,1118,0.25
F1641,2026,1126,892,0.0
F1642,2021,2592,2141,0.0
F1642,2022,2709,2577,0.0
F1642,2023,3277,2769,0.0
F1642,2024,3216,2430,0.0
F1642,2025,1978,1467,0.0
F1642,2026,2202,1902,0.0
F1643,2021,1057,690,0.0
F1643,2022,912,730,0.29
F1643,2023,737,534,0.0
F1643,2024,883,584,0.0
F1643,2025,778,492,0.26
F1643,2026,596,349,0.53
F1644,2021,857,706,0.0
F1644,2022,1105,721,0.0
F1644,2023,806,516,0.0
F1644,2024,1007,639,0.26
F1644,2025,724,503,0.0
F1644,2026,1015,765,0.0
F1645,2021,474,405,0.0
F1645,2022,703,649,0.29
F1645,2023,406,324,0.0
F1645,2024,824,662,0.0
F1645,2025,350,338,0.0
F1645,2026,565,433,0.0
F1646,2021,673,599,0.0
F1646,2022,836,689,0.22
F1646,2023,591,517,0.0
F1646,2024,987,949,0.0
F1646,2025,584,506,0.34
F1646,2026,834,731,0.0
F1647,2021,1722,963,0.17
F1647,2022,1593,1099,0.0
F1647,2023,1511,970,0.49
F1647,2024,1167,463,0.4
F1647,2025,1307,969,0.0
F1647,2026,1786,972,0.0
F1648,2021,560,507,0.0
F1648,2022,501,434,0.41
F1648,2023,436,298,0.0
F1648,2024,628,503,0.0
F1648,2025,349,257,0.0
F1648,2026,520,392,0.0
F1649,2021,452,313,0.0
F1649,2022,798,587,0.0
F1649,2023,460,384,0.39
F1649,2024,688,530,0.2
F1649,2025,483,305,0.0
F1649,2026,800,620,0.0
F1650,2021,877,486,0.0
F1650,2022,622,453,0.0
F1650,2023,749,479,0.28
F1650,2024,444,293,0.0
F1650,2025,775,575,0.58
F1650,2026,333,263,0.0
F1651,2021,613,234,0.0
F1651,2022,314,82,0.0
F1651,2023,528,215,0.0
F1651,2024,423,174,0.0
F1651,2025,353,166,0.0
F1651,2026,319,116,0.0
F1652,2021,426,426,0.0
F1652,2022,566,566,0.0
F1652,2023,370,303,0.0
F1652,2024,528,514,0.0
F1652,2025,327,327,0.0
F1652,2026,345,345,0.29
F1653,2021,637,509,0.0
F1653,2022,404,323,0.25
F1653,2023,494,375,0.43
F1653,2024,435,339,0.0
F1653,2025,710,560,0.18
F1653,2026,410,238,0.49
F1654,2021,1639,1029,0.0
F1654,2022,1266,902,0.0
F1654,2023,1577,1099,0.0
F1654,2024,1530,923,0.0
F1654,2025,1151,906,0.0
F1654,2026,1090,633,0.0
F1655,2021,1011,855,0.0
F1655,2022,800,634,0.0
F1655,2023,840,671,0.0
F1655,2024,781,627,0.0
F1655,2025,963,725,0.33
F1655,2026,513,426,0.0
F1656,2021,202,154,0.0
F1656,2022,207,163,0.0
F1656,2023,163,125,0.0
F1656,2024,205,139,0.0
F1656,2025,146,136,0.0
F1656,2026,211,177,0.0
F1657,2021,3176,2834,0.0
F1657,2022,2019,1550,0.0
F1657,2023,3358,3358,0.0
F1657,2024,2458,2365,0.0
F1657,2025,2072,1393,0.0
F1657,2026,1876,1731,0.0
F1658,2021,886,557,0.0
F1658,2022,956,501,0.0
F1658,2023,828,486,0.0
F1658,2024,835,291,0.55
F1658,2025,517,222,0.39
F1658,2026,726,378,0.0
F1659,2021,800,229,0.0
F1659,2022,906,381,0.53
F1659,2023,492,196,0.0
F1659,2024,1036,435,0.0
F1659,2025,774,344,0.0
F1659,2026,1039,422,0.0
F1660,2021,919,840,0.44
F1660,2022,468,319,0.0
F1660,2023,705,681,0.42
F1660,2024,594,425,0.0
F1660,2025,549,401,0.0
F1660,2026,560,528,0.0
F1661,2021,724,517,0.0
F1661,2022,1035,698,0.0
F1661,2023,749,580,0.0
F1661,2024,1110,756,0.0
F1661,2025,814,633,0.0
F1661,2026,831,447,0.0
F1662,2021,432,407,0.0
F1662,2022,486,453,0.0
F1662,2023,405,405,0.0
F1662,2024,512,429,0.0
F1662,2025,308,308,0.52
F1662,2026,374,374,0.0
F1663,2021,531,491,0.25
F1663,2022,617,526,0.0
F1663,2023,871,816,0.0
F1663,2024,699,612,0.57
F1663,2025,415,340,0.0
F1663,2026,798,622,0.0
F1664,2021,1542,1410,0.0
F1664,2022,2061,1843,0.0
F1664,2023,1455,1302,0.0
F1664,2024,2612,2522,0.0
F1664,2025,1562,1374,0.0
F1664,2026,2249,2059,0.0
F1665,2021,590,341,0.22
F1665,2022,498,327,0.0
F1665,2023,670,410,0.0
F1665,2024,507,305,0.0
F1665,2025,574,315,0.0
F1665,2026,468,294,0.0
F1666,2021,1006,565,0.0
F1666,2022,686,274,0.52
F1666,2023,674,312,0.17
F1666,2024,1111,381,0.0
F1666,2025,681,414,0.0
F1666,2026,837,334,0.0
F1667,2021,281,202,0.0
F1667,2022,358,286,0.0
F1667,2023,182,133,0.0
F1667,2024,384,231,0.0
F1667,2025,248,163,0.0
F1667,2026,427,311,0.3
F1668,2021,594,468,0.0
F1668,2022,694,592,0.0
F1668,2023,649,549,0.0
F1668,2024,494,378,0.31
F1668,2025,499,420,0.0
F1668,2026,586,510,0.0
F1669,2021,1337,1095,0.0
F1669,2022,963,751,0.0
F1669,2023,1103,895,0.32
F1669,2024,1212,887,0.52
F1669,2025,618,560,0.0
F1669,2026,1001,907,0.0
F1670,2021,453,279,0.0
F1670,2022,432,250,0.0
F1670,2023,466,246,0.0
F1670,2024,519,308,0.0
F1670,2025,503,267,0.0
F1670,2026,438,299,0.0
F1671,2021,319,219,0.0
F1671,2022,222,137,0.0
F1671,2023,352,148,0.0
F1671,2024,208,147,0.0
F1671,2025,302,198,0.0
F1671,2026,197,127,0.0
F1672,2021,1784,1027,0.0
F1672,2022,1169,594,0.0
F1672,2023,1268,795,0.57
F1672,2024,638,357,0.0
F1672,2025,1016,525,0.0
F1672,2026,805,399,0.36
F1673,2021,851,509,0.0
F1673,2022,742,355,0.31
F1673,2023,595,347,0.0
F1673,2024,753,541,0.0
F1673,2025,1019,599,0.0
F1673,2026,778,379,0.0
F1674,2021,838,635,0.0
F1674,2022,531,438,0.0
F1674,2023,701,595,0.0
F1674,2024,630,480,0.0
F1674,2025,930,579,0.0
F1674,2026,486,367,0.29
F1675,2021,380,317,0.0
F1675,2022,591,522,0.41
F1675,2023,294,247,0.0
F1675,2024,602,437,0.0
F1675,2025,244,161,0.0
F1675,2026,413,307,0.21
F1676,2021,299,220,0.32
F1676,2022,257,149,0.0
F1676,2023,301,191,0.0
F1676,2024,323,240,0.0
F1676,2025,315,213,0.0
F1676,2026,298,217,0.0
F1677,2021,712,574,0.0
F1677,2022,790,460,0.0
F1677,2023,678,503,0.0
F1677,2024,639,495,0.0
F1677,2025,661,500,0.0
F1677,2026,732,668,0.0
F1678,2021,1075,929,0.0
F1678,2022,675,538,0.0
F1678,2023,1228,1069,0.0
F1678,2024,636,506,0.0
F1678,2025,828,661,0.0
F1678,2026,531,480,0.0
F1679,2021,458,289,0.0
F1679,2022,262,215,0.0
F1679,2023,317,253,0.0
F1679,2024,277,221,0.0
F1679,2025,431,373,0.0
F1679,2026,219,192,0.0
F1680,2021,185,90,0.0
F1680,2022,158,86,0.0
F1680,2023,197,114,0.0
F1680,2024,130,52,0.0
F1680,2025,190,112,0.0
F1680,2026,132,84,0.0
F1681,2021,1100,946,0.34
F1681,2022,743,678,0.0
F1681,2023,971,961,0.16
F1681,2024,876,767,0.0
F1681,2025,705,695,0.0
F1681,2026,847,566,0.0
F1682,2021,1571,980,0.0
F1682,2022,2546,1807,0.0
F1682,2023,1496,1087,0.0
F1682,2024,2713,1389,0.0
F1682,2025,1661,1007,0.0
F1682,2026,2356,1405,0.0
F1683,2021,771,740,0.0
F1683,2022,367,365,0.0
F1683,2023,738,666,0.0
F1683,2024,401,341,0.0
F1683,2025,642,527,0.56
F1683,2026,229,224,0.0
F1684,2021,3878,3391,0.0
F1684,2022,2462,1851,0.0
F1684,2023,3995,3338,0.0
F1684,2024,2676,1716,0.56
F1684,2025,1580,1254,0.22
F1684,2026,1500,1147,0.0
F1685,2021,819,677,0.0
F1685,2022,1129,840,0.16
F1685,2023,707,480,0.29
F1685,2024,949,741,0.0
F1685,2025,933,618,0.0
F1685,2026,1011,730,0.0
F1686,2021,4019,2624,0.0
F1686,2022,1978,1491,0.0
F1686,2023,3998,2488,0.28
F1686,2024,1869,1372,0.0
F1686,2025,3559,2564,0.0
F1686,2026,2361,1871,0.0
F1687,2021,208,67,0.43
F1687,2022,228,104,0.42
F1687,2023,174,100,0.0
F1687,2024,304,131,0.0
F1687,2025,204,85,0.0
F1687,2026,223,102,0.0
F1688,2021,1984,1422,0.0
F1688,2022,2896,1939,0.5
F1688,2023,1120,897,0.59
F1688,2024,2091,1493,0.0
F1688,2025,2136,1718,0.0
F1688,2026,2532,1840,0.0
F1689,2021,685,553,0.0
F1689,2022,869,706,0.0
F1689,2023,695,562,0.0
F1689,2024,811,583,0.0
F1689,2025,671,517,0.0
F1689,2026,895,735,0.0
F1690,2021,1434,492,0.0
F1690,2022,876,547,0.0
F1690,2023,1722,951,0.16
F1690,2024,954,503,0.0
F1690,2025,782,508,0.0
F1690,2026,826,333,0.0
F1691,2021,855,328,0.0
F1691,2022,612,199,0.0
F1691,2023,792,350,0.0
F1691,2024,668,380,0.0
F1691,2025,775,321,0.0
F1691,2026,714,281,0.0
F1692,2021,310,182,0.0
F1692,2022,300,178,0.0
F1692,2023,316,139,0.0
F1692,2024,348,266,0.0
F1692,2025,281,150,0.0
F1692,2026,339,236,0.0
F1693,2021,661,420,0.0
F1693,2022,714,339,0.0
F1693,2023,565,251,0.0
F1693,2024,1003,425,0.0
F1693,2025,340,169,0.0
F1693,2026,618,241,0.0
F1694,2021,802,674,0.0
F1694,2022,478,381,0.0
F1694,2023,655,598,0.0
F1694,2024,531,491,0.0
F1694,2025,762,610,0.0
F1694,2026,443,271,0.0
F1695,2021,955,875,0.0
F1695,2022,1242,1184,0.41
F1695,2023,784,685,0.58
F1695,2024,853,853,0.0
F1695,2025,893,774,0.0
F1695,2026,1070,994,0.0
F1696,2021,834,644,0.25
F1696,2022,743,429,0.0
F1696,2023,776,518,0.18
F1696,2024,924,617,0.0
F1696,2025,628,362,0.16
F1696,2026,678,500,0.0
F1697,2021,982,566,0.33
F1697,2022,1153,655,0.0
F1697,2023,989,495,0.0
F1697,2024,1754,956,0.28
F1697,2025,835,546,0.33
F1697,2026,1146,682,0.0
F1698,2021,639,430,0.0
F1698,2022,422,281,0.0
F1698,2023,637,581,0.0
F1698,2024,369,209,0.29
F1698,2025,489,382,0.0
F1698,2026,417,339,0.47
F1699,2021,618,616,0.0
F1699,2022,459,459,0.0
F1699,2023,617,509,0.0
F1699,2024,530,460,0.0
F1699,2025,327,295,0.0
F1699,2026,423,362,0.0
F1700,2021,526,189,0.0
F1700,2022,759,262,0.0
F1700,2023,568,211,0.0
F1700,2024,746,310,0.22
F1700,2025,592,282,0.0
F1700,2026,812,382,0.0
F1701,2021,319,274,0.0
F1701,2022,359,206,0.0
F1701,2023,259,191,0.0
F1701,2024,357,247,0.0
F1701,2025,267,177,0.0
F1701,2026,331,239,0.0
F1702,2021,1598,1129,0.0
F1702,2022,1425,991,0.0
F1702,2023,1330,974,0.0
F1702,2024,1338,960,0.53
F1702,2025,838,541,0.0
F1702,2026,1031,792,0.0
F1703,2021,333,215,0.0
F1703,2022,499,249,0.0
F1703,2023,308,155,0.0
F1703,2024,516,381,0.15
F1703,2025,306,192,0.27
F1703,2026,417,313,0.0
F1704,2021,1154,675,0.0
F1704,2022,630,425,0.0
F1704,2023,1095,651,0.0
F1704,2024,577,366,0.35
F1704,2025,809,504,0.0
F1704,2026,682,415,0.0
F1705,2021,2739,2287,0.38
F1705,2022,2133,1653,0.0
F1705,2023,2779,2205,0.0
F1705,2024,3630,2670,0.35
F1705,2025,1710,970,0.0
F1705,2026,2624,1842,0.0
F1706,2021,804,804,0.0
F1706,2022,983,941,0.42
F1706,2023,515,447,0.0
F1706,2024,1066,1066,0.0
F1706,2025,875,799,0.0
F1706,2026,1081,1040,0.0
F1707,2021,931,585,0.39
F1707,2022,1280,869,0.0
F1707,2023,1020,557,0.0
F1707,2024,1500,922,0.0
F1707,2025,1027,743,0.0
F1707,2026,1786,1309,0.0
F1708,2021,326,325,0.28
F1708,2022,233,198,0.0
F1708,2023,386,328,0.0
F1708,2024,301,247,0.0
F1708,2025,227,190,0.0
F1708,2026,273,246,0.0
F1709,2021,3643,2453,0.0
F1709,2022,2206,1536,0.0
F1709,2023,3458,1777,0.0
F1709,2024,2091,891,0.0
F1709,2025,3266,2037,0.0
F1709,2026,2700,2107,0.0
F1710,2021,504,275,0.32
F1710,2022,534,263,0.0
F1710,2023,491,316,0.48
F1710,2024,594,380,0.0
F1710,2025,515,248,0.0
F1710,2026,638,380,0.0
F1711,2021,647,526,0.26
F1711,2022,407,313,0.0
F1711,2023,650,549,0.0
F1711,2024,508,361,0.0
F1711,2025,547,409,0.0
F1711,2026,359,312,0.0
F1712,2021,2566,1457,0.0
F1712,2022,2212,1506,0.0
F1712,2023,2654,1443,0.0
F1712,2024,1872,1161,0.0
F1712,2025,2371,1113,0.0
F1712,2026,1522,967,0.0
F1713,2021,2978,2319,0.0
F1713,2022,3869,3207,0.0
F1713,2023,3124,2526,0.0
F1713,2024,4045,2889,0.0
F1713,2025,3744,2981,0.0
F1713,2026,3881,3343,0.0
F1714,2021,3754,2454,0.0
F1714,2022,2233,1467,0.0
F1714,2023,3780,1798,0.0
F1714,2024,2523,1611,0.0
F1714,2025,2707,1968,0.0
F1714,2026,1550,1111,0.0
F1715,2021,754,641,0.0
F1715,2022,772,591,0.0
F1715,2023,697,643,0.0
F1715,2024,620,505,0.0
F1715,2025,616,440,0.0
F1715,2026,690,662,0.0
F1716,2021,847,132,0.0
F1716,2022,582,240,0.0
F1716,2023,699,239,0.0
F1716,2024,518,151,0.0
F1716,2025,630,236,0.55
F1716,2026,369,82,0.0
F1717,2021,1867,1247,0.0
F1717,2022,1189,833,0.0
F1717,2023,1758,910,0.19
F1717,2024,1088,681,0.0
F1717,2025,1330,725,0.0
F1717,2026,968,399,0.0
F1718,2021,524,330,0.0
F1718,2022,665,377,0.0
F1718,2023,348,264,0.0
F1718,2024,630,408,0.0
F1718,2025,445,270,0.0
F1718,2026,457,345,0.0
F1719,2021,595,401,0.0
F1719,2022,755,664,0.0
F1719,2023,806,685,0.0
F1719,2024,870,827,0.0
F1719,2025,768,630,0.0
F1719,2026,909,838,0.0
F1720,2021,1052,813,0.0
F1720,2022,1174,988,0.0
F1720,2023,917,776,0.0
F1720,2024,1242,1041,0.0
F1720,2025,785,642,0.0
F1720,2026,977,687,0.0
F1721,2021,435,346,0.0
F1721,2022,363,265,0.0
F1721,2023,676,428,0.54
F1721,2024,308,191,0.0
F1721,2025,747,506,0.0
F1721,2026,398,249,0.0
F1722,2021,1463,982,0.0
F1722,2022,976,667,0.0
F1722,2023,1503,899,0.25
F1722,2024,675,495,0.52
F1722,2025,919,527,0.0
F1722,2026,1175,788,0.0
F1723,2021,811,579,0.0
F1723,2022,800,543,0.0
F1723,2023,950,732,0.0
F1723,2024,900,698,0.0
F1723,2025,639,461,0.0
F1723,2026,695,501,0.46
F1724,2021,1844,1452,0.45
F1724,2022,1420,1062,0.0
F1724,2023,2074,1329,0.0
F1724,2024,1684,946,0.57
F1724,2025,1300,834,0.0
F1724,2026,1652,1105,0.25
F1725,2021,707,255,0.0
F1725,2022,734,251,0.0
F1725,2023,532,161,0.0
F1725,2024,670,278,0.42
F1725,2025,430,192,0.0
F1725,2026,877,313,0.0
F1726,2021,802,765,0.23
F1726,2022,740,612,0.0
F1726,2023,1308,1308,0.0
F1726,2024,1317,1170,0.36
F1726,2025,837,703,0.0
F1726,2026,1012,842,0.0
F1727,2021,2275,1372,0.0
F1727,2022,1659,1340,0.0
F1727,2023,2250,1626,0.0
F1727,2024,1721,1396,0.0
F1727,2025,1715,1331,0.0
F1727,2026,1526,990,0.0
F1728,2021,2129,1531,0.0
F1728,2022,2112,1780,0.0
F1728,2023,1780,1271,0.0
F1728,2024,2369,2073,0.0
F1728,2025,2581,2300,0.0
F1728,2026,2263,2194,0.37
F1729,2021,279,204,0.37
F1729,2022,237,212,0.0
F1729,2023,279,203,0.0
F1729,2024,357,296,0.0
F1729,2025,188,146,0.0
F1729,2026,292,239,0.0
F1730,2021,2850,2850,0.0
F1730,2022,3758,2687,0.51
F1730,2023,1940,1821,0.0
F1730,2024,3450,3233,0.0
F1730,2025,2825,2601,0.0
F1730,2026,3646,3227,0.0
F1731,2021,1194,1071,0.0
F1731,2022,1164,967,0.0
F1731,2023,1105,970,0.0
F1731,2024,1570,1167,0.0
F1731,2025,1387,1045,0.0
F1731,2026,1305,1234,0.0
F1732,2021,290,144,0.0
F1732,2022,502,281,0.0
F1732,2023,368,251,0.0
F1732,2024,538,445,0.44
F1732,2025,268,217,0.0
F1732,2026,471,341,0.0
F1733,2021,743,585,0.0
F1733,2022,1270,1211,0.0
F1733,2023,711,711,0.0
F1733,2024,1377,1234,0.0
F1733,2025,877,852,0.0
F1733,2026,1272,1272,0.0
F1734,2021,1631,928,0.0
F1734,2022,1611,1170,0.0
F1734,2023,1330,697,0.56
F1734,2024,1149,625,0.0
F1734,2025,1225,707,0.19
F1734,2026,1418,1006,0.0
F1735,2021,1649,1125,0.0
F1735,2022,1161,1008,0.0
F1735,2023,1787,1369,0.47
F1735,2024,850,711,0.0
F1735,2025,1261,1103,0.0
F1735,2026,958,864,0.0
F1736,2021,524,348,0.0
F1736,2022,272,156,0.0
F1736,2023,505,340,0.0
F1736,2024,291,202,0.0
F1736,2025,489,351,0.0
F1736,2026,237,160,0.48
F1737,2021,585,581,0.58
F1737,2022,350,333,0.0
F1737,2023,560,560,0.0
F1737,2024,461,413,0.0
F1737,2025,514,496,0.0
F1737,2026,371,322,0.0
F1738,2021,226,177,0.0
F1738,2022,222,138,0.0
F1738,2023,251,183,0.0
F1738,2024,293,194,0.0
F1738,2025,177,131,0.0
F1738,2026,239,200,0.0
F1739,2021,281,157,0.0
F1739,2022,220,89,0.34
F1739,2023,183,111,0.0
F1739,2024,211,99,0.35
F1739,2025,200,112,0.37
F1739,2026,139,66,0.0
F1740,2021,1352,962,0.0
F1740,2022,804,591,0.0
F1740,2023,1401,1171,0.0
F1740,2024,917,682,0.0
F1740,2025,1261,1072,0.0
F1740,2026,788,667,0.0
F1741,2021,591,560,0.0
F1741,2022,424,356,0.0
F1741,2023,660,544,0.0
F1741,2024,411,362,0.0
F1741,2025,341,267,0.0
F1741,2026,309,295,0.0
F1742,2021,502,247,0.0
F1742,2022,356,169,0.0
F1742,2023,510,310,0.0
F1742,2024,407,197,0.0
F1742,2025,553,261,0.0
F1742,2026,387,194,0.0
F1743,2021,790,790,0.0
F1743,2022,653,552,0.0
F1743,2023,875,764,0.0
F1743,2024,517,478,0.0
F1743,2025,660,594,0.0
F1743,2026,692,630,0.0
F1744,2021,1131,762,0.0
F1744,2022,1276,851,0.0
F1744,2023,974,873,0.0
F1744,2024,1657,1325,0.26
F1744,2025,602,487,0.0
F1744,2026,1256,1159,0.17
F1745,2021,210,114,0.25
F1745,2022,278,180,0.51
F1745,2023,139,76,0.0
F1745,2024,401,272,0.0
F1745,2025,259,160,0.0
F1745,2026,304,203,0.0
F1746,2021,717,537,0.18
F1746,2022,739,660,0.0
F1746,2023,599,450,0.17
F1746,2024,580,439,0.0
F1746,2025,711,595,0.0
F1746,2026,693,487,0.0
F1747,2021,2389,2389,0.0
F1747,2022,1652,1448,0.0
F1747,2023,1857,1663,0.27
F1747,2024,1415,1414,0.0
F1747,2025,1402,1394,0.0
F1747,2026,1496,1496,0.0
F1748,2021,1334,1090,0.27
F1748,2022,1164,1026,0.0
F1748,2023,1148,980,0.0
F1748,2024,1401,1065,0.3
F1748,2025,995,858,0.0
F1748,2026,1109,950,0.0
F1749,2021,1028,798,0.0
F1749,2022,659,586,0.0
F1749,2023,800,519,0.0
F1749,2024,595,455,0.0
F1749,2025,933,734,0.0
F1749,2026,652,498,0.0
F1750,2021,373,206,0.0
F1750,2022,548,330,0.0
F1750,2023,459,354,0.0
F1750,2024,595,369,0.0
F1750,2025,281,194,0.0
F1750,2026,523,384,0.0
F1751,2021,918,656,0.0
F1751,2022,1320,890,0.0
F1751,2023,1147,633,0.43
F1751,2024,911,644,0.4
F1751,2025,974,651,0.0
F1751,2026,939,503,0.51
F1752,2021,347,253,0.0
F1752,2022,463,368,0.0
F1752,2023,356,238,0.29
F1752,2024,373,275,0.0
F1752,2025,275,198,0.0
F1752,2026,347,233,0.0
F1753,2021,510,253,0.0
F1753,2022,737,525,0.57
F1753,2023,347,235,0.19
F1753,2024,783,588,0.3
F1753,2025,348,238,0.0
F1753,2026,703,596,0.0
F1754,2021,1302,854,0.0
F1754,2022,1542,1287,0.0
F1754,2023,1178,887,0.0
F1754,2024,1578,1196,0.0
F1754,2025,1582,1110,0.0
F1754,2026,1310,1009,0.0
F1755,2021,709,454,0.0
F1755,2022,755,547,0.0
F1755,2023,728,590,0.0
F1755,2024,844,667,0.0
F1755,2025,658,542,0.0
F1755,2026,815,652,0.0
F1756,2021,1954,1126,0.0
F1756,2022,1141,708,0.0
F1756,2023,1748,962,0.0
F1756,2024,1208,703,0.0
F1756,2025,1254,717,0.0
F1756,2026,1068,620,0.0
F1757,2021,660,559,0.0
F1757,2022,663,656,0.0
F1757,2023,557,499,0.35
F1757,2024,544,485,0.0
F1757,2025,545,424,0.0
F1757,2026,645,544,0.0
F1758,2021,1488,954,0.0
F1758,2022,1046,1032,0.0
F1758,2023,1280,1104,0.0
F1758,2024,1053,802,0.0
F1758,2025,1347,1107,0.0
F1758,2026,1070,908,0.42
F1759,2021,1012,794,0.0
F1759,2022,961,733,0.0
F1759,2023,1003,740,0.0
F1759,2024,1268,920,0.33
F1759,2025,573,533,0.0
F1759,2026,868,682,0.0
F1760,2021,995,776,0.0
F1760,2022,951,696,0.0
F1760,2023,905,689,0.0
F1760,2024,904,669,0.46
F1760,2025,788,708,0.0
F1760,2026,856,694,0.0
F1761,2021,1530,981,0.16
F1761,2022,1310,1013,0.0
F1761,2023,1524,1071,0.0
F1761,2024,1292,751,0.0
F1761,2025,1350,1066,0.0
F1761,2026,1371,921,0.55
F1762,2021,530,394,0.0
F1762,2022,566,350,0.41
F1762,2023,377,233,0.0
F1762,2024,654,476,0.0
F1762,2025,358,225,0.0
F1762,2026,447,357,0.0
F1763,2021,640,477,0.0
F1763,2022,900,779,0.19
F1763,2023,549,458,0.0
F1763,2024,981,913,0.0
F1763,2025,578,500,0.59
F1763,2026,660,565,0.47
F1764,2021,596,330,0.0
F1764,2022,967,496,0.0
F1764,2023,831,412,0.0
F1764,2024,862,569,0.0
F1764,2025,549,284,0.42
F1764,2026,730,434,0.0
F1765,2021,1407,1137,0.21
F1765,2022,1193,875,0.0
F1765,2023,1538,1073,0.0
F1765,2024,1309,956,0.16
F1765,2025,1167,975,0.0
F1765,2026,1187,947,0.0
F1766,2021,1170,957,0.0
F1766,2022,913,579,0.0
F1766,2023,1048,710,0.0
F1766,2024,1317,720,0.0
F1766,2025,1306,897,0.0
F1766,2026,973,583,0.0
F1767,2021,1010,820,0.0
F1767,2022,820,718,0.0
F1767,2023,1071,950,0.0
F1767,2024,723,636,0.33
F1767,2025,857,743,0.0
F1767,2026,882,647,0.41
F1768,2021,753,753,0.0
F1768,2022,437,437,0.0
F1768,2023,930,854,0.0
F1768,2024,504,463,0.17
F1768,2025,494,480,0.0
F1768,2026,526,526,0.0
F1769,2021,1967,1124,0.54
F1769,2022,1060,825,0.0
F1769,2023,1714,1255,0.0
F1769,2024,1438,1004,0.0
F1769,2025,1556,974,0.0
F1769,2026,1187,937,0.0
F1770,2021,931,664,0.0
F1770,2022,1098,893,0.0
F1770,2023,700,510,0.0
F1770,2024,1154,1027,0.0
F1770,2025,891,756,0.0
F1770,2026,1214,959,0.0
F1771,2021,1206,848,0.0
F1771,2022,708,447,0.0
F1771,2023,1233,897,0.0
F1771,2024,1010,675,0.0
F1771,2025,883,595,0.0
F1771,2026,769,551,0.0
F1772,2021,475,382,0.18
F1772,2022,403,309,0.0
F1772,2023,466,445,0.0
F1772,2024,486,482,0.0
F1772,2025,495,472,0.0
F1772,2026,443,385,0.0
F1773,2021,718,445,0.0
F1773,2022,595,413,0.0
F1773,2023,773,456,0.0
F1773,2024,688,401,0.0
F1773,2025,852,570,0.0
F1773,2026,675,466,0.0
F1774,2021,1267,1266,0.0
F1774,2022,1023,1023,0.0
F1774,2023,1458,1450,0.22
F1774,2024,1146,1073,0.0
F1774,2025,1185,1185,0.0
F1774,2026,1009,952,0.0
F1775,2021,554,554,0.57
F1775,2022,337,317,0.58
F1775,2023,338,338,0.0
F1775,2024,517,444,0.0
F1775,2025,555,421,0.0
F1775,2026,380,319,0.55
F1776,2021,702,646,0.0
F1776,2022,639,453,0.0
F1776,2023,724,724,0.0
F1776,2024,551,364,0.0
F1776,2025,637,445,0.0
F1776,2026,615,504,0.0
F1777,2021,838,670,0.0
F1777,2022,477,477,0.0
F1777,2023,809,716,0.0
F1777,2024,698,665,0.0
F1777,2025,704,492,0.0
F1777,2026,487,485,0.46
F1778,2021,794,378,0.48
F1778,2022,965,408,0.0
F1778,2023,834,462,0.0
F1778,2024,1610,881,0.0
F1778,2025,929,503,0.0
F1778,2026,1220,703,0.0
F1779,2021,1017,538,0.0
F1779,2022,1050,642,0.0
F1779,2023,1000,603,0.0
F1779,2024,970,691,0.4
F1779,2025,699,560,0.58
F1779,2026,634,451,0.0
F1780,2021,1451,983,0.0
F1780,2022,1357,1027,0.0
F1780,2023,1582,1233,0.0
F1780,2024,1576,1267,0.0
F1780,2025,1466,1316,0.0
F1780,2026,1587,1447,0.0
F1781,2021,882,542,0.2
F1781,2022,1076,554,0.0
F1781,2023,788,502,0.0
F1781,2024,1515,1042,0.0
F1781,2025,885,523,0.0
F1781,2026,1356,658,0.0
F1782,2021,773,391,0.19
F1782,2022,837,504,0.29
F1782,2023,561,450,0.36
F1782,2024,727,360,0.17
F1782,2025,591,338,0.23
F1782,2026,867,576,0.0
F1783,2021,673,503,0.0
F1783,2022,732,491,0.0
F1783,2023,717,471,0.0
F1783,2024,948,579,0.0
F1783,2025,488,381,0.0
F1783,2026,689,539,0.0
F1784,2021,2161,2161,0.0
F1784,2022,2560,2416,0.0
F1784,2023,1815,1815,0.0
F1784,2024,2347,2347,0.0
F1784,2025,1943,1864,0.0
F1784,2026,1838,1838,0.53
F1785,2021,1053,517,0.0
F1785,2022,743,413,0.0
F1785,2023,965,435,0.44
F1785,2024,590,213,0.0
F1785,2025,781,337,0.0
F1785,2026,1116,416,0.0
F1786,2021,1631,1483,0.0
F1786,2022,1236,812,0.0
F1786,2023,1450,1122,0.0
F1786,2024,1717,1355,0.0
F1786,2025,1297,1161,0.0
F1786,2026,1064,764,0.0
F1787,2021,521,389,0.35
F1787,2022,313,249,0.39
F1787,2023,303,205,0.0
F1787,2024,461,239,0.0
F1787,2025,616,385,0.23
F1787,2026,355,228,0.0
F1788,2021,2540,2454,0.0
F1788,2022,1331,993,0.0
F1788,2023,2162,1968,0.51
F1788,2024,908,829,0.0
F1788,2025,2448,2350,0.0
F1788,2026,1624,1345,0.0
F1789,2021,2080,1729,0.39
F1789,2022,2000,1626,0.0
F1789,2023,2221,2221,0.0
F1789,2024,2686,2067,0.0
F1789,2025,1619,1296,0.0
F1789,2026,2413,2073,0.26
F1790,2021,594,574,0.0
F1790,2022,559,550,0.28
F1790,2023,371,316,0.0
F1790,2024,443,436,0.43
F1790,2025,290,288,0.0
F1790,2026,366,282,0.0
F1791,2021,885,544,0.0
F1791,2022,455,305,0.0
F1791,2023,710,497,0.18
F1791,2024,448,272,0.0
F1791,2025,655,443,0.41
F1791,2026,377,208,0.0
F1792,2021,1058,685,0.0
F1792,2022,1444,994,0.0
F1792,2023,958,640,0.0
F1792,2024,1483,1130,0.0
F1792,2025,722,555,0.0
F1792,2026,1001,687,0.0
F1793,2021,383,172,0.5
F1793,2022,260,167,0.0
F1793,2023,509,271,0.0
F1793,2024,284,182,0.57
F1793,2025,314,185,0.0
F1793,2026,295,200,0.0
F1794,2021,117,95,0.0
F1794,2022,255,255,0.0
F1794,2023,229,206,0.29
F1794,2024,301,251,0.0
F1794,2025,285,279,0.41
F1794,2026,359,336,0.0
F1795,2021,307,256,0.0
F1795,2022,349,296,0.0
F1795,2023,292,230,0.0
F1795,2024,313,242,0.15
F1795,2025,165,149,0.0
F1795,2026,263,224,0.0
F1796,2021,2803,2803,0.0
F1796,2022,1780,1587,0.0
F1796,2023,1913,1686,0.0
F1796,2024,1850,1658,0.0
F1796,2025,2156,1720,0.0
F1796,2026,1692,1412,0.0
F1797,2021,266,211,0.0
F1797,2022,214,150,0.0
F1797,2023,230,137,0.0
F1797,2024,178,104,0.0
F1797,2025,221,138,0.0
F1797,2026,213,164,0.26
F1798,2021,996,809,0.0
F1798,2022,1642,1442,0.0
F1798,2023,1211,1038,0.0
F1798,2024,1913,1325,0.0
F1798,2025,946,848,0.0
F1798,2026,1517,1227,0.0
F1799,2021,800,800,0.0
F1799,2022,846,822,0.0
F1799,2023,542,444,0.47
F1799,2024,648,592,0.0
F1799,2025,610,461,0.0
F1799,2026,780,780,0.38
F1800,2021,2347,1928,0.0
F1800,2022,1813,1153,0.0
F1800,2023,2014,1592,0.42
F1800,2024,1481,1043,0.0
F1800,2025,2746,2365,0.0
F1800,2026,1923,1576,0.0
F1801,2021,447,147,0.34
F1801,2022,652,305,0.0
F1801,2023,630,229,0.0
F1801,2024,815,302,0.0
F1801,2025,340,137,0.0
F1801,2026,760,361,0.0
F1802,2021,756,756,0.0
F1802,2022,417,417,0.0
F1802,2023,639,631,0.44
F1802,2024,318,318,0.0
F1802,2025,759,713,0.19
F1802,2026,407,363,0.0
F1803,2021,971,835,0.0
F1803,2022,1113,670,0.0
F1803,2023,763,562,0.0
F1803,2024,805,439,0.0
F1803,2025,886,590,0.29
F1803,2026,739,547,0.0
F1804,2021,1749,998,0.59
F1804,2022,712,375,0.0
F1804,2023,1960,932,0.0
F1804,2024,1328,721,0.0
F1804,2025,1336,469,0.0
F1804,2026,934,407,0.0
F1805,2021,1663,842,0.0
F1805,2022,1675,1008,0.0
F1805,2023,1404,1105,0.0
F1805,2024,1662,1221,0.0
F1805,2025,1315,861,0.0
F1805,2026,1460,831,0.0
F1806,2021,1575,1443,0.0
F1806,2022,903,699,0.0
F1806,2023,1426,1160,0.0
F1806,2024,900,658,0.0
F1806,2025,1593,1201,0.42
F1806,2026,769,496,0.0
F1807,2021,1489,1083,0.0
F1807,2022,1375,938,0.0
F1807,2023,1956,829,0.0
F1807,2024,1932,1151,0.0
F1807,2025,1338,799,0.0
F1807,2026,1323,899,0.0
F1808,2021,1038,770,0.0
F1808,2022,1514,1057,0.0
F1808,2023,1158,968,0.0
F1808,2024,1779,1643,0.0
F1808,2025,968,797,0.0
F1808,2026,1219,864,0.0
F1809,2021,324,205,0.0
F1809,2022,448,304,0.0
F1809,2023,311,244,0.0
F1809,2024,437,278,0.0
F1809,2025,341,212,0.0
F1809,2026,506,349,0.0
F1810,2021,2056,1370,0.28
F1810,2022,1224,660,0.0
F1810,2023,2533,1358,0.0
F1810,2024,1536,782,0.0
F1810,2025,1435,706,0.0
F1810,2026,1088,470,0.33
F1811,2021,685,639,0.0
F1811,2022,505,425,0.0
F1811,2023,748,545,0.0
F1811,2024,483,426,0.33
F1811,2025,559,493,0.0
F1811,2026,426,386,0.21
F1812,2021,879,871,0.0
F1812,2022,610,605,0.0
F1812,2023,923,832,0.56
F1812,2024,428,425,0.0
F1812,2025,849,849,0.0
F1812,2026,629,574,0.49
F1813,2021,517,420,0.0
F1813,2022,535,382,0.0
F1813,2023,409,300,0.0
F1813,2024,670,453,0.0
F1813,2025,356,248,0.0
F1813,2026,538,431,0.0
F1814,2021,631,451,0.0
F1814,2022,578,432,0.41
F1814,2023,412,326,0.0
F1814,2024,775,593,0.0
F1814,2025,582,458,0.25
F1814,2026,683,616,0.0
F1815,2021,1682,1280,0.0
F1815,2022,1716,1413,0.0
F1815,2023,1270,897,0.0
F1815,2024,1211,711,0.17
F1815,2025,1300,1119,0.0
F1815,2026,1244,890,0.45
F1816,2021,2274,2191,0.0
F1816,2022,2054,2054,0.0
F1816,2023,2446,2446,0.0
F1816,2024,1981,1932,0.25
F1816,2025,1642,1545,0.0
F1816,2026,1784,1784,0.0
F1817,2021,636,487,0.32
F1817,2022,424,267,0.0
F1817,2023,898,736,0.0
F1817,2024,594,354,0.0
F1817,2025,834,537,0.0
F1817,2026,605,411,0.0
F1818,2021,412,377,0.0
F1818,2022,559,443,0.0
F1818,2023,419,344,0.0
F1818,2024,442,421,0.0
F1818,2025,335,317,0.0
F1818,2026,470,434,0.0
F1819,2021,1958,1741,0.0
F1819,2022,1716,1643,0.0
F1819,2023,2075,1880,0.0
F1819,2024,1976,1904,0.0
F1819,2025,1818,1750,0.0
F1819,2026,1466,1418,0.0
F1820,2021,1069,787,0.0
F1820,2022,843,704,0.0
F1820,2023,773,550,0.0
F1820,2024,812,567,0.0
F1820,2025,731,590,0.16
F1820,2026,878,702,0.0
F1821,2021,948,619,0.0
F1821,2022,1034,774,0.0
F1821,2023,704,610,0.0
F1821,2024,1218,925,0.0
F1821,2025,841,635,0.18
F1821,2026,1176,785,0.0
F1822,2021,1774,1445,0.0
F1822,2022,1561,1242,0.0
F1822,2023,1464,1285,0.46
F1822,2024,1507,1507,0.26
F1822,2025,1133,895,0.0
F1822,2026,1257,972,0.0
F1823,2021,1578,1170,0.0
F1823,2022,1185,998,0.58
F1823,2023,988,783,0.0
F1823,2024,1228,992,0.0
F1823,2025,1575,1142,0.54
F1823,2026,614,559,0.0
F1824,2021,2358,2355,0.0
F1824,2022,1290,1192,0.0
F1824,2023,2539,1799,0.22
F1824,2024,1001,922,0.0
F1824,2025,2487,2263,0.0
F1824,2026,1544,1544,0.0
F1825,2021,1578,707,0.0
F1825,2022,1066,564,0.0
F1825,2023,1893,1018,0.0
F1825,2024,1579,638,0.0
F1825,2025,1483,796,0.0
F1825,2026,1132,538,0.3
F1826,2021,801,718,0.0
F1826,2022,1090,794,0.33
F1826,2023,733,684,0.24
F1826,2024,1014,885,0.0
F1826,2025,1236,1165,0.28
F1826,2026,771,708,0.0
F1827,2021,1429,984,0.0
F1827,2022,519,380,0.24
F1827,2023,837,523,0.0
F1827,2024,534,299,0.0
F1827,2025,1190,944,0.0
F1827,2026,694,464,0.0
F1828,2021,1636,776,0.0
F1828,2022,819,319,0.0
F1828,2023,1894,619,0.0
F1828,2024,1051,593,0.0
F1828,2025,1411,876,0.0
F1828,2026,845,412,0.0
F1829,2021,800,603,0.0
F1829,2022,443,326,0.0
F1829,2023,604,415,0.0
F1829,2024,367,259,0.0
F1829,2025,711,356,0.0
F1829,2026,319,289,0.59
F1830,2021,602,419,0.0
F1830,2022,462,321,0.0
F1830,2023,692,503,0.0
F1830,2024,445,328,0.0
F1830,2025,605,488,0.0
F1830,2026,547,454,0.0
F1831,2021,310,237,0.0
F1831,2022,460,242,0.0
F1831,2023,415,268,0.47
F1831,2024,379,300,0.0
F1831,2025,273,185,0.0
F1831,2026,399,260,0.0
F1832,2021,342,307,0.0
F1832,2022,415,358,0.0
F1832,2023,292,262,0.0
F1832,2024,475,432,0.33
F1832,2025,302,218,0.0
F1832,2026,368,291,0.0
F1833,2021,1126,542,0.0
F1833,2022,685,325,0.0
F1833,2023,1184,760,0.0
F1833,2024,757,414,0.0
F1833,2025,1370,883,0.54
F1833,2026,537,322,0.21
F1834,2021,1091,900,0.0
F1834,2022,509,367,0.39
F1834,2023,757,594,0.0
F1834,2024,609,503,0.0
F1834,2025,688,598,0.0
F1834,2026,385,304,0.0
F1835,2021,1288,1273,0.0
F1835,2022,1646,1532,0.0
F1835,2023,1426,1211,0.0
F1835,2024,1599,1599,0.51
F1835,2025,1253,1253,0.0
F1835,2026,1482,1439,0.0
F1836,2021,260,174,0.0
F1836,2022,319,154,0.0
F1836,2023,382,228,0.0
F1836,2024,244,145,0.0
F1836,2025,302,196,0.17
F1836,2026,218,124,0.0
F1837,2021,253,231,0.0
F1837,2022,285,243,0.0
F1837,2023,204,159,0.0
F1837,2024,367,319,0.0
F1837,2025,127,102,0.0
F1837,2026,227,198,0.0
F1838,2021,459,363,0.0
F1838,2022,570,478,0.0
F1838,2023,379,283,0.0
F1838,2024,699,567,0.0
F1838,2025,486,444,0.0
F1838,2026,504,407,0.0
F1839,2021,754,630,0.0
F1839,2022,597,511,0.0
F1839,2023,811,745,0.0
F1839,2024,595,549,0.0
F1839,2025,792,792,0.15
F1839,2026,470,433,0.44
F1840,2021,296,196,0.26
F1840,2022,199,135,0.0
F1840,2023,298,205,0.29
F1840,2024,298,199,0.0
F1840,2025,223,157,0.0
F1840,2026,299,272,0.0
F1841,2021,1625,1353,0.0
F1841,2022,1299,1157,0.45
F1841,2023,933,933,0.44
F1841,2024,830,659,0.32
F1841,2025,1410,1190,0.0
F1841,2026,1033,866,0.0
F1842,2021,812,610,0.39
F1842,2022,563,437,0.0
F1842,2023,786,643,0.0
F1842,2024,723,473,0.0
F1842,2025,725,493,0.0
F1842,2026,770,581,0.0
F1843,2021,2868,2828,0.0
F1843,2022,3124,3124,0.0
F1843,2023,2083,1910,0.56
F1843,2024,2504,2434,0.0
F1843,2025,2306,2093,0.0
F1843,2026,2829,2829,0.0
F1844,2021,389,216,0.0
F1844,2022,208,123,0.0
F1844,2023,283,162,0.0
F1844,2024,229,136,0.0
F1844,2025,388,217,0.0
F1844,2026,232,176,0.0
F1845,2021,892,814,0.58
F1845,2022,425,359,0.0
F1845,2023,826,597,0.0
F1845,2024,684,579,0.0
F1845,2025,793,788,0.0
F1845,2026,494,471,0.0
F1846,2021,1579,1429,0.0
F1846,2022,1654,1599,0.0
F1846,2023,2027,1747,0.0
F1846,2024,1573,1451,0.0
F1846,2025,1370,1061,0.0
F1846,2026,1531,1168,0.0
F1847,2021,590,419,0.22
F1847,2022,453,350,0.36
F1847,2023,369,324,0.0
F1847,2024,444,351,0.18
F1847,2025,424,424,0.46
F1847,2026,343,330,0.0
F1848,2021,1207,1030,0.0
F1848,2022,1685,1338,0.0
F1848,2023,1056,852,0.51
F1848,2024,1020,688,0.0
F1848,2025,1588,1466,0.3
F1848,2026,1590,1251,0.0
F1849,2021,265,201,0.52
F1849,2022,178,117,0.0
F1849,2023,301,191,0.0
F1849,2024,323,282,0.0
F1849,2025,204,179,0.0
F1849,2026,210,143,0.58
F1850,2021,301,194,0.0
F1850,2022,423,278,0.0
F1850,2023,370,191,0.0
F1850,2024,378,255,0.41
F1850,2025,250,151,0.43
F1850,2026,320,197,0.0
F1851,2021,1249,884,0.0
F1851,2022,857,607,0.0
F1851,2023,1444,1221,0.0
F1851,2024,778,716,0.0
F1851,2025,1205,966,0.5
F1851,2026,639,407,0.25
F1852,2021,550,550,0.0
F1852,2022,696,673,0.0
F1852,2023,561,561,0.0
F1852,2024,902,843,0.0
F1852,2025,347,297,0.0
F1852,2026,655,500,0.0
F1853,2021,145,78,0.0
F1853,2022,209,122,0.0
F1853,2023,214,136,0.0
F1853,2024,254,140,0.0
F1853,2025,215,114,0.0
F1853,2026,221,136,0.0
F1854,2021,1373,557,0.0
F1854,2022,1048,494,0.0
F1854,2023,1547,719,0.0
F1854,2024,1354,809,0.0
F1854,2025,1598,676,0.0
F1854,2026,1516,646,0.0
F1855,2021,2074,1740,0.0
F1855,2022,1545,1185,0.0
F1855,2023,2510,2080,0.49
F1855,2024,1215,1150,0.0
F1855,2025,1364,1193,0.0
F1855,2026,1307,1162,0.0
F1856,2021,685,589,0.0
F1856,2022,976,802,0.0
F1856,2023,627,495,0.0
F1856,2024,776,614,0.0
F1856,2025,664,625,0.0
F1856,2026,777,518,0.0
F1857,2021,994,821,0.0
F1857,2022,915,673,0.0
F1857,2023,1272,755,0.0
F1857,2024,843,611,0.0
F1857,2025,996,708,0.0
F1857,2026,808,575,0.0
F1858,2021,903,439,0.0
F1858,2022,670,293,0.0
F1858,2023,1019,461,0.33
F1858,2024,708,393,0.0
F1858,2025,678,304,0.0
F1858,2026,803,440,0.0
F1859,2021,129,129,0.44
F1859,2022,147,132,0.53
F1859,2023,94,94,0.0
F1859,2024,231,206,0.0
F1859,2025,147,137,0.0
F1859,2026,142,117,0.0
F1860,2021,570,450,0.0
F1860,2022,494,488,0.36
F1860,2023,432,355,0.0
F1860,2024,543,465,0.0
F1860,2025,490,392,0.0
F1860,2026,536,370,0.0
F1861,2021,2829,1929,0.0
F1861,2022,1982,817,0.0
F1861,2023,3101,1815,0.0
F1861,2024,2664,1915,0.0
F1861,2025,2396,1312,0.0
F1861,2026,1937,954,0.0
F1862,2021,1085,1003,0.0
F1862,2022,1475,1224,0.0
F1862,2023,1431,1228,0.0
F1862,2024,1347,1096,0.0
F1862,2025,1979,1963,0.26
F1862,2026,1053,966,0.0
F1863,2021,633,517,0.0
F1863,2022,535,471,0.0
F1863,2023,864,688,0.22
F1863,2024,338,267,0.53
F1863,2025,538,384,0.0
F1863,2026,585,523,0.0
F1864,2021,1575,1039,0.22
F1864,2022,952,629,0.0
F1864,2023,1380,905,0.0
F1864,2024,1031,752,0.39
F1864,2025,894,650,0.0
F1864,2026,704,566,0.23
F1865,2021,1634,887,0.0
F1865,2022,1269,757,0.0
F1865,2023,1205,629,0.0
F1865,2024,1286,860,0.0
F1865,2025,1341,611,0.0
F1865,2026,1001,602,0.0
F1866,2021,446,303,0.0
F1866,2022,357,256,0.23
F1866,2023,355,290,0.0
F1866,2024,274,224,0.0
F1866,2025,373,286,0.0
F1866,2026,305,243,0.0
F1867,2021,854,730,0.0
F1867,2022,666,485,0.0
F1867,2023,966,717,0.0
F1867,2024,706,513,0.33
F1867,2025,471,340,0.0
F1867,2026,604,467,0.0
F1868,2021,1140,850,0.0
F1868,2022,1274,1022,0.0
F1868,2023,1119,1119,0.0
F1868,2024,1293,1133,0.26
F1868,2025,809,738,0.0
F1868,2026,1125,822,0.0
F1869,2021,474,415,0.0
F1869,2022,454,363,0.19
F1869,2023,423,403,0.0
F1869,2024,454,401,0.0
F1869,2025,435,435,0.0
F1869,2026,432,432,0.0
F1870,2021,805,572,0.0
F1870,2022,826,669,0.0
F1870,2023,661,449,0.0
F1870,2024,896,726,0.0
F1870,2025,583,523,0.0
F1870,2026,633,389,0.0
F1871,2021,538,482,0.0
F1871,2022,325,306,0.0
F1871,2023,444,361,0.0
F1871,2024,360,318,0.31
F1871,2025,378,378,0.29
F1871,2026,247,195,0.0
F1872,2021,2814,2065,0.0
F1872,2022,2498,2180,0.0
F1872,2023,2730,1820,0.28
F1872,2024,1613,1242,0.0
F1872,2025,2316,1706,0.28
F1872,2026,1878,1403,0.0
F1873,2021,365,365,0.0
F1873,2022,493,493,0.0
F1873,2023,324,324,0.26
F1873,2024,402,387,0.0
F1873,2025,315,308,0.0
F1873,2026,463,463,0.0
F1874,2021,722,722,0.0
F1874,2022,632,618,0.0
F1874,2023,791,675,0.0
F1874,2024,688,595,0.0
F1874,2025,791,743,0.0
F1874,2026,573,573,0.0
F1875,2021,302,92,0.0
F1875,2022,164,35,0.4
F1875,2023,242,59,0.0
F1875,2024,204,49,0.0
F1875,2025,360,108,0.17
F1875,2026,168,47,0.0
F1876,2021,1702,1569,0.0
F1876,2022,1045,1045,0.0
F1876,2023,1912,1817,0.0
F1876,2024,1044,872,0.42
F1876,2025,1062,948,0.0
F1876,2026,1029,1021,0.0
F1877,2021,1931,1298,0.0
F1877,2022,1814,959,0.0
F1877,2023,2053,1345,0.0
F1877,2024,1463,710,0.0
F1877,2025,2204,1123,0.0
F1877,2026,1208,788,0.29
F1878,2021,223,173,0.0
F1878,2022,352,305,0.0
F1878,2023,199,145,0.0
F1878,2024,309,225,0.0
F1878,2025,202,166,0.0
F1878,2026,311,252,0.0
F1879,2021,2491,1717,0.0
F1879,2022,1549,898,0.0
F1879,2023,2673,1746,0.0
F1879,2024,2038,1234,0.0
F1879,2025,1956,1008,0.0
F1879,2026,1215,581,0.0
F1880,2021,1310,876,0.0
F1880,2022,1357,1140,0.0
F1880,2023,1287,964,0.0
F1880,2024,1300,1149,0.27
F1880,2025,1294,1087,0.0
F1880,2026,1286,1007,0.0
F1881,2021,907,643,0.0
F1881,2022,930,471,0.0
F1881,2023,1098,695,0.0
F1881,2024,963,805,0.0
F1881,2025,962,651,0.56
F1881,2026,659,447,0.0
F1882,2021,1281,980,0.0
F1882,2022,892,876,0.0
F1882,2023,1111,1030,0.0
F1882,2024,959,925,0.51
F1882,2025,702,622,0.0
F1882,2026,726,670,0.0
F1883,2021,145,108,0.0
F1883,2022,158,141,0.0
F1883,2023,105,74,0.0
F1883,2024,150,116,0.0
F1883,2025,151,102,0.0
F1883,2026,127,84,0.31
F1884,2021,2116,1447,0.0
F1884,2022,1840,1147,0.0
F1884,2023,1936,1313,0.0
F1884,2024,1806,1224,0.0
F1884,2025,1702,1089,0.0
F1884,2026,1663,1202,0.0
F1885,2021,1094,584,0.0
F1885,2022,676,448,0.0
F1885,2023,898,553,0.43
F1885,2024,643,524,0.0
F1885,2025,861,564,0.23
F1885,2026,666,401,0.0
F1886,2021,415,348,0.26
F1886,2022,454,371,0.0
F1886,2023,419,370,0.42
F1886,2024,490,376,0.0
F1886,2025,577,522,0.0
F1886,2026,556,420,0.17
F1887,2021,887,754,0.0
F1887,2022,560,418,0.0
F1887,2023,879,671,0.57
F1887,2024,408,408,0.0
F1887,2025,1234,1234,0.0
F1887,2026,616,514,0.0
F1888,2021,2640,980,0.0
F1888,2022,2105,951,0.0
F1888,2023,2175,803,0.0
F1888,2024,2895,1465,0.0
F1888,2025,1741,842,0.0
F1888,2026,2070,871,0.0
F1889,2021,2468,2163,0.0
F1889,2022,2230,1867,0.0
F1889,2023,2384,2384,0.0
F1889,2024,2397,2397,0.0
F1889,2025,2783,2736,0.0
F1889,2026,1939,1939,0.0
F1890,2021,1360,1153,0.0
F1890,2022,1340,939,0.15
F1890,2023,1272,921,0.0
F1890,2024,1486,1442,0.0
F1890,2025,1134,1116,0.43
F1890,2026,946,878,0.0
F1891,2021,1466,545,0.0
F1891,2022,536,268,0.0
F1891,2023,1169,590,0.51
F1891,2024,506,245,0.0
F1891,2025,762,438,0.0
F1891,2026,578,286,0.0
F1892,2021,3315,1552,0.0
F1892,2022,6693,3611,0.0
F1892,2023,3441,2244,0.0
F1892,2024,6124,3058,0.0
F1892,2025,4099,1982,0.0
F1892,2026,5193,2601,0.0
F1893,2021,276,276,0.0
F1893,2022,385,360,0.0
F1893,2023,283,281,0.0
F1893,2024,308,279,0.0
F1893,2025,303,285,0.0
F1893,2026,343,330,0.0
F1894,2021,972,713,0.0
F1894,2022,863,855,0.0
F1894,2023,861,722,0.0
F1894,2024,1175,991,0.0
F1894,2025,594,553,0.0
F1894,2026,729,570,0.0
F1895,2021,3775,2651,0.0
F1895,2022,2210,1583,0.0
F1895,2023,2645,2263,0.25
F1895,2024,1711,1564,0.23
F1895,2025,2672,1667,0.0
F1895,2026,1952,1707,0.38
F1896,2021,2460,1604,0.0
F1896,2022,1440,1083,0.0
F1896,2023,2007,1583,0.0
F1896,2024,1407,1105,0.0
F1896,2025,2158,1604,0.35
F1896,2026,1269,936,0.0
F1897,2021,336,137,0.0
F1897,2022,305,120,0.0
F1897,2023,320,184,0.0
F1897,2024,326,145,0.27
F1897,2025,178,63,0.0
F1897,2026,261,140,0.0
F1898,2021,2208,1582,0.0
F1898,2022,2769,1890,0.0
F1898,2023,2205,1428,0.0
F1898,2024,2980,2320,0.0
F1898,2025,2087,1387,0.0
F1898,2026,2735,2344,0.0
F1899,2021,1351,1104,0.0
F1899,2022,853,533,0.0
F1899,2023,1333,940,0.0
F1899,2024,805,590,0.39
F1899,2025,1084,772,0.0
F1899,2026,863,714,0.0
F1900,2021,1660,1592,0.0
F1900,2022,870,652,0.0
F1900,2023,1280,955,0.0
F1900,2024,996,765,0.0
F1900,2025,1160,877,0.0
F1900,2026,922,650,0.0
F1901,2021,1313,1165,0.0
F1901,2022,1446,1332,0.0
F1901,2023,1224,1100,0.0
F1901,2024,1638,1311,0.0
F1901,2025,1217,1217,0.0
F1901,2026,1238,1123,0.0
F1902,2021,916,916,0.0
F1902,2022,653,544,0.0
F1902,2023,971,956,0.5
F1902,2024,368,287,0.0
F1902,2025,827,817,0.0
F1902,2026,640,484,0.0
F1903,2021,949,879,0.0
F1903,2022,920,907,0.0
F1903,2023,720,690,0.0
F1903,2024,1264,1077,0.0
F1903,2025,536,420,0.0
F1903,2026,872,770,0.0
F1904,2021,368,266,0.0
F1904,2022,411,301,0.0
F1904,2023,280,151,0.0
F1904,2024,446,286,0.0
F1904,2025,315,177,0.36
F1904,2026,325,202,0.0
F1905,2021,807,637,0.0
F1905,2022,549,435,0.53
F1905,2023,553,403,0.0
F1905,2024,469,421,0.0
F1905,2025,842,613,0.16
F1905,2026,591,548,0.0
F1906,2021,1050,851,0.0
F1906,2022,1031,714,0.0
F1906,2023,1252,885,0.0
F1906,2024,1086,731,0.0
F1906,2025,799,437,0.0
F1906,2026,698,454,0.0
F1907,2021,611,482,0.0
F1907,2022,1135,822,0.0
F1907,2023,755,497,0.0
F1907,2024,1060,719,0.0
F1907,2025,794,573,0.0
F1907,2026,1149,957,0.0
F1908,2021,449,447,0.0
F1908,2022,500,409,0.0
F1908,2023,462,426,0.0
F1908,2024,474,474,0.0
F1908,2025,560,541,0.0
F1908,2026,489,433,0.0
F1909,2021,1683,1141,0.35
F1909,2022,1299,1070,0.0
F1909,2023,1515,1016,0.56
F1909,2024,1940,1529,0.0
F1909,2025,1390,1189,0.0
F1909,2026,1823,1588,0.0
F1910,2021,779,343,0.0
F1910,2022,954,524,0.0
F1910,2023,630,387,0.0
F1910,2024,1090,558,0.0
F1910,2025,677,312,0.0
F1910,2026,1011,615,0.0
F1911,2021,1185,552,0.0
F1911,2022,1433,572,0.0
F1911,2023,1249,456,0.0
F1911,2024,1397,689,0.0
F1911,2025,1217,401,0.0
F1911,2026,2197,915,0.0
F1912,2021,1150,1085,0.0
F1912,2022,720,605,0.0
F1912,2023,1179,1162,0.0
F1912,2024,615,605,0.0
F1912,2025,816,800,0.0
F1912,2026,579,579,0.0
F1913,2021,2394,1387,0.0
F1913,2022,1829,1193,0.0
F1913,2023,2647,1723,0.0
F1913,2024,1889,1404,0.0
F1913,2025,2676,1811,0.0
F1913,2026,1726,1282,0.0
F1914,2021,297,97,0.46
F1914,2022,173,81,0.0
F1914,2023,267,119,0.0
F1914,2024,179,83,0.27
F1914,2025,237,115,0.44
F1914,2026,195,115,0.0
F1915,2021,2686,2686,0.0
F1915,2022,3373,3164,0.0
F1915,2023,2248,1906,0.33
F1915,2024,3387,3339,0.0
F1915,2025,2118,2118,0.0
F1915,2026,3605,3534,0.0
F1916,2021,5725,2506,0.0
F1916,2022,6048,2646,0.18
F1916,2023,4790,2219,0.0
F1916,2024,5466,3199,0.0
F1916,2025,6312,3178,0.0
F1916,2026,5950,3774,0.0
F1917,2021,1207,1014,0.0
F1917,2022,653,504,0.0
F1917,2023,1159,912,0.34
F1917,2024,457,431,0.0
F1917,2025,1250,1196,0.0
F1917,2026,736,645,0.0
F1918,2021,599,436,0.0
F1918,2022,807,528,0.0
F1918,2023,625,376,0.0
F1918,2024,970,571,0.0
F1918,2025,397,269,0.0
F1918,2026,613,272,0.0
F1919,2021,436,150,0.59
F1919,2022,458,161,0.0
F1919,2023,434,180,0.0
F1919,2024,692,209,0.0
F1919,2025,482,189,0.0
F1919,2026,527,153,0.49
F1920,2021,3170,2346,0.0
F1920,2022,3301,2835,0.0
F1920,2023,2708,2447,0.0
F1920,2024,2838,2223,0.0
F1920,2025,3231,2745,0.0
F1920,2026,2733,1884,0.0
F1921,2021,320,258,0.0
F1921,2022,396,333,0.0
F1921,2023,291,216,0.0
F1921,2024,512,392,0.0
F1921,2025,209,163,0.0
F1921,2026,347,251,0.0
F1922,2021,5352,2807,0.0
F1922,2022,3207,1786,0.56
F1922,2023,3427,2213,0.0
F1922,2024,2820,1694,0.0
F1922,2025,4439,2187,0.0
F1922,2026,2545,1712,0.27
F1923,2021,1392,1218,0.0
F1923,2022,1055,1049,0.6
F1923,2023,1086,775,0.0
F1923,2024,1078,1005,0.0
F1923,2025,1461,1250,0.0
F1923,2026,1136,946,0.45
F1924,2021,5941,3608,0.0
F1924,2022,4698,3028,0.0
F1924,2023,4861,3031,0.0
F1924,2024,6475,3409,0.0
F1924,2025,4342,2496,0.0
F1924,2026,3452,1941,0.5
F1925,2021,1556,791,0.0
F1925,2022,1158,891,0.0
F1925,2023,1447,719,0.34
F1925,2024,752,410,0.0
F1925,2025,1718,758,0.4
F1925,2026,843,552,0.0
F1926,2021,715,399,0.0
F1926,2022,540,296,0.36
F1926,2023,537,393,0.0
F1926,2024,657,310,0.0
F1926,2025,672,359,0.0
F1926,2026,664,394,0.57
F1927,2021,549,429,0.0
F1927,2022,457,427,0.0
F1927,2023,624,588,0.37
F1927,2024,367,346,0.31
F1927,2025,499,498,0.0
F1927,2026,374,350,0.57
F1928,2021,1339,1264,0.0
F1928,2022,908,908,0.0
F1928,2023,1086,1055,0.0
F1928,2024,909,844,0.0
F1928,2025,1309,1067,0.0
F1928,2026,598,598,0.17
F1929,2021,2107,1379,0.0
F1929,2022,1384,863,0.0
F1929,2023,1824,1264,0.0
F1929,2024,1570,1170,0.0
F1929,2025,2333,1714,0.0
F1929,2026,1301,740,0.0
F1930,2021,1593,1158,0.0
F1930,2022,1489,819,0.0
F1930,2023,1884,889,0.0
F1930,2024,1849,1020,0.0
F1930,2025,1133,442,0.19
F1930,2026,1230,685,0.0
F1931,2021,840,753,0.0
F1931,2022,840,699,0.52
F1931,2023,587,553,0.0
F1931,2024,1345,987,0.0
F1931,2025,998,963,0.31
F1931,2026,812,741,0.0
F1932,2021,2268,1038,0.0
F1932,2022,1763,725,0.16
F1932,2023,2051,834,0.0
F1932,2024,1498,697,0.0
F1932,2025,2332,905,0.0
F1932,2026,1877,496,0.43
F1933,2021,682,532,0.0
F1933,2022,743,585,0.0
F1933,2023,664,614,0.0
F1933,2024,750,601,0.0
F1933,2025,399,294,0.0
F1933,2026,640,516,0.0
F1934,2021,3294,2470,0.0
F1934,2022,2129,1701,0.0
F1934,2023,3085,2147,0.0
F1934,2024,2006,1410,0.29
F1934,2025,3217,2555,0.0
F1934,2026,2042,1430,0.0
F1935,2021,1532,1119,0.33
F1935,2022,1555,1190,0.0
F1935,2023,1565,1024,0.0
F1935,2024,1232,638,0.0
F1935,2025,1169,821,0.0
F1935,2026,1185,963,0.0
F1936,2021,1032,929,0.45
F1936,2022,1328,1183,0.0
F1936,2023,1377,1175,0.0
F1936,2024,1990,1288,0.0
F1936,2025,879,656,0.0
F1936,2026,1413,1117,0.0
F1937,2021,837,492,0.38
F1937,2022,740,453,0.17
F1937,2023,753,531,0.0
F1937,2024,1093,855,0.0
F1937,2025,1289,827,0.0
F1937,2026,1116,656,0.0
F1938,2021,2999,2999,0.0
F1938,2022,2131,1962,0.42
F1938,2023,2271,1866,0.22
F1938,2024,2019,1687,0.0
F1938,2025,2581,2148,0.0
F1938,2026,2240,2003,0.0
F1939,2021,1040,701,0.0
F1939,2022,777,473,0.0
F1939,2023,1222,826,0.0
F1939,2024,951,625,0.0
F1939,2025,971,854,0.0
F1939,2026,723,567,0.0
F1940,2021,831,756,0.58
F1940,2022,777,681,0.0
F1940,2023,715,579,0.43
F1940,2024,1054,1030,0.0
F1940,2025,690,585,0.0
F1940,2026,1046,1003,0.0
F1941,2021,656,331,0.0
F1941,2022,368,217,0.0
F1941,2023,644,331,0.0
F1941,2024,294,162,0.0
F1941,2025,509,307,0.0
F1941,2026,343,277,0.0
F1942,2021,566,401,0.0
F1942,2022,736,478,0.54
F1942,2023,364,221,0.0
F1942,2024,787,551,0.49
F1942,2025,335,186,0.0
F1942,2026,539,349,0.32
F1943,2021,258,258,0.45
F1943,2022,336,252,0.0
F1943,2023,284,235,0.0
F1943,2024,487,315,0.0
F1943,2025,319,279,0.0
F1943,2026,410,338,0.0
F1944,2021,2447,2327,0.0
F1944,2022,1588,1113,0.37
F1944,2023,1946,1502,0.0
F1944,2024,1722,1322,0.0
F1944,2025,1883,1754,0.3
F1944,2026,1415,908,0.0
F1945,2021,534,443,0.34
F1945,2022,630,592,0.0
F1945,2023,649,637,0.23
F1945,2024,805,779,0.0
F1945,2025,521,445,0.0
F1945,2026,610,493,0.0
F1946,2021,1919,1565,0.0
F1946,2022,1179,1147,0.0
F1946,2023,1565,1160,0.0
F1946,2024,1167,1023,0.0
F1946,2025,1775,1279,0.33
F1946,2026,841,652,0.0
F1947,2021,2685,2008,0.18
F1947,2022,1422,963,0.0
F1947,2023,2660,1686,0.39
F1947,2024,1228,726,0.0
F1947,2025,2420,1607,0.0
F1947,2026,1782,1286,0.0
F1948,2021,433,405,0.0
F1948,2022,321,275,0.0
F1948,2023,450,373,0.0
F1948,2024,355,292,0.0
F1948,2025,350,350,0.0
F1948,2026,349,284,0.0
F1949,2021,1018,720,0.0
F1949,2022,965,580,0.0
F1949,2023,912,391,0.0
F1949,2024,1188,616,0.0
F1949,2025,810,523,0.3
F1949,2026,859,552,0.55
F1950,2021,979,979,0.0
F1950,2022,695,665,0.0
F1950,2023,826,783,0.0
F1950,2024,485,400,0.26
F1950,2025,842,644,0.0
F1950,2026,510,510,0.0
F1951,2021,1526,1095,0.0
F1951,2022,742,483,0.0
F1951,2023,1291,1074,0.5
F1951,2024,669,523,0.0
F1951,2025,1000,817,0.0
F1951,2026,550,388,0.0
F1952,2021,988,843,0.0
F1952,2022,819,755,0.0
F1952,2023,881,618,0.0
F1952,2024,997,818,0.0
F1952,2025,1133,1067,0.0
F1952,2026,788,605,0.0
F1953,2021,770,661,0.0
F1953,2022,481,265,0.0
F1953,2023,783,586,0.0
F1953,2024,512,403,0.0
F1953,2025,851,707,0.0
F1953,2026,489,425,0.57
F1954,2021,968,385,0.5
F1954,2022,495,213,0.0
F1954,2023,1281,566,0.0
F1954,2024,570,258,0.0
F1954,2025,663,287,0.0
F1954,2026,406,148,0.0
F1955,2021,629,342,0.0
F1955,2022,568,284,0.0
F1955,2023,585,305,0.0
F1955,2024,779,494,0.23
F1955,2025,556,250,0.0
F1955,2026,558,345,0.0
F1956,2021,1551,1078,0.0
F1956,2022,1491,1025,0.0
F1956,2023,1504,1258,0.16
F1956,2024,1130,760,0.58
F1956,2025,930,493,0.0
F1956,2026,1710,992,0.0
F1957,2021,1297,1297,0.0
F1957,2022,1556,1497,0.0
F1957,2023,1377,1313,0.0
F1957,2024,1889,1889,0.0
F1957,2025,1081,1081,0.0
F1957,2026,1543,1425,0.0
F1958,2021,3188,2592,0.0
F1958,2022,2560,2560,0.0
F1958,2023,2374,2042,0.3
F1958,2024,2890,2549,0.0
F1958,2025,3783,2862,0.0
F1958,2026,2892,2696,0.0
F1959,2021,2461,2223,0.0
F1959,2022,2290,2274,0.0
F1959,2023,2083,1798,0.0
F1959,2024,1951,1736,0.0
F1959,2025,2190,1628,0.0
F1959,2026,2559,2211,0.0
F1960,2021,1803,1778,0.19
F1960,2022,968,770,0.0
F1960,2023,1815,1459,0.0
F1960,2024,1335,1102,0.2
F1960,2025,965,813,0.0
F1960,2026,1048,812,0.0
F1961,2021,1426,1138,0.0
F1961,2022,1764,1256,0.0
F1961,2023,1088,871,0.0
F1961,2024,1759,1465,0.0
F1961,2025,1019,740,0.0
F1961,2026,1589,1312,0.0
F1962,2021,2353,1255,0.0
F1962,2022,1495,1008,0.0
F1962,2023,1981,1065,0.0
F1962,2024,1307,728,0.0
F1962,2025,2060,1155,0.0
F1962,2026,1280,875,0.44
F1963,2021,431,428,0.0
F1963,2022,873,851,0.0
F1963,2023,662,594,0.38
F1963,2024,837,814,0.0
F1963,2025,406,334,0.0
F1963,2026,806,806,0.0
F1964,2021,509,383,0.0
F1964,2022,470,354,0.0
F1964,2023,513,309,0.0
F1964,2024,516,346,0.0
F1964,2025,584,460,0.0
F1964,2026,455,310,0.0
F1965,2021,904,687,0.0
F1965,2022,1008,948,0.56
F1965,2023,640,503,0.0
F1965,2024,709,629,0.0
F1965,2025,681,681,0.0
F1965,2026,681,482,0.0
F1966,2021,468,264,0.0
F1966,2022,278,189,0.0
F1966,2023,469,305,0.49
F1966,2024,325,228,0.0
F1966,2025,335,270,0.0
F1966,2026,297,168,0.37
F1967,2021,1081,383,0.0
F1967,2022,665,196,0.36
F1967,2023,692,356,0.0
F1967,2024,582,204,0.0
F1967,2025,955,290,0.0
F1967,2026,591,202,0.0
F1968,2021,627,533,0.0
F1968,2022,353,334,0.0
F1968,2023,438,438,0.0
F1968,2024,288,270,0.0
F1968,2025,464,378,0.0
F1968,2026,289,289,0.0
F1969,2021,1019,581,0.0
F1969,2022,598,342,0.0
F1969,2023,1157,683,0.0
F1969,2024,654,412,0.39
F1969,2025,623,317,0.0
F1969,2026,599,418,0.0
F1970,2021,1258,697,0.0
F1970,2022,658,367,0.0
F1970,2023,847,597,0.0
F1970,2024,628,224,0.0
F1970,2025,1090,571,0.22
F1970,2026,494,343,0.0
F1971,2021,579,392,0.0
F1971,2022,437,285,0.0
F1971,2023,584,362,0.0
F1971,2024,349,288,0.0
F1971,2025,508,373,0.24
F1971,2026,316,238,0.0
F1972,2021,303,263,0.0
F1972,2022,183,183,0.0
F1972,2023,308,276,0.0
F1972,2024,225,225,0.43
F1972,2025,156,132,0.0
F1972,2026,231,214,0.0
F1973,2021,4928,3762,0.0
F1973,2022,3283,2465,0.0
F1973,2023,4138,2629,0.0
F1973,2024,3555,2759,0.0
F1973,2025,4724,3020,0.0
F1973,2026,3260,2155,0.0
F1974,2021,848,462,0.0
F1974,2022,1376,747,0.0
F1974,2023,755,456,0.0
F1974,2024,1085,721,0.0
F1974,2025,843,605,0.0
F1974,2026,1229,661,0.0
F1975,2021,410,255,0.0
F1975,2022,392,186,0.0
F1975,2023,768,344,0.0
F1975,2024,390,249,0.0
F1975,2025,474,201,0.0
F1975,2026,305,149,0.0
F1976,2021,1799,1567,0.0
F1976,2022,1477,1162,0.0
F1976,2023,1735,1578,0.0
F1976,2024,1175,983,0.0
F1976,2025,1498,1406,0.44
F1976,2026,770,579,0.43
F1977,2021,1996,1405,0.0
F1977,2022,982,576,0.0
F1977,2023,1778,1013,0.0
F1977,2024,1165,619,0.0
F1977,2025,1961,1248,0.0
F1977,2026,1221,794,0.0
F1978,2021,221,166,0.34
F1978,2022,190,158,0.0
F1978,2023,250,234,0.0
F1978,2024,285,248,0.0
F1978,2025,223,174,0.0
F1978,2026,211,197,0.0
F1979,2021,715,427,0.0
F1979,2022,733,439,0.0
F1979,2023,803,434,0.0
F1979,2024,963,673,0.0
F1979,2025,860,493,0.0
F1979,2026,925,660,0.0
F1980,2021,266,100,0.0
F1980,2022,360,120,0.0
F1980,2023,287,121,0.0
F1980,2024,334,42,0.0
F1980,2025,276,71,0.0
F1980,2026,299,82,0.0
F1981,2021,920,544,0.0
F1981,2022,722,385,0.0
F1981,2023,929,542,0.0
F1981,2024,792,491,0.0
F1981,2025,574,296,0.56
F1981,2026,456,248,0.0
F1982,2021,1433,901,0.0
F1982,2022,1323,1024,0.0
F1982,2023,1586,1146,0.0
F1982,2024,1979,1559,0.0
F1982,2025,1359,813,0.19
F1982,2026,1594,1171,0.0
F1983,2021,1210,707,0.0
F1983,2022,846,513,0.0
F1983,2023,1467,632,0.0
F1983,2024,639,366,0.0
F1983,2025,1435,969,0.0
F1983,2026,818,318,0.59
F1984,2021,1350,951,0.0
F1984,2022,1252,916,0.0
F1984,2023,1401,1046,0.0
F1984,2024,1284,1162,0.0
F1984,2025,1145,876,0.0
F1984,2026,936,759,0.59
F1985,2021,1174,932,0.0
F1985,2022,834,627,0.0
F1985,2023,1015,969,0.4
F1985,2024,910,762,0.0
F1985,2025,1123,837,0.44
F1985,2026,851,689,0.0
F1986,2021,1376,838,0.0
F1986,2022,1015,677,0.0
F1986,2023,1475,950,0.0
F1986,2024,830,428,0.0
F1986,2025,1451,939,0.0
F1986,2026,990,505,0.5
F1987,2021,888,621,0.0
F1987,2022,501,434,0.0
F1987,2023,1022,868,0.0
F1987,2024,641,505,0.0
F1987,2025,782,718,0.0
F1987,2026,481,318,0.0
F1988,2021,1920,1603,0.0
F1988,2022,1633,1362,0.0
F1988,2023,1521,1273,0.0
F1988,2024,2099,1854,0.0
F1988,2025,1692,1545,0.47
F1988,2026,1453,1084,0.0
F1989,2021,1833,1165,0.0
F1989,2022,1072,603,0.0
F1989,2023,1704,1106,0.0
F1989,2024,1083,673,0.0
F1989,2025,2261,1599,0.0
F1989,2026,1222,769,0.0
F1990,2021,760,452,0.0
F1990,2022,658,347,0.0
F1990,2023,753,277,0.0
F1990,2024,484,249,0.5
F1990,2025,424,176,0.0
F1990,2026,417,209,0.0
F1991,2021,978,669,0.44
F1991,2022,725,615,0.0
F1991,2023,868,717,0.25
F1991,2024,678,583,0.44
F1991,2025,703,480,0.33
F1991,2026,573,428,0.0
F1992,2021,749,445,0.24
F1992,2022,483,280,0.0
F1992,2023,782,530,0.0
F1992,2024,548,358,0.28
F1992,2025,742,402,0.29
F1992,2026,649,315,0.0
F1993,2021,570,487,0.0
F1993,2022,608,527,0.0
F1993,2023,595,595,0.0
F1993,2024,648,607,0.0
F1993,2025,458,458,0.0
F1993,2026,543,484,0.0
F1994,2021,1396,848,0.0
F1994,2022,976,744,0.0
F1994,2023,1173,1002,0.36
F1994,2024,715,505,0.0
F1994,2025,1492,1145,0.0
F1994,2026,931,667,0.42
F1995,2021,1187,873,0.2
F1995,2022,1053,758,0.0
F1995,2023,1297,980,0.0
F1995,2024,1153,708,0.58
F1995,2025,845,571,0.0
F1995,2026,1043,833,0.34
F1996,2021,514,410,0.0
F1996,2022,319,194,0.0
F1996,2023,587,375,0.0
F1996,2024,483,404,0.16
F1996,2025,319,202,0.0
F1996,2026,382,302,0.0
F1997,2021,202,118,0.0
F1997,2022,146,94,0.0
F1997,2023,205,153,0.0
F1997,2024,154,108,0.0
F1997,2025,216,148,0.43
F1997,2026,138,104,0.0
F1998,2021,481,382,0.49
F1998,2022,400,396,0.0
F1998,2023,525,502,0.0
F1998,2024,444,384,0.0
F1998,2025,393,378,0.38
F1998,2026,454,454,0.0
F1999,2021,2268,1696,0.0
F1999,2022,1924,1878,0.46
F1999,2023,1571,1214,0.0
F1999,2024,2618,2136,0.0
F1999,2025,1322,1065,0.0
F1999,2026,1786,1341,0.0
F2000,2021,1536,1148,0.0
F2000,2022,1294,826,0.0
F2000,2023,1621,1210,0.0
F2000,2024,1129,732,0.57
F2000,2025,1075,682,0.0
F2000,2026,1126,796,0.0
